# MagicaVoxel @ Ephtracy

# group
o casa

# material
mtllib casa vox-0-casa.mtl
usemtl palette

# normals
vn -1 0 0
vn 1 0 0
vn 0 0 1
vn 0 0 -1
vn 0 -1 0
vn 0 1 0

# texcoords
vt 0.306641 0.5
vt 0.701172 0.5
vt 0.705078 0.5
vt 0.724609 0.5
vt 0.728516 0.5
vt 0.736328 0.5
vt 0.740234 0.5
vt 0.919922 0.5
vt 0.923828 0.5
vt 0.927734 0.5
vt 0.931641 0.5
vt 0.943359 0.5

# verts
v -1.8 0 0.7
v -1.8 0 0.6
v -1.8 0 0.5
v -1.8 0 0.3
v -1.8 0 0.2
v -1.8 0 0.1
v -1.8 0 -0.1
v -1.8 0 -0.2
v -1.8 0 -0.5
v -1.8 0 -0.6
v -1.8 0.1 0.7
v -1.8 0.1 0.6
v -1.8 0.1 0.5
v -1.8 0.1 0.3
v -1.8 0.1 0.2
v -1.8 0.1 0.1
v -1.8 0.1 -0.1
v -1.8 0.1 -0.2
v -1.8 0.1 -0.5
v -1.8 0.1 -0.6
v -1.8 0.2 0.7
v -1.8 0.2 -0.6
v -1.7 0.2 0.7
v -1.7 0.2 0.6
v -1.7 0.2 0.5
v -1.7 0.2 0.4
v -1.7 0.2 0.2
v -1.7 0.2 0.1
v -1.7 0.2 -0.3
v -1.7 0.2 -0.4
v -1.7 0.2 -0.5
v -1.7 0.2 -0.6
v -1.7 0.3 0.7
v -1.7 0.3 0.6
v -1.7 0.3 0.5
v -1.7 0.3 0.4
v -1.7 0.3 0.2
v -1.7 0.3 0.1
v -1.7 0.3 -0.3
v -1.7 0.3 -0.4
v -1.7 0.3 -0.5
v -1.7 0.3 -0.6
v -1.7 0.4 0.7
v -1.7 0.4 -0.6
v -1.5 0 1.4
v -1.5 0 1.3
v -1.5 0 1.2
v -1.5 0 1.1
v -1.5 0 0.8
v -1.5 0 0.7
v -1.5 0 -0.6
v -1.5 0 -0.7
v -1.5 0 -1
v -1.5 0 -1.1
v -1.5 0 -1.2
v -1.5 0 -1.3
v -1.5 0.1 1.4
v -1.5 0.1 1.3
v -1.5 0.1 1.2
v -1.5 0.1 1.1
v -1.5 0.1 1
v -1.5 0.1 0.9
v -1.5 0.1 0.8
v -1.5 0.1 0.7
v -1.5 0.1 -0.6
v -1.5 0.1 -0.7
v -1.5 0.1 -0.9
v -1.5 0.1 -1
v -1.5 0.1 -1.1
v -1.5 0.1 -1.2
v -1.5 0.1 -1.3
v -1.5 0.2 1.3
v -1.5 0.2 1.2
v -1.5 0.2 1
v -1.5 0.2 0.9
v -1.5 0.2 0.8
v -1.5 0.2 0.7
v -1.5 0.2 -0.6
v -1.5 0.2 -0.7
v -1.5 0.2 -0.9
v -1.5 0.2 -1
v -1.5 0.2 -1.2
v -1.5 0.2 -1.3
v -1.5 0.3 1.4
v -1.5 0.3 1.3
v -1.5 0.3 1.2
v -1.5 0.3 0.9
v -1.5 0.3 0.8
v -1.5 0.3 0.7
v -1.5 0.3 -0.6
v -1.5 0.3 -0.9
v -1.5 0.3 -1
v -1.5 0.3 -1.2
v -1.5 0.3 -1.3
v -1.5 0.4 1.4
v -1.5 0.4 0.7
v -1.5 0.4 -0.6
v -1.5 0.4 -1.3
v -1.4 0 1.5
v -1.4 0 1.4
v -1.4 0 -1.3
v -1.4 0 -1.4
v -1.4 0.1 1.4
v -1.4 0.1 -1.3
v -1.4 0.2 -1.3
v -1.4 0.3 1.5
v -1.4 0.3 1.4
v -1.4 0.3 -1.3
v -1.4 0.3 -1.4
v -1.4 0.4 1.5
v -1.4 0.4 1.4
v -1.4 0.4 -1.3
v -1.4 0.4 -1.4
v -1.4 1.2 1.4
v -1.4 1.2 -1.3
v -1.4 1.4 1.4
v -1.4 1.4 -1.3
v -1.3 0.4 1.2
v -1.3 0.4 1.1
v -1.3 0.4 1
v -1.3 0.4 0.9
v -1.3 0.4 0.6
v -1.3 0.4 0.5
v -1.3 0.4 0.4
v -1.3 0.4 0.3
v -1.3 0.4 -0.2
v -1.3 0.4 -0.3
v -1.3 0.4 -0.4
v -1.3 0.4 -0.5
v -1.3 0.4 -0.8
v -1.3 0.4 -1.1
v -1.3 0.5 1.2
v -1.3 0.5 1.1
v -1.3 0.5 1
v -1.3 0.5 0.9
v -1.3 0.5 0.6
v -1.3 0.5 0.5
v -1.3 0.5 0.4
v -1.3 0.5 -0.3
v -1.3 0.5 -0.4
v -1.3 0.5 -0.9
v -1.3 0.5 -1
v -1.3 0.6 1.2
v -1.3 0.6 1.1
v -1.3 0.6 1
v -1.3 0.6 0.9
v -1.3 0.6 0.6
v -1.3 0.6 0.5
v -1.3 0.6 0.4
v -1.3 0.6 0.3
v -1.3 0.6 -0.2
v -1.3 0.6 -0.3
v -1.3 0.6 -0.4
v -1.3 0.6 -0.5
v -1.3 0.6 -0.9
v -1.3 0.6 -1
v -1.3 0.6 -1.1
v -1.3 0.7 1.2
v -1.3 0.7 1.1
v -1.3 0.7 0.6
v -1.3 0.7 0.5
v -1.3 0.7 0.4
v -1.3 0.7 0.3
v -1.3 0.7 0.2
v -1.3 0.7 -0.1
v -1.3 0.7 -0.2
v -1.3 0.7 -0.3
v -1.3 0.7 -0.4
v -1.3 0.7 -0.5
v -1.3 0.7 -1
v -1.3 0.7 -1.1
v -1.3 0.8 1.1
v -1.3 0.8 1
v -1.3 0.8 0.6
v -1.3 0.8 0.5
v -1.3 0.8 0.4
v -1.3 0.8 0.3
v -1.3 0.8 0.2
v -1.3 0.8 -0.1
v -1.3 0.8 -0.2
v -1.3 0.8 -0.3
v -1.3 0.8 -0.4
v -1.3 0.8 -0.5
v -1.3 0.8 -0.8
v -1.3 0.8 -0.9
v -1.3 0.8 -1
v -1.3 0.8 -1.1
v -1.3 0.9 1.2
v -1.3 0.9 1.1
v -1.3 0.9 1
v -1.3 0.9 0.4
v -1.3 0.9 0.3
v -1.3 0.9 0.2
v -1.3 0.9 -0.1
v -1.3 0.9 -0.2
v -1.3 0.9 -0.3
v -1.3 0.9 -0.8
v -1.3 0.9 -0.9
v -1.3 0.9 -1
v -1.3 0.9 -1.1
v -1.3 1 1.2
v -1.3 1 1.1
v -1.3 1 1
v -1.3 1 0.3
v -1.3 1 0.2
v -1.3 1 -0.2
v -1.3 1 -1
v -1.3 1 -1.1
v -1.3 1.1 1.2
v -1.3 1.1 1.1
v -1.3 1.1 1
v -1.3 1.1 0.9
v -1.3 1.1 -0.8
v -1.3 1.1 -0.9
v -1.3 1.1 -1
v -1.3 1.1 -1.1
v -1.3 1.2 1.2
v -1.3 1.2 1.1
v -1.3 1.2 1
v -1.3 1.2 0.9
v -1.3 1.2 -0.8
v -1.3 1.2 -0.9
v -1.3 1.2 -1.1
v -1.3 1.4 1.2
v -1.3 1.4 -1.2
v -1.3 1.6 1.2
v -1.3 1.6 -1.2
v -1.1 0.4 0.9
v -1.1 0.4 0.6
v -1.1 0.4 0.3
v -1.1 0.4 -0.2
v -1.1 0.4 -0.5
v -1.1 0.4 -0.8
v -1.1 0.5 0.9
v -1.1 0.5 0.6
v -1.1 0.5 -0.5
v -1.1 0.5 -0.8
v -1.1 0.6 0.9
v -1.1 0.6 0.6
v -1.1 0.6 -0.5
v -1.1 0.6 -0.8
v -1.1 0.7 0.9
v -1.1 0.7 0.6
v -1.1 0.7 0.3
v -1.1 0.7 0.2
v -1.1 0.7 -0.1
v -1.1 0.7 -0.2
v -1.1 0.7 -0.5
v -1.1 0.7 -0.8
v -1.1 0.8 0.9
v -1.1 0.8 0.6
v -1.1 0.8 0.4
v -1.1 0.8 0.2
v -1.1 0.8 -0.1
v -1.1 0.8 -0.3
v -1.1 0.8 -0.5
v -1.1 0.8 -0.8
v -1.1 0.9 0.9
v -1.1 0.9 0.4
v -1.1 0.9 0.3
v -1.1 0.9 -0.2
v -1.1 0.9 -0.3
v -1.1 0.9 -0.8
v -1.1 1 0.9
v -1.1 1 0.3
v -1.1 1 -0.2
v -1.1 1 -0.8
v -1.1 1.1 0.9
v -1.1 1.1 -0.8
v -1.1 1.2 0.9
v -1.1 1.2 -0.8
v -1.1 1.6 1.1
v -1.1 1.6 -1
v -1.1 1.7 1.1
v -1.1 1.7 -1
v -1 0.3 1.1
v -1 0.3 1
v -1 0.3 0.5
v -1 0.3 0.4
v -1 0.3 -0.3
v -1 0.3 -0.4
v -1 0.4 1.1
v -1 0.7 1.1
v -1 0.7 0.5
v -1 0.7 0.4
v -1 0.7 -0.3
v -1 0.7 -0.4
v -1 0.8 1.1
v -1 1 1.1
v -1 1.1 1.1
v -1 1.2 1.1
v -1 1.2 -0.9
v -1 1.2 -1
v -1 1.2 -1.1
v -1 1.3 1.1
v -1 1.3 1
v -1 1.3 -0.9
v -1 1.3 -1.1
v -1 1.7 1
v -1 1.7 -0.9
v -1 1.8 1
v -1 1.8 -0.9
v -0.9 1.8 0.8
v -0.9 1.8 -0.8
v -0.9 2 0.8
v -0.9 2 -0.8
v -0.7 2 0.7
v -0.7 2 -0.6
v -0.7 2.1 0.7
v -0.7 2.1 -0.6
v -0.6 2.1 0.6
v -0.6 2.1 -0.5
v -0.6 2.2 0.6
v -0.6 2.2 -0.5
v -0.6 2.3 0.6
v -0.6 2.3 -0.5
v -0.5 2.3 0.4
v -0.5 2.3 -0.3
v -0.5 2.4 0.4
v -0.5 2.4 -0.3
v -0.3 1.6 -1
v -0.3 1.6 -1.1
v -0.3 1.6 -1.2
v -0.3 1.7 -0.9
v -0.3 1.7 -1
v -0.3 1.7 -1.1
v -0.3 1.7 -1.2
v -0.3 1.8 -0.8
v -0.3 1.8 -0.9
v -0.3 1.8 -1
v -0.3 1.9 -0.8
v -0.3 1.9 -0.9
v -0.3 1.9 -1
v -0.3 2 -0.8
v -0.3 2 -0.9
v -0.3 2 -1
v -0.3 2.3 1.2
v -0.3 2.3 1
v -0.3 2.3 0.9
v -0.3 2.3 0.8
v -0.3 2.3 0.7
v -0.3 2.4 1
v -0.3 2.4 0.9
v -0.3 2.4 0.8
v -0.3 2.4 0.7
v -0.3 2.5 0.9
v -0.3 2.5 0.8
v -0.3 2.6 0.9
v -0.3 2.6 0.8
v -0.3 2.7 1.1
v -0.3 2.7 1
v -0.3 2.8 1.2
v -0.3 2.8 1.1
v -0.3 2.8 1
v -0.3 2.8 0.7
v -0.2 1.5 -0.7
v -0.2 1.5 -0.9
v -0.2 1.6 1.2
v -0.2 1.6 1.1
v -0.2 1.6 -0.8
v -0.2 1.6 -0.9
v -0.2 1.7 1.1
v -0.2 1.7 1
v -0.2 1.7 -0.7
v -0.2 1.7 -0.8
v -0.2 1.8 1.1
v -0.2 1.8 1
v -0.2 1.8 0.8
v -0.2 1.9 1.2
v -0.2 1.9 1.1
v -0.2 2 1.2
v -0.2 2 1.1
v -0.2 2 0.9
v -0.2 2 0.8
v -0.2 2 0.7
v -0.2 2 -0.6
v -0.2 2 -0.7
v -0.2 2 -0.8
v -0.2 2 -0.9
v -0.2 2 -1
v -0.2 2.1 1.1
v -0.2 2.1 1
v -0.2 2.1 0.9
v -0.2 2.1 0.8
v -0.2 2.1 0.7
v -0.2 2.1 -0.6
v -0.2 2.1 -0.7
v -0.2 2.1 -0.9
v -0.2 2.1 -1
v -0.2 2.2 1.1
v -0.2 2.2 1
v -0.2 2.3 1.3
v -0.2 2.3 1.2
v -0.2 2.3 1
v -0.2 2.3 0.9
v -0.2 2.3 0.8
v -0.2 2.3 0.7
v -0.2 2.3 0.6
v -0.2 2.4 1.3
v -0.2 2.4 1.2
v -0.2 2.4 0.7
v -0.2 2.5 1.3
v -0.2 2.5 1.2
v -0.2 2.6 1.3
v -0.2 2.6 1.2
v -0.2 2.7 1.3
v -0.2 2.7 1.2
v -0.2 2.7 0.7
v -0.2 2.7 0.6
v -0.2 2.8 1.3
v -0.2 2.8 1.2
v -0.2 2.8 0.7
v -0.2 2.8 0.6
v -0.0999999 1.5 1
v -0.0999999 1.5 0.9
v -0.0999999 1.6 1
v -0.0999999 1.6 0.9
v 0.2 1.2 -0.1
v 0.2 1.2 -0.2
v 0.2 1.3 -0.1
v 0.2 1.3 -0.2
v 0.2 1.6 -0.8
v 0.2 1.6 -1.2
v 0.2 1.7 1.1
v 0.2 1.7 1
v 0.2 1.7 0.9
v 0.2 1.7 0.7
v 0.2 1.7 -1
v 0.2 1.7 -1.2
v 0.2 1.8 1
v 0.2 1.8 0.8
v 0.2 1.8 -0.9
v 0.2 1.8 -1
v 0.2 1.9 1
v 0.2 1.9 0.9
v 0.2 1.9 0.8
v 0.2 1.9 0.7
v 0.2 1.9 -0.5
v 0.2 1.9 -0.7
v 0.2 1.9 -0.8
v 0.2 1.9 -0.9
v 0.2 1.9 -1
v 0.2 2 1.1
v 0.2 2 1
v 0.2 2 0.9
v 0.2 2 -0.5
v 0.2 2 -0.6
v 0.2 2 -0.7
v 0.2 2.1 1.1
v 0.2 2.1 0.8
v 0.2 2.2 0.9
v 0.2 2.2 0.8
v 0.2 2.3 1.1
v 0.2 2.3 0.9
v 0.2 2.3 0.8
v 0.2 2.4 0.9
v 0.2 2.4 0.8
v 0.2 2.5 1.1
v 0.2 2.5 0.8
v 0.2 2.7 1.1
v 0.2 2.7 1
v 0.2 2.8 1.1
v 0.2 2.8 1
v 0.2 2.8 0.8
v 0.4 1.5 -0.9
v 0.4 1.5 -1
v 0.4 1.5 -1.1
v 0.4 1.6 -0.8
v 0.4 1.6 -0.9
v 0.4 1.6 -1
v 0.4 1.6 -1.1
v 0.4 1.7 -0.7
v 0.4 1.7 -0.8
v 0.4 1.7 -0.9
v 0.4 1.8 -0.7
v 0.4 1.8 -0.8
v 0.4 1.8 -0.9
v 0.4 1.9 -0.7
v 0.4 1.9 -0.8
v 0.5 2.2 0.3
v 0.5 2.2 -0.2
v 0.5 2.3 0.3
v 0.5 2.3 -0.2
v 0.6 2 0.5
v 0.6 2 -0.4
v 0.6 2.1 0.5
v 0.6 2.1 -0.4
v 0.6 2.2 0.5
v 0.6 2.2 0.4
v 0.6 2.2 -0.3
v 0.6 2.2 -0.4
v 0.8 1.9 0.6
v 0.8 1.9 0.2
v 0.8 1.9 -0.1
v 0.8 1.9 -0.5
v 0.8 2 0.6
v 0.8 2 0.3
v 0.8 2 0.2
v 0.8 2 -0.1
v 0.8 2 -0.2
v 0.8 2 -0.5
v 0.9 1.5 0.3
v 0.9 1.5 -0.2
v 0.9 1.6 0.2
v 0.9 1.6 -0.1
v 0.9 1.7 0.7
v 0.9 1.7 0.3
v 0.9 1.7 -0.2
v 0.9 1.7 -0.7
v 0.9 1.8 0.7
v 0.9 1.8 0.4
v 0.9 1.8 -0.3
v 0.9 1.8 -0.7
v 0.9 1.9 0.7
v 0.9 1.9 0.4
v 0.9 1.9 0.2
v 0.9 1.9 -0.1
v 0.9 1.9 -0.3
v 0.9 1.9 -0.7
v 0.9 2 0.2
v 0.9 2 -0.1
v 1 0.4 1.2
v 1 0.4 1.1
v 1 0.4 0.9
v 1 0.4 -0.8
v 1 0.4 -1
v 1 0.4 -1.1
v 1 0.5 1.1
v 1 0.5 -1
v 1 0.6 1.2
v 1 0.6 1.1
v 1 0.6 -1
v 1 0.7 1.2
v 1 0.7 1.1
v 1 0.7 -1
v 1 0.8 1.2
v 1 0.8 1.1
v 1 0.8 -1
v 1 0.8 -1.1
v 1 0.9 1.1
v 1 0.9 -1
v 1 0.9 -1.1
v 1 1 1.2
v 1 1 1.1
v 1 1 -1
v 1 1 -1.1
v 1 1.1 1.2
v 1 1.1 1.1
v 1 1.1 -1
v 1 1.1 -1.1
v 1 1.2 1.2
v 1 1.2 1.1
v 1 1.2 0.9
v 1 1.2 -0.8
v 1 1.2 -1
v 1 1.2 -1.1
v 1 1.6 0.9
v 1 1.6 0.3
v 1 1.6 -0.2
v 1 1.6 -0.8
v 1 1.7 0.9
v 1 1.7 0.8
v 1 1.7 0.3
v 1 1.7 -0.2
v 1 1.7 -0.8
v 1.2 1.2 1
v 1.2 1.2 -0.9
v 1.2 1.3 1
v 1.2 1.3 -0.9
v 1.2 1.5 1
v 1.2 1.5 0.3
v 1.2 1.5 -0.2
v 1.2 1.5 -0.9
v 1.2 1.6 1
v 1.2 1.6 0.4
v 1.2 1.6 0.3
v 1.2 1.6 -0.2
v 1.2 1.6 -0.3
v 1.2 1.6 -0.9
v 1.3 1.2 1.1
v 1.3 1.2 1
v 1.3 1.2 -0.9
v 1.3 1.2 -1
v 1.3 1.2 -1.1
v 1.3 1.3 1
v 1.3 1.3 -0.9
v 1.3 1.3 -1.1
v 1.3 1.4 1.1
v 1.3 1.4 -1.1
v 1.3 1.5 1.1
v 1.3 1.5 0.2
v 1.3 1.5 -0.1
v 1.3 1.5 -1
v 1.3 1.5 -1.1
v 1.4 0.1 -1.2
v 1.4 0.1 -1.3
v 1.4 0.3 -1.2
v 1.4 0.3 -1.3
v -1.3 0.1 -1.2
v -1.3 0.1 -1.3
v -1.3 0.2 -1.3
v -1.3 0.3 -1.2
v -1.3 0.3 -1.3
v -1.2 0.3 1.1
v -1.2 0.3 1
v -1.2 0.3 0.5
v -1.2 0.3 0.4
v -1.2 0.3 -0.3
v -1.2 0.3 -0.4
v -1.2 0.4 1.1
v -1.2 0.4 1
v -1.2 0.4 0.5
v -1.2 0.4 0.4
v -1.2 0.4 -0.3
v -1.2 0.4 -0.4
v -1.2 0.5 1.1
v -1.2 0.5 1
v -1.2 0.5 0.5
v -1.2 0.5 0.4
v -1.2 0.5 -0.3
v -1.2 0.5 -0.4
v -1.2 0.7 0.5
v -1.2 0.7 0.4
v -1.2 0.7 -0.3
v -1.2 0.7 -0.4
v -1.2 0.8 1.1
v -1.2 0.8 1
v -1.2 0.9 1.1
v -1.2 0.9 1
v -1.2 1 1.1
v -1.2 1 1
v -1.2 1.2 1.1
v -1.2 1.2 1
v -1.2 1.2 -0.9
v -1.2 1.2 -1
v -1.2 1.2 -1.1
v -1.2 1.3 1
v -1.2 1.3 0.9
v -1.2 1.3 -0.8
v -1.2 1.3 -0.9
v -1.2 1.3 -1.1
v -1.2 1.4 1.1
v -1.2 1.4 -1.1
v -1.2 1.5 1.1
v -1.2 1.5 -1.1
v -1 1.5 1
v -1 1.5 -0.9
v -1 1.6 1
v -1 1.6 -0.9
v -0.9 0.4 1.2
v -0.9 0.4 1.1
v -0.9 0.4 0.9
v -0.9 0.4 -0.8
v -0.9 0.4 -1
v -0.9 0.4 -1.1
v -0.9 0.5 1.2
v -0.9 0.5 1.1
v -0.9 0.5 -1
v -0.9 0.6 1.2
v -0.9 0.6 1.1
v -0.9 0.6 -1
v -0.9 0.7 1.2
v -0.9 0.7 1.1
v -0.9 0.7 -1
v -0.9 0.8 1.2
v -0.9 0.8 1.1
v -0.9 0.8 -1
v -0.9 0.8 -1.1
v -0.9 0.9 1.1
v -0.9 0.9 -1
v -0.9 0.9 -1.1
v -0.9 1 1.1
v -0.9 1 -1
v -0.9 1 -1.1
v -0.9 1.1 1.1
v -0.9 1.1 -1
v -0.9 1.1 -1.1
v -0.9 1.2 1.2
v -0.9 1.2 1.1
v -0.9 1.2 0.9
v -0.9 1.2 -0.8
v -0.9 1.2 -1
v -0.9 1.2 -1.1
v -0.9 1.6 0.9
v -0.9 1.6 -0.8
v -0.9 1.7 0.9
v -0.9 1.7 0.8
v -0.9 1.7 -0.8
v -0.8 1.7 0.7
v -0.8 1.7 -0.7
v -0.8 1.8 0.7
v -0.8 1.8 -0.7
v -0.8 1.9 0.7
v -0.8 1.9 -0.7
v -0.6 1.9 0.6
v -0.6 1.9 -0.5
v -0.6 2 0.6
v -0.6 2 -0.5
v -0.5 2 0.5
v -0.5 2 -0.4
v -0.5 2.1 0.5
v -0.5 2.1 -0.4
v -0.5 2.2 0.5
v -0.5 2.2 0.4
v -0.5 2.2 -0.3
v -0.5 2.2 -0.4
v -0.4 2.2 0.3
v -0.4 2.2 -0.2
v -0.4 2.3 0.3
v -0.4 2.3 -0.2
v -0.0999999 1.6 -0.8
v -0.0999999 1.6 -1
v -0.0999999 1.6 -1.1
v -0.0999999 1.6 -1.2
v -0.0999999 1.7 1.1
v -0.0999999 1.7 1
v -0.0999999 1.7 0.9
v -0.0999999 1.7 0.7
v -0.0999999 1.7 -0.9
v -0.0999999 1.7 -1
v -0.0999999 1.7 -1.1
v -0.0999999 1.7 -1.2
v -0.0999999 1.8 1.1
v -0.0999999 1.8 1
v -0.0999999 1.8 0.8
v -0.0999999 1.8 -0.9
v -0.0999999 1.8 -1
v -0.0999999 1.9 0.8
v -0.0999999 1.9 0.7
v -0.0999999 1.9 -0.5
v -0.0999999 1.9 -0.7
v -0.0999999 1.9 -0.8
v -0.0999999 1.9 -1
v -0.0999999 2 0.9
v -0.0999999 2 0.8
v -0.0999999 2 -0.5
v -0.0999999 2 -0.6
v -0.0999999 2 -0.7
v -0.0999999 2.1 1.1
v -0.0999999 2.1 1
v -0.0999999 2.1 0.9
v -0.0999999 2.1 0.8
v -0.0999999 2.2 1.1
v -0.0999999 2.2 1
v -0.0999999 2.3 1.1
v -0.0999999 2.3 0.9
v -0.0999999 2.3 0.8
v -0.0999999 2.4 0.9
v -0.0999999 2.4 0.8
v -0.0999999 2.5 1.1
v -0.0999999 2.5 0.8
v -0.0999999 2.8 1.1
v -0.0999999 2.8 0.8
v 0.1 1.2 -0.1
v 0.1 1.2 -0.2
v 0.1 1.3 -0.1
v 0.1 1.3 -0.2
v 0.2 1.5 1
v 0.2 1.5 0.9
v 0.2 1.6 1
v 0.2 1.6 0.9
v 0.2 1.7 -0.7
v 0.2 1.7 -0.8
v 0.2 1.8 -0.7
v 0.2 1.8 -0.8
v 0.3 1.5 -0.7
v 0.3 1.5 -1.1
v 0.3 1.6 1.2
v 0.3 1.6 1.1
v 0.3 1.6 -0.8
v 0.3 1.6 -0.9
v 0.3 1.6 -1
v 0.3 1.6 -1.1
v 0.3 1.7 1.2
v 0.3 1.7 1.1
v 0.3 1.7 1
v 0.3 1.7 -0.7
v 0.3 1.7 -0.8
v 0.3 1.7 -0.9
v 0.3 1.8 1.2
v 0.3 1.8 1.1
v 0.3 1.8 1
v 0.3 1.8 0.8
v 0.3 1.8 -0.7
v 0.3 1.8 -0.8
v 0.3 1.8 -0.9
v 0.3 1.9 1
v 0.3 1.9 0.9
v 0.3 1.9 -0.7
v 0.3 1.9 -0.8
v 0.3 2 1
v 0.3 2 0.9
v 0.3 2 0.8
v 0.3 2 0.7
v 0.3 2 -0.6
v 0.3 2 -0.7
v 0.3 2 -0.8
v 0.3 2 -0.9
v 0.3 2 -1
v 0.3 2.1 0.7
v 0.3 2.1 -0.6
v 0.3 2.1 -0.7
v 0.3 2.1 -0.8
v 0.3 2.1 -0.9
v 0.3 2.1 -1
v 0.3 2.2 1.2
v 0.3 2.2 1.1
v 0.3 2.2 0.9
v 0.3 2.2 0.8
v 0.3 2.3 1.3
v 0.3 2.3 1.2
v 0.3 2.3 1.1
v 0.3 2.3 0.9
v 0.3 2.3 0.8
v 0.3 2.3 0.7
v 0.3 2.3 0.6
v 0.3 2.4 1.3
v 0.3 2.4 1.2
v 0.3 2.6 1.2
v 0.3 2.6 0.7
v 0.3 2.7 1.2
v 0.3 2.7 0.7
v 0.3 2.8 1.3
v 0.3 2.8 1.2
v 0.3 2.8 0.7
v 0.3 2.8 0.6
v 0.4 1.6 -1
v 0.4 1.6 -1.1
v 0.4 1.6 -1.2
v 0.4 1.7 -0.9
v 0.4 1.7 -1
v 0.4 1.7 -1.1
v 0.4 1.7 -1.2
v 0.4 1.8 -0.8
v 0.4 1.8 -0.9
v 0.4 1.9 -0.9
v 0.4 1.9 -1
v 0.4 2 -0.8
v 0.4 2 -0.9
v 0.4 2 -1
v 0.4 2.3 1.2
v 0.4 2.3 0.7
v 0.4 2.4 1
v 0.4 2.4 0.9
v 0.4 2.5 1
v 0.4 2.5 0.9
v 0.4 2.6 1.2
v 0.4 2.6 1.1
v 0.4 2.6 0.8
v 0.4 2.6 0.7
v 0.4 2.7 1.2
v 0.4 2.7 1.1
v 0.4 2.7 0.8
v 0.4 2.7 0.7
v 0.4 2.8 1.2
v 0.4 2.8 0.8
v 0.4 2.8 0.7
v 0.6 2.3 0.4
v 0.6 2.3 -0.3
v 0.6 2.4 0.4
v 0.6 2.4 -0.3
v 0.7 2.1 0.6
v 0.7 2.1 0.3
v 0.7 2.1 0.2
v 0.7 2.1 0.1
v 0.7 2.1 0
v 0.7 2.1 -0.1
v 0.7 2.1 -0.2
v 0.7 2.1 -0.5
v 0.7 2.2 0.6
v 0.7 2.2 -0.5
v 0.7 2.3 0.6
v 0.7 2.3 -0.5
v 0.9 2 0.7
v 0.9 2 0.4
v 0.9 2 0.3
v 0.9 2 -0.2
v 0.9 2 -0.3
v 0.9 2 -0.6
v 0.9 2.1 0.7
v 0.9 2.1 0.3
v 0.9 2.1 -0.2
v 0.9 2.1 -0.6
v 1 1.6 0.2
v 1 1.6 -0.1
v 1 1.8 0.8
v 1 1.8 0.4
v 1 1.8 -0.3
v 1 1.8 -0.8
v 1 1.9 0.2
v 1 1.9 -0.1
v 1 2 0.8
v 1 2 0.4
v 1 2 -0.3
v 1 2 -0.8
v 1.1 1.2 1.1
v 1.1 1.2 -1
v 1.1 1.2 -1.1
v 1.1 1.3 1.1
v 1.1 1.3 -1.1
v 1.1 1.7 1
v 1.1 1.7 0.4
v 1.1 1.7 -0.3
v 1.1 1.7 -0.9
v 1.1 1.8 1
v 1.1 1.8 0.4
v 1.1 1.8 -0.3
v 1.1 1.8 -0.9
v 1.3 0.4 0.9
v 1.3 0.4 -0.8
v 1.3 0.5 0.9
v 1.3 0.5 -0.8
v 1.3 0.6 0.9
v 1.3 0.6 -0.8
v 1.3 0.7 0.9
v 1.3 0.7 -0.8
v 1.3 0.8 0.9
v 1.3 0.8 -0.8
v 1.3 0.9 0.9
v 1.3 0.9 -0.8
v 1.3 1 0.9
v 1.3 1 -0.8
v 1.3 1.1 0.9
v 1.3 1.1 -0.8
v 1.3 1.2 0.9
v 1.3 1.2 -0.8
v 1.3 1.6 1.1
v 1.3 1.6 0.4
v 1.3 1.6 -0.3
v 1.3 1.6 -1
v 1.3 1.7 1.1
v 1.3 1.7 0.4
v 1.3 1.7 0.3
v 1.3 1.7 0.2
v 1.3 1.7 -0.1
v 1.3 1.7 -0.2
v 1.3 1.7 -0.3
v 1.3 1.7 -1
v 1.3 1.8 0.3
v 1.3 1.8 0.2
v 1.3 1.8 -0.1
v 1.3 1.8 -0.2
v 1.3 1.8 -0.3
v 1.3 1.9 0.4
v 1.3 1.9 0.3
v 1.3 1.9 0.2
v 1.3 1.9 -0.1
v 1.3 2 0.4
v 1.3 2 0.3
v 1.3 2 0.2
v 1.3 2 0.1
v 1.3 2 -0.1
v 1.3 2 -0.2
v 1.3 2 -0.3
v 1.3 2.1 0.3
v 1.3 2.1 0.2
v 1.3 2.1 0.1
v 1.3 2.1 -0.1
v 1.3 2.1 -0.2
v 1.4 0.4 1.2
v 1.4 0.4 0.9
v 1.4 0.4 -0.8
v 1.4 0.4 -0.9
v 1.4 0.4 -1
v 1.4 0.4 -1.1
v 1.4 0.5 1.2
v 1.4 0.5 1.1
v 1.4 0.5 -0.9
v 1.4 0.5 -1
v 1.4 0.6 1.2
v 1.4 0.6 1.1
v 1.4 0.6 1
v 1.4 0.6 0.9
v 1.4 0.6 -0.8
v 1.4 0.6 -0.9
v 1.4 0.6 -1
v 1.4 0.6 -1.1
v 1.4 0.7 1.2
v 1.4 0.7 1.1
v 1.4 0.7 1
v 1.4 0.7 0.9
v 1.4 0.7 -0.8
v 1.4 0.7 -0.9
v 1.4 0.7 -1
v 1.4 0.7 -1.1
v 1.4 0.8 1.2
v 1.4 0.8 1.1
v 1.4 0.8 -0.8
v 1.4 0.8 -0.9
v 1.4 0.8 -1
v 1.4 0.8 -1.1
v 1.4 0.9 -0.8
v 1.4 0.9 -0.9
v 1.4 0.9 -1
v 1.4 0.9 -1.1
v 1.4 1 1.2
v 1.4 1 1.1
v 1.4 1 -0.8
v 1.4 1 -0.9
v 1.4 1 -1
v 1.4 1.1 1.2
v 1.4 1.1 1.1
v 1.4 1.1 1
v 1.4 1.1 -0.8
v 1.4 1.1 -0.9
v 1.4 1.1 -1
v 1.4 1.2 1.2
v 1.4 1.2 1.1
v 1.4 1.2 1
v 1.4 1.2 0.9
v 1.4 1.2 -0.8
v 1.4 1.2 -1.1
v 1.4 1.4 1.2
v 1.4 1.4 -1.2
v 1.4 1.6 1.2
v 1.4 1.6 0.4
v 1.4 1.6 0.3
v 1.4 1.6 0.2
v 1.4 1.6 -0.1
v 1.4 1.6 -0.2
v 1.4 1.6 -0.3
v 1.4 1.6 -1.2
v 1.4 1.7 0.4
v 1.4 1.7 0.3
v 1.4 1.7 0.2
v 1.4 1.7 -0.1
v 1.4 1.7 -0.2
v 1.4 1.7 -0.3
v 1.5 0 1.5
v 1.5 0 1.4
v 1.5 0 -1.3
v 1.5 0 -1.4
v 1.5 0.1 -1.3
v 1.5 0.1 -1.4
v 1.5 0.2 1.5
v 1.5 0.2 1.4
v 1.5 0.2 -1.3
v 1.5 0.2 -1.4
v 1.5 0.3 1.5
v 1.5 0.3 1.4
v 1.5 0.3 -1.3
v 1.5 0.3 -1.4
v 1.5 0.4 1.5
v 1.5 0.4 1.4
v 1.5 0.4 -1.3
v 1.5 0.4 -1.4
v 1.5 1.2 1.4
v 1.5 1.2 -1.3
v 1.5 1.4 1.4
v 1.5 1.4 -1.3
v 1.7 0 1.4
v 1.7 0 1.1
v 1.7 0 1
v 1.7 0 0.8
v 1.7 0 0.7
v 1.7 0 0.5
v 1.7 0 0.4
v 1.7 0 0
v 1.7 0 -0.1
v 1.7 0 -0.2
v 1.7 0 -0.3
v 1.7 0 -0.7
v 1.7 0 -0.8
v 1.7 0 -1.1
v 1.7 0 -1.2
v 1.7 0 -1.3
v 1.7 0.1 1.4
v 1.7 0.1 1.3
v 1.7 0.1 1.1
v 1.7 0.1 1
v 1.7 0.1 0.8
v 1.7 0.1 0.7
v 1.7 0.1 0.5
v 1.7 0.1 0.4
v 1.7 0.1 0.3
v 1.7 0.1 0.2
v 1.7 0.1 0.1
v 1.7 0.1 0
v 1.7 0.1 -0.1
v 1.7 0.1 -0.2
v 1.7 0.1 -0.3
v 1.7 0.1 -0.4
v 1.7 0.1 -0.7
v 1.7 0.1 -0.8
v 1.7 0.1 -1.1
v 1.7 0.1 -1.2
v 1.7 0.1 -1.3
v 1.7 0.2 1.4
v 1.7 0.2 1.3
v 1.7 0.2 1.2
v 1.7 0.2 1.1
v 1.7 0.2 1
v 1.7 0.2 0.8
v 1.7 0.2 0.7
v 1.7 0.2 0.5
v 1.7 0.2 0.4
v 1.7 0.2 0.3
v 1.7 0.2 0.2
v 1.7 0.2 0.1
v 1.7 0.2 0
v 1.7 0.2 -0.1
v 1.7 0.2 -0.2
v 1.7 0.2 -0.3
v 1.7 0.2 -0.4
v 1.7 0.2 -0.5
v 1.7 0.2 -0.9
v 1.7 0.2 -1
v 1.7 0.2 -1.1
v 1.7 0.2 -1.2
v 1.7 0.2 -1.3
v 1.7 0.3 1.4
v 1.7 0.3 1.3
v 1.7 0.3 1.2
v 1.7 0.3 1.1
v 1.7 0.3 1
v 1.7 0.3 0.5
v 1.7 0.3 0.4
v 1.7 0.3 0
v 1.7 0.3 -0.1
v 1.7 0.3 -0.2
v 1.7 0.3 -0.4
v 1.7 0.3 -0.5
v 1.7 0.3 -0.9
v 1.7 0.3 -1
v 1.7 0.3 -1.1
v 1.7 0.3 -1.2
v 1.7 0.3 -1.3
v 1.7 0.4 1.4
v 1.7 0.4 -1.3
v -1.4 0 1.5
v -1.4 0.3 1.5
v -1.4 0.4 1.5
v -1.3 0.1 1.5
v -1.3 0.2 1.5
v -1.3 0.3 1.5
v -1.3 0.4 1.5
v -1.2 0 1.5
v -1.2 0.1 1.5
v -1.2 0.2 1.5
v -1.2 0.3 1.5
v -1.2 0.4 1.5
v -1.1 0 1.5
v -1.1 0.1 1.5
v -1.1 0.2 1.5
v -1.1 0.3 1.5
v -1.1 0.4 1.5
v -1 0.2 1.5
v -1 0.3 1.5
v -1 0.4 1.5
v -0.9 0.2 1.5
v -0.9 0.3 1.5
v -0.9 0.4 1.5
v -0.8 0 1.5
v -0.8 0.1 1.5
v -0.8 0.2 1.5
v -0.8 0.3 1.5
v -0.8 0.4 1.5
v -0.7 0 1.5
v -0.7 0.1 1.5
v -0.7 0.3 1.5
v -0.7 0.4 1.5
v -0.6 0.2 1.5
v -0.6 0.3 1.5
v -0.6 0.4 1.5
v -0.5 0 1.5
v -0.5 0.1 1.5
v -0.5 0.2 1.5
v -0.5 0.3 1.5
v -0.5 0.4 1.5
v -0.4 0 1.5
v -0.4 0.1 1.5
v -0.4 0.2 1.5
v -0.4 0.3 1.5
v -0.4 0.4 1.5
v -0.3 0.1 1.5
v -0.3 0.2 1.5
v -0.3 0.3 1.5
v -0.3 0.4 1.5
v -0.2 0.2 1.5
v -0.2 0.3 1.5
v -0.2 0.4 1.5
v -0.0999999 0 1.5
v -0.0999999 0.1 1.5
v -0.0999999 0.2 1.5
v -0.0999999 0.3 1.5
v -0.0999999 0.4 1.5
v 0 0 1.5
v 0 0.1 1.5
v 0 0.2 1.5
v 0 0.3 1.5
v 0 0.4 1.5
v 0.1 0 1.5
v 0.1 0.1 1.5
v 0.1 0.2 1.5
v 0.1 0.3 1.5
v 0.1 0.4 1.5
v 0.2 0 1.5
v 0.2 0.1 1.5
v 0.2 0.2 1.5
v 0.2 0.3 1.5
v 0.2 0.4 1.5
v 0.3 0 1.5
v 0.3 0.1 1.5
v 0.3 0.2 1.5
v 0.3 0.3 1.5
v 0.3 0.4 1.5
v 0.4 0 1.5
v 0.4 0.1 1.5
v 0.4 0.2 1.5
v 0.4 0.3 1.5
v 0.4 0.4 1.5
v 0.5 0.2 1.5
v 0.5 0.3 1.5
v 0.5 0.4 1.5
v 0.6 0.2 1.5
v 0.6 0.3 1.5
v 0.6 0.4 1.5
v 0.7 0 1.5
v 0.7 0.1 1.5
v 0.7 0.3 1.5
v 0.7 0.4 1.5
v 0.8 0 1.5
v 0.8 0.1 1.5
v 0.8 0.2 1.5
v 0.8 0.3 1.5
v 0.8 0.4 1.5
v 0.9 0.1 1.5
v 0.9 0.2 1.5
v 0.9 0.3 1.5
v 0.9 0.4 1.5
v 1 0.2 1.5
v 1 0.3 1.5
v 1 0.4 1.5
v 1.1 0 1.5
v 1.1 0.1 1.5
v 1.1 0.3 1.5
v 1.1 0.4 1.5
v 1.2 0 1.5
v 1.2 0.1 1.5
v 1.2 0.2 1.5
v 1.2 0.3 1.5
v 1.2 0.4 1.5
v 1.3 0.1 1.5
v 1.3 0.2 1.5
v 1.3 0.3 1.5
v 1.3 0.4 1.5
v 1.4 0.2 1.5
v 1.4 0.3 1.5
v 1.4 0.4 1.5
v 1.5 0 1.5
v 1.5 0.2 1.5
v 1.5 0.3 1.5
v 1.5 0.4 1.5
v -1.5 0 1.4
v -1.5 0.1 1.4
v -1.5 0.3 1.4
v -1.5 0.4 1.4
v -1.4 0 1.4
v -1.4 0.1 1.4
v -1.4 0.3 1.4
v -1.4 0.4 1.4
v -1.4 1.2 1.4
v -1.4 1.4 1.4
v 1.5 0 1.4
v 1.5 0.2 1.4
v 1.5 0.3 1.4
v 1.5 0.4 1.4
v 1.5 1.2 1.4
v 1.5 1.4 1.4
v 1.6 0.1 1.4
v 1.6 0.2 1.4
v 1.6 0.3 1.4
v 1.6 0.4 1.4
v 1.7 0 1.4
v 1.7 0.1 1.4
v 1.7 0.2 1.4
v 1.7 0.3 1.4
v 1.7 0.4 1.4
v -0.2 2.3 1.3
v -0.2 2.4 1.3
v -0.2 2.5 1.3
v -0.2 2.6 1.3
v -0.2 2.7 1.3
v -0.2 2.8 1.3
v -0.0999999 2.4 1.3
v -0.0999999 2.5 1.3
v -0.0999999 2.6 1.3
v -0.0999999 2.7 1.3
v 0.1 2.5 1.3
v 0.1 2.6 1.3
v 0.2 2.3 1.3
v 0.2 2.4 1.3
v 0.2 2.5 1.3
v 0.2 2.6 1.3
v 0.3 2.3 1.3
v 0.3 2.4 1.3
v 0.3 2.8 1.3
v -1.3 0.4 1.2
v -1.3 0.5 1.2
v -1.3 0.6 1.2
v -1.3 0.7 1.2
v -1.3 0.9 1.2
v -1.3 1 1.2
v -1.3 1.1 1.2
v -1.3 1.2 1.2
v -1.3 1.4 1.2
v -1.3 1.6 1.2
v -1.2 0.4 1.2
v -1.2 0.5 1.2
v -1.2 0.6 1.2
v -1.2 0.7 1.2
v -1.2 0.9 1.2
v -1.2 1 1.2
v -1.2 1.1 1.2
v -1.2 1.2 1.2
v -1.1 0.4 1.2
v -1.1 0.7 1.2
v -1.1 0.8 1.2
v -1.1 1 1.2
v -1.1 1.1 1.2
v -1 0.4 1.2
v -1 0.5 1.2
v -1 0.6 1.2
v -1 0.7 1.2
v -1 0.8 1.2
v -1 1 1.2
v -1 1.1 1.2
v -0.9 0.4 1.2
v -0.9 0.5 1.2
v -0.9 0.6 1.2
v -0.9 0.7 1.2
v -0.9 0.8 1.2
v -0.9 1.2 1.2
v -0.3 2.3 1.2
v -0.3 2.8 1.2
v -0.2 1.6 1.2
v -0.2 1.9 1.2
v -0.2 2 1.2
v -0.2 2.3 1.2
v -0.2 2.4 1.2
v -0.2 2.5 1.2
v -0.2 2.6 1.2
v -0.2 2.7 1.2
v -0.2 2.8 1.2
v -0.0999999 1.9 1.2
v -0.0999999 2 1.2
v -0.0999999 2.1 1.2
v -0.0999999 2.2 1.2
v 0 1.6 1.2
v 0 1.7 1.2
v 0 1.8 1.2
v 0 2.1 1.2
v 0 2.2 1.2
v 0.1 1.6 1.2
v 0.1 1.7 1.2
v 0.1 1.8 1.2
v 0.1 2 1.2
v 0.1 2.1 1.2
v 0.2 1.7 1.2
v 0.2 1.8 1.2
v 0.2 2 1.2
v 0.2 2.1 1.2
v 0.2 2.2 1.2
v 0.2 2.3 1.2
v 0.3 1.6 1.2
v 0.3 1.7 1.2
v 0.3 1.8 1.2
v 0.3 2.2 1.2
v 0.3 2.3 1.2
v 0.3 2.4 1.2
v 0.3 2.6 1.2
v 0.3 2.7 1.2
v 0.3 2.8 1.2
v 0.4 2.3 1.2
v 0.4 2.6 1.2
v 0.4 2.7 1.2
v 0.4 2.8 1.2
v 1 0.4 1.2
v 1 0.6 1.2
v 1 0.7 1.2
v 1 0.8 1.2
v 1 1 1.2
v 1 1.1 1.2
v 1 1.2 1.2
v 1.1 0.4 1.2
v 1.1 0.6 1.2
v 1.1 0.7 1.2
v 1.1 0.8 1.2
v 1.1 0.9 1.2
v 1.1 1 1.2
v 1.1 1.1 1.2
v 1.2 0.4 1.2
v 1.2 0.5 1.2
v 1.2 0.8 1.2
v 1.2 0.9 1.2
v 1.2 1 1.2
v 1.3 0.4 1.2
v 1.3 0.5 1.2
v 1.3 0.6 1.2
v 1.3 0.7 1.2
v 1.3 0.8 1.2
v 1.3 0.9 1.2
v 1.3 1 1.2
v 1.3 1.1 1.2
v 1.4 0.4 1.2
v 1.4 0.5 1.2
v 1.4 0.6 1.2
v 1.4 0.7 1.2
v 1.4 0.8 1.2
v 1.4 1 1.2
v 1.4 1.1 1.2
v 1.4 1.2 1.2
v 1.4 1.4 1.2
v 1.4 1.6 1.2
v -1.1 1.6 1.1
v -1.1 1.7 1.1
v -0.9 0.4 1.1
v -0.9 0.5 1.1
v -0.9 0.6 1.1
v -0.9 0.7 1.1
v -0.9 0.8 1.1
v -0.9 0.9 1.1
v -0.9 1 1.1
v -0.9 1.1 1.1
v -0.9 1.2 1.1
v -0.8 0.4 1.1
v -0.7 0.4 1.1
v -0.6 0.4 1.1
v -0.5 0.4 1.1
v -0.4 0.4 1.1
v -0.3 0.4 1.1
v -0.2 0.4 1.1
v -0.2 1.6 1.1
v -0.2 1.7 1.1
v -0.0999999 0.4 1.1
v 0 0.4 1.1
v 0.1 0.4 1.1
v 0.2 0.4 1.1
v 0.3 0.4 1.1
v 0.3 1.6 1.1
v 0.3 1.7 1.1
v 0.4 0.4 1.1
v 0.5 0.4 1.1
v 0.6 0.4 1.1
v 0.7 0.4 1.1
v 0.8 0.4 1.1
v 0.9 0.4 1.1
v 1 0.4 1.1
v 1 0.5 1.1
v 1 0.6 1.1
v 1 0.7 1.1
v 1 0.8 1.1
v 1 0.9 1.1
v 1 1 1.1
v 1 1.1 1.1
v 1 1.2 1.1
v 1.3 1.6 1.1
v 1.3 1.7 1.1
v -1.2 0.3 1
v -1.2 0.4 1
v -1.2 0.5 1
v -1.2 0.8 1
v -1.2 0.9 1
v -1.2 1 1
v -1.2 1.2 1
v -1.2 1.3 1
v -1.1 0.4 1
v -1.1 1.2 1
v -1 0.3 1
v -1 1.3 1
v -1 1.7 1
v -1 1.8 1
v -0.2 1.7 1
v -0.2 1.8 1
v 0.3 1.7 1
v 0.3 1.8 1
v 1.1 1.7 1
v 1.1 1.8 1
v 1.2 1.2 1
v 1.2 1.3 1
v 1.3 1.2 1
v 1.3 1.3 1
v -0.9 1.8 0.8
v -0.9 2 0.8
v -0.2 1.8 0.8
v -0.2 2 0.8
v -0.0999999 1.9 0.8
v -0.0999999 2 0.8
v -0.0999999 2.1 0.8
v -0.0999999 2.3 0.8
v -0.0999999 2.4 0.8
v -0.0999999 2.5 0.8
v -0.0999999 2.8 0.8
v 0.2 1.9 0.8
v 0.2 2.1 0.8
v 0.2 2.2 0.8
v 0.2 2.3 0.8
v 0.2 2.4 0.8
v 0.2 2.5 0.8
v 0.2 2.8 0.8
v 0.3 1.8 0.8
v 0.3 2 0.8
v 1 1.8 0.8
v 1 2 0.8
v -1.8 0 0.7
v -1.8 0.1 0.7
v -1.8 0.2 0.7
v -1.7 0 0.7
v -1.7 0.1 0.7
v -1.7 0.2 0.7
v -1.7 0.3 0.7
v -1.7 0.4 0.7
v -1.6 0 0.7
v -1.6 0.1 0.7
v -1.6 0.2 0.7
v -1.6 0.3 0.7
v -1.5 0 0.7
v -1.5 0.1 0.7
v -1.5 0.2 0.7
v -1.5 0.3 0.7
v -1.5 0.4 0.7
v -0.7 2 0.7
v -0.7 2.1 0.7
v -0.2 2 0.7
v -0.2 2.1 0.7
v 0.3 2 0.7
v 0.3 2.1 0.7
v 0.9 2 0.7
v 0.9 2.1 0.7
v -1.3 0.4 0.6
v -1.3 0.5 0.6
v -1.3 0.6 0.6
v -1.3 0.7 0.6
v -1.3 0.8 0.6
v -1.2 0.4 0.6
v -1.2 0.5 0.6
v -1.2 0.6 0.6
v -1.2 0.7 0.6
v -1.2 0.8 0.6
v -1.1 0.4 0.6
v -1.1 0.5 0.6
v -1.1 0.6 0.6
v -1.1 0.7 0.6
v -1.1 0.8 0.6
v -0.6 2.1 0.6
v -0.6 2.2 0.6
v -0.6 2.3 0.6
v -0.2 2.3 0.6
v 0.3 2.3 0.6
v 0.7 2.1 0.6
v 0.7 2.2 0.6
v 0.7 2.3 0.6
v -1.3 0.8 0.4
v -1.3 0.9 0.4
v -1.2 0.3 0.4
v -1.2 0.4 0.4
v -1.2 0.5 0.4
v -1.2 0.7 0.4
v -1.2 0.8 0.4
v -1.2 0.9 0.4
v -1.1 0.4 0.4
v -1.1 0.7 0.4
v -1.1 0.8 0.4
v -1.1 0.9 0.4
v -1 0.3 0.4
v -1 0.7 0.4
v -0.5 2.3 0.4
v -0.5 2.4 0.4
v 0.6 2.3 0.4
v 0.6 2.4 0.4
v 1 1.8 0.4
v 1 2 0.4
v 1.1 1.7 0.4
v 1.1 1.8 0.4
v 1.2 1.9 0.4
v 1.2 2 0.4
v 1.3 1.6 0.4
v 1.3 1.7 0.4
v 1.3 1.9 0.4
v 1.3 2 0.4
v 1.4 1.6 0.4
v 1.4 1.7 0.4
v -1.3 0.9 0.3
v -1.3 1 0.3
v -1.2 0.9 0.3
v -1.2 1 0.3
v -1.1 0.9 0.3
v -1.1 1 0.3
v 0.9 1.5 0.3
v 0.9 1.7 0.3
v 0.9 2 0.3
v 0.9 2.1 0.3
v 1 1.6 0.3
v 1 1.7 0.3
v 1 2 0.3
v 1.2 1.5 0.3
v 1.2 1.6 0.3
v 1.2 2 0.3
v 1.2 2.1 0.3
v 1.3 2 0.3
v 1.3 2.1 0.3
v -1.3 0.7 -0.1
v -1.3 0.8 -0.1
v -1.2 0.8 -0.1
v -1.1 0.7 -0.1
v -1.1 0.8 -0.1
v 0.8 1.9 -0.1
v 0.8 2 -0.1
v 0.9 1.9 -0.1
v 0.9 2 -0.1
v 1 1.6 -0.1
v 1 1.9 -0.1
v 1.2 1.7 -0.1
v 1.2 1.8 -0.1
v 1.3 1.6 -0.1
v 1.3 1.7 -0.1
v 1.3 1.8 -0.1
v 1.3 1.9 -0.1
v 1.4 1.6 -0.1
v 1.4 1.7 -0.1
v -1.3 0.4 -0.2
v -1.3 0.6 -0.2
v -1.3 0.7 -0.2
v -1.2 0.6 -0.2
v -1.2 0.7 -0.2
v -1.1 0.4 -0.2
v -1.1 0.7 -0.2
v -0.4 2.2 -0.2
v -0.4 2.3 -0.2
v 0.1 1.2 -0.2
v 0.1 1.3 -0.2
v 0.2 1.2 -0.2
v 0.2 1.3 -0.2
v 0.5 2.2 -0.2
v 0.5 2.3 -0.2
v -1.2 0.3 -0.4
v -1.2 0.4 -0.4
v -1.2 0.5 -0.4
v -1.2 0.7 -0.4
v -1.1 0.4 -0.4
v -1.1 0.7 -0.4
v -1 0.3 -0.4
v -1 0.7 -0.4
v -0.5 2 -0.4
v -0.5 2.1 -0.4
v -0.5 2.2 -0.4
v 0.6 2 -0.4
v 0.6 2.1 -0.4
v 0.6 2.2 -0.4
v -0.6 1.9 -0.5
v -0.6 2 -0.5
v -0.0999999 1.9 -0.5
v -0.0999999 2 -0.5
v 0.2 1.9 -0.5
v 0.2 2 -0.5
v 0.7 2 -0.5
v 0.8 1.9 -0.5
v 0.8 2 -0.5
v -0.8 1.7 -0.7
v -0.8 1.8 -0.7
v -0.8 1.9 -0.7
v -0.3 1.8 -0.7
v -0.3 1.9 -0.7
v -0.2 1.5 -0.7
v -0.2 1.7 -0.7
v -0.2 1.9 -0.7
v -0.0999999 1.6 -0.7
v -0.0999999 1.9 -0.7
v -0.0999999 2 -0.7
v 0.1 2 -0.7
v 0.2 1.6 -0.7
v 0.2 1.7 -0.7
v 0.2 1.8 -0.7
v 0.2 1.9 -0.7
v 0.2 2 -0.7
v 0.3 1.5 -0.7
v 0.3 1.7 -0.7
v 0.3 1.8 -0.7
v 0.3 1.9 -0.7
v 0.4 1.7 -0.7
v 0.4 1.8 -0.7
v 0.4 1.9 -0.7
v 0.9 1.7 -0.7
v 0.9 1.8 -0.7
v 0.9 1.9 -0.7
v -1.3 0.4 -0.8
v -1.3 0.8 -0.8
v -1.3 0.9 -0.8
v -1.3 1.1 -0.8
v -1.3 1.2 -0.8
v -1.2 0.4 -0.8
v -1.2 0.8 -0.8
v -1.2 0.9 -0.8
v -1.2 1.1 -0.8
v -1.2 1.2 -0.8
v -1.1 0.4 -0.8
v -1.1 0.5 -0.8
v -1.1 0.6 -0.8
v -1.1 0.7 -0.8
v -1.1 0.8 -0.8
v -1.1 0.9 -0.8
v -1.1 1 -0.8
v -1.1 1.1 -0.8
v -1.1 1.2 -0.8
v -0.9 0.4 -0.8
v -0.9 1.2 -0.8
v -0.9 1.6 -0.8
v -0.9 1.7 -0.8
v -0.2 1.6 -0.8
v -0.2 1.7 -0.8
v 0.2 1.7 -0.8
v 0.2 1.8 -0.8
v 0.3 1.7 -0.8
v 0.3 1.8 -0.8
v 0.3 1.9 -0.8
v 0.4 1.6 -0.8
v 0.4 1.7 -0.8
v 0.4 1.8 -0.8
v 0.4 1.9 -0.8
v 1 0.4 -0.8
v 1 1.2 -0.8
v 1 1.6 -0.8
v 1 1.7 -0.8
v 1.3 0.4 -0.8
v 1.3 0.5 -0.8
v 1.3 0.6 -0.8
v 1.3 0.7 -0.8
v 1.3 0.8 -0.8
v 1.3 0.9 -0.8
v 1.3 1 -0.8
v 1.3 1.1 -0.8
v 1.3 1.2 -0.8
v 1.4 0.4 -0.8
v 1.4 0.6 -0.8
v 1.4 0.7 -0.8
v 1.4 0.8 -0.8
v 1.4 0.9 -0.8
v 1.4 1 -0.8
v 1.4 1.1 -0.8
v 1.4 1.2 -0.8
v -1 1.5 -0.9
v -1 1.6 -0.9
v -0.2 1.5 -0.9
v -0.2 1.6 -0.9
v 0.3 1.6 -0.9
v 0.3 1.7 -0.9
v 0.3 1.8 -0.9
v 0.4 1.5 -0.9
v 0.4 1.6 -0.9
v 0.4 1.7 -0.9
v 0.4 1.8 -0.9
v 1.1 1.6 -0.9
v 1.2 1.5 -0.9
v 1.2 1.6 -0.9
v -1.2 1.2 -1.1
v -1.2 1.3 -1.1
v -1.2 1.4 -1.1
v -1.2 1.5 -1.1
v -1 1.2 -1.1
v -1 1.3 -1.1
v -0.9 1.3 -1.1
v -0.3 1.5 -1.1
v -0.0999999 1.5 -1.1
v 0.2 1.5 -1.1
v 0.3 1.5 -1.1
v 0.3 1.6 -1.1
v 0.4 1.5 -1.1
v 0.4 1.6 -1.1
v 1 1.3 -1.1
v 1.1 1.2 -1.1
v 1.1 1.3 -1.1
v 1.2 1.2 -1.1
v 1.3 1.2 -1.1
v 1.3 1.3 -1.1
v 1.3 1.4 -1.1
v 1.3 1.5 -1.1
v -1.3 0.1 -1.3
v -1.3 0.2 -1.3
v -1.3 0.3 -1.3
v -1.2 0.1 -1.3
v -1.2 0.2 -1.3
v -1.2 0.3 -1.3
v -1.1 0.2 -1.3
v -1.1 0.3 -1.3
v -1 0.3 -1.3
v -0.9 0.2 -1.3
v -0.9 0.3 -1.3
v -0.8 0.2 -1.3
v -0.8 0.3 -1.3
v -0.7 0.3 -1.3
v -0.6 0.2 -1.3
v -0.6 0.3 -1.3
v -0.5 0.2 -1.3
v -0.5 0.3 -1.3
v -0.4 0.1 -1.3
v -0.4 0.2 -1.3
v -0.4 0.3 -1.3
v -0.3 0.1 -1.3
v -0.3 0.2 -1.3
v -0.3 0.3 -1.3
v -0.2 0.2 -1.3
v -0.2 0.3 -1.3
v -0.0999999 0.2 -1.3
v -0.0999999 0.3 -1.3
v 0 0.3 -1.3
v 0.1 0.2 -1.3
v 0.1 0.3 -1.3
v 0.2 0.1 -1.3
v 0.2 0.2 -1.3
v 0.2 0.3 -1.3
v 0.3 0.1 -1.3
v 0.3 0.2 -1.3
v 0.3 0.3 -1.3
v 0.4 0.2 -1.3
v 0.4 0.3 -1.3
v 0.5 0.2 -1.3
v 0.5 0.3 -1.3
v 0.6 0.1 -1.3
v 0.6 0.2 -1.3
v 0.6 0.3 -1.3
v 0.7 0.1 -1.3
v 0.7 0.2 -1.3
v 0.7 0.3 -1.3
v 0.8 0.3 -1.3
v 0.9 0.3 -1.3
v 1 0.2 -1.3
v 1 0.3 -1.3
v 1.1 0.2 -1.3
v 1.1 0.3 -1.3
v 1.2 0.1 -1.3
v 1.2 0.2 -1.3
v 1.2 0.3 -1.3
v 1.3 0.1 -1.3
v 1.3 0.2 -1.3
v 1.3 0.3 -1.3
v 1.4 0.1 -1.3
v 1.4 0.3 -1.3
v -1.2 0.3 1.1
v -1.2 0.4 1.1
v -1.2 0.5 1.1
v -1.2 0.8 1.1
v -1.2 0.9 1.1
v -1.2 1 1.1
v -1.2 1.2 1.1
v -1.2 1.4 1.1
v -1.2 1.5 1.1
v -1.1 0.7 1.1
v -1.1 0.8 1.1
v -1.1 1 1.1
v -1.1 1.1 1.1
v -1.1 1.5 1.1
v -1 0.3 1.1
v -1 0.4 1.1
v -1 0.7 1.1
v -1 0.8 1.1
v -1 1 1.1
v -1 1.1 1.1
v -1 1.2 1.1
v -1 1.3 1.1
v -0.0999999 1.7 1.1
v -0.0999999 1.8 1.1
v -0.0999999 2.1 1.1
v -0.0999999 2.2 1.1
v -0.0999999 2.3 1.1
v -0.0999999 2.5 1.1
v -0.0999999 2.8 1.1
v 0 1.7 1.1
v 0 1.8 1.1
v 0 2.1 1.1
v 0 2.2 1.1
v 0.1 1.7 1.1
v 0.1 1.8 1.1
v 0.1 2 1.1
v 0.1 2.1 1.1
v 0.2 1.7 1.1
v 0.2 2 1.1
v 0.2 2.1 1.1
v 0.2 2.3 1.1
v 0.2 2.5 1.1
v 0.2 2.7 1.1
v 0.2 2.8 1.1
v 1.1 1.2 1.1
v 1.1 1.3 1.1
v 1.3 1.2 1.1
v 1.3 1.4 1.1
v 1.3 1.5 1.1
v -1 1.5 1
v -1 1.6 1
v -0.0999999 1.5 1
v -0.0999999 1.6 1
v 0.2 1.5 1
v 0.2 1.6 1
v 1.1 1.6 1
v 1.2 1.5 1
v 1.2 1.6 1
v -1.3 0.4 0.9
v -1.3 0.5 0.9
v -1.3 0.6 0.9
v -1.3 1.1 0.9
v -1.3 1.2 0.9
v -1.2 0.4 0.9
v -1.2 0.5 0.9
v -1.2 0.6 0.9
v -1.2 1.1 0.9
v -1.2 1.2 0.9
v -1.1 0.4 0.9
v -1.1 0.5 0.9
v -1.1 0.6 0.9
v -1.1 0.7 0.9
v -1.1 0.8 0.9
v -1.1 0.9 0.9
v -1.1 1 0.9
v -1.1 1.1 0.9
v -1.1 1.2 0.9
v -0.9 0.4 0.9
v -0.9 1.2 0.9
v -0.9 1.6 0.9
v -0.9 1.7 0.9
v -0.2 1.7 0.9
v -0.0999999 1.5 0.9
v -0.0999999 1.6 0.9
v -0.0999999 1.7 0.9
v -0.0999999 2.3 0.9
v -0.0999999 2.4 0.9
v 0.2 1.5 0.9
v 0.2 1.6 0.9
v 0.2 1.7 0.9
v 0.2 2.3 0.9
v 0.2 2.4 0.9
v 0.3 1.7 0.9
v 1 0.4 0.9
v 1 1.2 0.9
v 1 1.6 0.9
v 1 1.7 0.9
v 1.3 0.4 0.9
v 1.3 0.5 0.9
v 1.3 0.6 0.9
v 1.3 0.7 0.9
v 1.3 0.8 0.9
v 1.3 0.9 0.9
v 1.3 1 0.9
v 1.3 1.1 0.9
v 1.3 1.2 0.9
v 1.4 0.4 0.9
v 1.4 0.6 0.9
v 1.4 0.7 0.9
v 1.4 1.2 0.9
v -0.8 1.7 0.7
v -0.8 1.8 0.7
v -0.8 1.9 0.7
v -0.3 2.3 0.7
v -0.3 2.4 0.7
v -0.3 2.8 0.7
v -0.2 1.8 0.7
v -0.2 1.9 0.7
v -0.2 2.1 0.7
v -0.2 2.3 0.7
v -0.2 2.4 0.7
v -0.2 2.7 0.7
v -0.2 2.8 0.7
v -0.0999999 1.7 0.7
v -0.0999999 1.9 0.7
v 0.2 1.7 0.7
v 0.2 1.9 0.7
v 0.3 1.8 0.7
v 0.3 1.9 0.7
v 0.3 2.1 0.7
v 0.3 2.3 0.7
v 0.3 2.6 0.7
v 0.3 2.7 0.7
v 0.3 2.8 0.7
v 0.4 2.3 0.7
v 0.4 2.6 0.7
v 0.4 2.7 0.7
v 0.4 2.8 0.7
v 0.9 1.7 0.7
v 0.9 1.8 0.7
v 0.9 1.9 0.7
v -0.6 1.9 0.6
v -0.6 2 0.6
v -0.2 2.3 0.6
v -0.2 2.7 0.6
v -0.2 2.8 0.6
v -0.0999999 2.6 0.6
v -0.0999999 2.7 0.6
v -0.0999999 2.8 0.6
v 0 2.6 0.6
v 0 2.7 0.6
v 0.1 2.4 0.6
v 0.1 2.5 0.6
v 0.2 2.4 0.6
v 0.2 2.5 0.6
v 0.3 2.3 0.6
v 0.3 2.8 0.6
v 0.7 2 0.6
v 0.8 1.9 0.6
v 0.8 2 0.6
v -1.2 0.3 0.5
v -1.2 0.4 0.5
v -1.2 0.5 0.5
v -1.2 0.7 0.5
v -1.1 0.4 0.5
v -1.1 0.7 0.5
v -1 0.3 0.5
v -1 0.7 0.5
v -0.5 2 0.5
v -0.5 2.1 0.5
v -0.5 2.2 0.5
v 0.6 2 0.5
v 0.6 2.1 0.5
v 0.6 2.2 0.5
v -1.3 0.4 0.3
v -1.3 0.6 0.3
v -1.3 0.7 0.3
v -1.2 0.6 0.3
v -1.2 0.7 0.3
v -1.1 0.4 0.3
v -1.1 0.7 0.3
v -0.4 2.2 0.3
v -0.4 2.3 0.3
v 0.5 2.2 0.3
v 0.5 2.3 0.3
v -1.3 0.7 0.2
v -1.3 0.8 0.2
v -1.2 0.8 0.2
v -1.1 0.7 0.2
v -1.1 0.8 0.2
v 0.8 1.9 0.2
v 0.8 2 0.2
v 0.9 1.9 0.2
v 0.9 2 0.2
v 1 1.6 0.2
v 1 1.9 0.2
v 1.2 1.7 0.2
v 1.2 1.8 0.2
v 1.3 1.7 0.2
v 1.3 1.8 0.2
v 1.3 1.9 0.2
v 1.4 1.6 0.2
v 1.4 1.7 0.2
v 0.1 1.2 -0.1
v 0.1 1.3 -0.1
v 0.2 1.2 -0.1
v 0.2 1.3 -0.1
v -1.3 0.9 -0.2
v -1.3 1 -0.2
v -1.1 0.9 -0.2
v -1.1 1 -0.2
v 0.9 1.5 -0.2
v 0.9 1.7 -0.2
v 0.9 2 -0.2
v 0.9 2.1 -0.2
v 1 1.6 -0.2
v 1 1.7 -0.2
v 1.1 2 -0.2
v 1.2 1.5 -0.2
v 1.2 1.6 -0.2
v 1.2 2 -0.2
v 1.2 2.1 -0.2
v 1.3 2 -0.2
v 1.3 2.1 -0.2
v -1.3 0.8 -0.3
v -1.3 0.9 -0.3
v -1.2 0.3 -0.3
v -1.2 0.4 -0.3
v -1.2 0.5 -0.3
v -1.2 0.7 -0.3
v -1.2 0.8 -0.3
v -1.1 0.4 -0.3
v -1.1 0.7 -0.3
v -1.1 0.8 -0.3
v -1.1 0.9 -0.3
v -1 0.3 -0.3
v -1 0.7 -0.3
v -0.5 2.3 -0.3
v -0.5 2.4 -0.3
v 0.6 2.3 -0.3
v 0.6 2.4 -0.3
v 1 1.8 -0.3
v 1 2 -0.3
v 1.1 1.7 -0.3
v 1.1 1.8 -0.3
v 1.1 1.9 -0.3
v 1.1 2 -0.3
v 1.2 1.7 -0.3
v 1.2 1.8 -0.3
v 1.2 1.9 -0.3
v 1.2 2 -0.3
v 1.3 1.6 -0.3
v 1.3 1.7 -0.3
v 1.3 1.8 -0.3
v 1.3 2 -0.3
v 1.4 1.6 -0.3
v 1.4 1.7 -0.3
v -1.3 0.4 -0.5
v -1.3 0.6 -0.5
v -1.3 0.7 -0.5
v -1.3 0.8 -0.5
v -1.2 0.4 -0.5
v -1.2 0.6 -0.5
v -1.2 0.7 -0.5
v -1.1 0.4 -0.5
v -1.1 0.5 -0.5
v -1.1 0.6 -0.5
v -1.1 0.7 -0.5
v -1.1 0.8 -0.5
v -0.6 2.1 -0.5
v -0.6 2.2 -0.5
v -0.6 2.3 -0.5
v -0.2 2.1 -0.5
v 0.1 2.1 -0.5
v 0.2 2.1 -0.5
v 0.3 2.1 -0.5
v 0.7 2.1 -0.5
v 0.7 2.2 -0.5
v 0.7 2.3 -0.5
v -1.8 0 -0.6
v -1.8 0.1 -0.6
v -1.8 0.2 -0.6
v -1.7 0 -0.6
v -1.7 0.1 -0.6
v -1.7 0.2 -0.6
v -1.7 0.3 -0.6
v -1.7 0.4 -0.6
v -1.6 0.1 -0.6
v -1.6 0.2 -0.6
v -1.5 0 -0.6
v -1.5 0.1 -0.6
v -1.5 0.2 -0.6
v -1.5 0.3 -0.6
v -1.5 0.4 -0.6
v -0.7 2 -0.6
v -0.7 2.1 -0.6
v -0.3 2 -0.6
v -0.2 2 -0.6
v -0.2 2.1 -0.6
v 0.3 2 -0.6
v 0.3 2.1 -0.6
v 0.4 2 -0.6
v 0.9 2 -0.6
v 0.9 2.1 -0.6
v -0.9 1.8 -0.8
v -0.9 2 -0.8
v -0.3 1.8 -0.8
v -0.3 1.9 -0.8
v -0.3 2 -0.8
v -0.0999999 1.6 -0.8
v -0.0999999 1.9 -0.8
v 0.2 1.6 -0.8
v 0.2 1.9 -0.8
v 0.4 1.8 -0.8
v 0.4 2 -0.8
v 1 1.8 -0.8
v 1 2 -0.8
v -1.2 1.2 -0.9
v -1.2 1.3 -0.9
v -1 1.2 -0.9
v -1 1.3 -0.9
v -1 1.7 -0.9
v -1 1.8 -0.9
v -0.3 1.7 -0.9
v -0.3 1.8 -0.9
v 0.4 1.7 -0.9
v 0.4 1.8 -0.9
v 1.1 1.7 -0.9
v 1.1 1.8 -0.9
v 1.2 1.2 -0.9
v 1.2 1.3 -0.9
v 1.3 1.2 -0.9
v 1.3 1.3 -0.9
v -1.1 1.6 -1
v -1.1 1.7 -1
v -0.9 0.4 -1
v -0.9 0.5 -1
v -0.9 0.6 -1
v -0.9 0.7 -1
v -0.9 0.8 -1
v -0.9 0.9 -1
v -0.9 1 -1
v -0.9 1.1 -1
v -0.9 1.2 -1
v -0.8 0.4 -1
v -0.7 0.4 -1
v -0.6 0.4 -1
v -0.5 0.4 -1
v -0.4 0.4 -1
v -0.3 0.4 -1
v -0.3 1.6 -1
v -0.3 1.7 -1
v -0.3 1.8 -1
v -0.3 1.9 -1
v -0.3 2 -1
v -0.2 0.4 -1
v -0.2 1.7 -1
v -0.2 1.8 -1
v -0.2 1.9 -1
v -0.2 2 -1
v -0.2 2.1 -1
v -0.0999999 0.4 -1
v -0.0999999 1.7 -1
v -0.0999999 1.8 -1
v -0.0999999 1.9 -1
v -0.0999999 2 -1
v -0.0999999 2.1 -1
v 0 0.4 -1
v 0 2 -1
v 0 2.1 -1
v 0.1 0.4 -1
v 0.2 0.4 -1
v 0.2 1.7 -1
v 0.2 1.8 -1
v 0.2 1.9 -1
v 0.2 2 -1
v 0.2 2.1 -1
v 0.3 0.4 -1
v 0.3 1.8 -1
v 0.3 1.9 -1
v 0.3 2 -1
v 0.3 2.1 -1
v 0.4 0.4 -1
v 0.4 1.6 -1
v 0.4 1.7 -1
v 0.4 1.9 -1
v 0.4 2 -1
v 0.5 0.4 -1
v 0.6 0.4 -1
v 0.7 0.4 -1
v 0.8 0.4 -1
v 0.9 0.4 -1
v 1 0.4 -1
v 1 0.5 -1
v 1 0.6 -1
v 1 0.7 -1
v 1 0.8 -1
v 1 0.9 -1
v 1 1 -1
v 1 1.1 -1
v 1 1.2 -1
v 1.3 1.6 -1
v 1.3 1.7 -1
v -1.3 0.4 -1.1
v -1.3 0.6 -1.1
v -1.3 0.7 -1.1
v -1.3 0.8 -1.1
v -1.3 0.9 -1.1
v -1.3 1 -1.1
v -1.3 1.1 -1.1
v -1.3 1.2 -1.1
v -1.2 0.4 -1.1
v -1.2 0.6 -1.1
v -1.2 0.7 -1.1
v -1.2 0.8 -1.1
v -1.2 0.9 -1.1
v -1.2 1 -1.1
v -1.2 1.1 -1.1
v -1.1 0.4 -1.1
v -1.1 0.5 -1.1
v -1.1 0.6 -1.1
v -1.1 0.7 -1.1
v -1 0.4 -1.1
v -1 0.5 -1.1
v -1 0.6 -1.1
v -1 0.7 -1.1
v -1 0.8 -1.1
v -1 0.9 -1.1
v -1 1 -1.1
v -1 1.1 -1.1
v -1 1.2 -1.1
v -0.9 0.4 -1.1
v -0.9 0.8 -1.1
v -0.9 0.9 -1.1
v -0.9 1 -1.1
v -0.9 1.1 -1.1
v -0.9 1.2 -1.1
v 1 0.4 -1.1
v 1 0.8 -1.1
v 1 0.9 -1.1
v 1 1 -1.1
v 1 1.1 -1.1
v 1 1.2 -1.1
v 1.1 0.4 -1.1
v 1.1 0.5 -1.1
v 1.1 0.6 -1.1
v 1.1 0.8 -1.1
v 1.1 0.9 -1.1
v 1.1 1 -1.1
v 1.1 1.1 -1.1
v 1.1 1.2 -1.1
v 1.2 0.4 -1.1
v 1.2 0.5 -1.1
v 1.2 0.6 -1.1
v 1.2 0.8 -1.1
v 1.2 0.9 -1.1
v 1.2 1.1 -1.1
v 1.2 1.2 -1.1
v 1.3 0.4 -1.1
v 1.3 0.5 -1.1
v 1.3 0.6 -1.1
v 1.3 0.7 -1.1
v 1.3 0.8 -1.1
v 1.3 0.9 -1.1
v 1.4 0.4 -1.1
v 1.4 0.6 -1.1
v 1.4 0.7 -1.1
v 1.4 0.8 -1.1
v 1.4 0.9 -1.1
v 1.4 1.2 -1.1
v -1.3 0.1 -1.2
v -1.3 0.3 -1.2
v -1.3 1.4 -1.2
v -1.3 1.6 -1.2
v -1.2 0.3 -1.2
v -1.1 0.3 -1.2
v -1 0.3 -1.2
v -0.9 0.3 -1.2
v -0.8 0.3 -1.2
v -0.7 0.3 -1.2
v -0.6 0.3 -1.2
v -0.5 0.3 -1.2
v -0.4 0.3 -1.2
v -0.3 0.3 -1.2
v -0.3 1.6 -1.2
v -0.3 1.7 -1.2
v -0.2 0.3 -1.2
v -0.2 1.6 -1.2
v -0.2 1.7 -1.2
v -0.0999999 0.3 -1.2
v -0.0999999 1.6 -1.2
v -0.0999999 1.7 -1.2
v 0 0.3 -1.2
v 0.1 0.3 -1.2
v 0.2 0.3 -1.2
v 0.2 1.6 -1.2
v 0.2 1.7 -1.2
v 0.3 0.3 -1.2
v 0.3 1.6 -1.2
v 0.3 1.7 -1.2
v 0.4 0.3 -1.2
v 0.4 1.6 -1.2
v 0.4 1.7 -1.2
v 0.5 0.3 -1.2
v 0.6 0.3 -1.2
v 0.7 0.3 -1.2
v 0.8 0.3 -1.2
v 0.9 0.3 -1.2
v 1 0.3 -1.2
v 1.1 0.3 -1.2
v 1.2 0.3 -1.2
v 1.3 0.3 -1.2
v 1.4 0.1 -1.2
v 1.4 0.3 -1.2
v 1.4 1.4 -1.2
v 1.4 1.6 -1.2
v -1.5 0 -1.3
v -1.5 0.1 -1.3
v -1.5 0.2 -1.3
v -1.5 0.3 -1.3
v -1.5 0.4 -1.3
v -1.4 0 -1.3
v -1.4 0.1 -1.3
v -1.4 0.2 -1.3
v -1.4 0.3 -1.3
v -1.4 0.4 -1.3
v -1.4 1.2 -1.3
v -1.4 1.4 -1.3
v 1.5 0 -1.3
v 1.5 0.1 -1.3
v 1.5 0.2 -1.3
v 1.5 0.3 -1.3
v 1.5 0.4 -1.3
v 1.5 1.2 -1.3
v 1.5 1.4 -1.3
v 1.6 0 -1.3
v 1.6 0.1 -1.3
v 1.6 0.2 -1.3
v 1.6 0.3 -1.3
v 1.6 0.4 -1.3
v 1.7 0 -1.3
v 1.7 0.1 -1.3
v 1.7 0.2 -1.3
v 1.7 0.3 -1.3
v 1.7 0.4 -1.3
v -1.4 0 -1.4
v -1.4 0.3 -1.4
v -1.4 0.4 -1.4
v -1.3 0.1 -1.4
v -1.3 0.2 -1.4
v -1.3 0.3 -1.4
v -1.3 0.4 -1.4
v -1.2 0.1 -1.4
v -1.2 0.2 -1.4
v -1.2 0.3 -1.4
v -1.2 0.4 -1.4
v -1.1 0 -1.4
v -1.1 0.1 -1.4
v -1.1 0.2 -1.4
v -1.1 0.3 -1.4
v -1.1 0.4 -1.4
v -1 0 -1.4
v -1 0.1 -1.4
v -1 0.3 -1.4
v -1 0.4 -1.4
v -0.9 0 -1.4
v -0.9 0.1 -1.4
v -0.9 0.2 -1.4
v -0.9 0.3 -1.4
v -0.9 0.4 -1.4
v -0.8 0 -1.4
v -0.8 0.1 -1.4
v -0.8 0.2 -1.4
v -0.8 0.3 -1.4
v -0.8 0.4 -1.4
v -0.7 0 -1.4
v -0.7 0.1 -1.4
v -0.7 0.3 -1.4
v -0.7 0.4 -1.4
v -0.6 0 -1.4
v -0.6 0.1 -1.4
v -0.6 0.2 -1.4
v -0.6 0.3 -1.4
v -0.6 0.4 -1.4
v -0.5 0.2 -1.4
v -0.5 0.3 -1.4
v -0.5 0.4 -1.4
v -0.4 0.1 -1.4
v -0.4 0.2 -1.4
v -0.4 0.3 -1.4
v -0.4 0.4 -1.4
v -0.3 0 -1.4
v -0.3 0.1 -1.4
v -0.3 0.2 -1.4
v -0.3 0.3 -1.4
v -0.3 0.4 -1.4
v -0.2 0 -1.4
v -0.2 0.1 -1.4
v -0.2 0.2 -1.4
v -0.2 0.3 -1.4
v -0.2 0.4 -1.4
v -0.0999999 0.2 -1.4
v -0.0999999 0.3 -1.4
v -0.0999999 0.4 -1.4
v 0 0.3 -1.4
v 0 0.4 -1.4
v 0.1 0 -1.4
v 0.1 0.1 -1.4
v 0.1 0.2 -1.4
v 0.1 0.3 -1.4
v 0.1 0.4 -1.4
v 0.2 0 -1.4
v 0.2 0.1 -1.4
v 0.2 0.2 -1.4
v 0.2 0.3 -1.4
v 0.2 0.4 -1.4
v 0.3 0.1 -1.4
v 0.3 0.2 -1.4
v 0.3 0.3 -1.4
v 0.3 0.4 -1.4
v 0.4 0.2 -1.4
v 0.4 0.3 -1.4
v 0.4 0.4 -1.4
v 0.5 0 -1.4
v 0.5 0.1 -1.4
v 0.5 0.2 -1.4
v 0.5 0.3 -1.4
v 0.5 0.4 -1.4
v 0.6 0 -1.4
v 0.6 0.1 -1.4
v 0.6 0.2 -1.4
v 0.6 0.3 -1.4
v 0.6 0.4 -1.4
v 0.7 0.1 -1.4
v 0.7 0.2 -1.4
v 0.7 0.3 -1.4
v 0.7 0.4 -1.4
v 0.8 0.3 -1.4
v 0.8 0.4 -1.4
v 0.9 0 -1.4
v 0.9 0.1 -1.4
v 0.9 0.3 -1.4
v 0.9 0.4 -1.4
v 1 0 -1.4
v 1 0.1 -1.4
v 1 0.2 -1.4
v 1 0.3 -1.4
v 1 0.4 -1.4
v 1.1 0.2 -1.4
v 1.1 0.3 -1.4
v 1.1 0.4 -1.4
v 1.2 0.1 -1.4
v 1.2 0.2 -1.4
v 1.2 0.3 -1.4
v 1.2 0.4 -1.4
v 1.3 0.1 -1.4
v 1.3 0.2 -1.4
v 1.3 0.3 -1.4
v 1.3 0.4 -1.4
v 1.4 0.1 -1.4
v 1.4 0.2 -1.4
v 1.4 0.3 -1.4
v 1.4 0.4 -1.4
v 1.5 0 -1.4
v 1.5 0.1 -1.4
v 1.5 0.2 -1.4
v 1.5 0.3 -1.4
v 1.5 0.4 -1.4
v -1.4 0 1.5
v -1.2 0 1.5
v -1.1 0 1.5
v -0.8 0 1.5
v -0.7 0 1.5
v -0.5 0 1.5
v -0.4 0 1.5
v -0.0999999 0 1.5
v 0 0 1.5
v 0.1 0 1.5
v 0.2 0 1.5
v 0.3 0 1.5
v 0.4 0 1.5
v 0.7 0 1.5
v 0.8 0 1.5
v 1.1 0 1.5
v 1.2 0 1.5
v 1.5 0 1.5
v -1.5 0 1.4
v -1.4 0 1.4
v -1.2 0 1.4
v -1.1 0 1.4
v -0.8 0 1.4
v -0.7 0 1.4
v -0.5 0 1.4
v -0.4 0 1.4
v -0.0999999 0 1.4
v 0 0 1.4
v 0.1 0 1.4
v 0.2 0 1.4
v 0.3 0 1.4
v 0.4 0 1.4
v 0.7 0 1.4
v 0.8 0 1.4
v 1.1 0 1.4
v 1.2 0 1.4
v 1.5 0 1.4
v 1.7 0 1.4
v -1.5 0 1.3
v -1.4 0 1.3
v 1.5 0 1.3
v 1.6 0 1.3
v -1.5 0 1.2
v -1.4 0 1.2
v -1.5 0 1.1
v -1.4 0 1.1
v 1.6 0 1.1
v 1.7 0 1.1
v 1.6 0 1
v 1.7 0 1
v -1.5 0 0.8
v -1.4 0 0.8
v 1.6 0 0.8
v 1.7 0 0.8
v -1.8 0 0.7
v -1.7 0 0.7
v -1.6 0 0.7
v -1.5 0 0.7
v -1.4 0 0.7
v 1.6 0 0.7
v 1.7 0 0.7
v -1.8 0 0.6
v -1.7 0 0.6
v -1.6 0 0.6
v -1.5 0 0.6
v -1.8 0 0.5
v -1.7 0 0.5
v 1.6 0 0.5
v 1.7 0 0.5
v 1.6 0 0.4
v 1.7 0 0.4
v -1.8 0 0.3
v -1.7 0 0.3
v -1.8 0 0.2
v -1.7 0 0.2
v -1.8 0 0.1
v -1.7 0 0.1
v 1.6 0 0
v 1.7 0 0
v -1.8 0 -0.1
v -1.7 0 -0.1
v 1.6 0 -0.1
v 1.7 0 -0.1
v -1.8 0 -0.2
v -1.7 0 -0.2
v 1.6 0 -0.2
v 1.7 0 -0.2
v 1.6 0 -0.3
v 1.7 0 -0.3
v -1.8 0 -0.5
v -1.7 0 -0.5
v -1.5 0 -0.5
v -1.8 0 -0.6
v -1.7 0 -0.6
v -1.5 0 -0.6
v -1.4 0 -0.6
v -1.5 0 -0.7
v -1.4 0 -0.7
v 1.6 0 -0.7
v 1.7 0 -0.7
v 1.6 0 -0.8
v 1.7 0 -0.8
v -1.5 0 -1
v -1.4 0 -1
v -1.5 0 -1.1
v -1.4 0 -1.1
v 1.6 0 -1.1
v 1.7 0 -1.1
v -1.5 0 -1.2
v -1.4 0 -1.2
v 1.6 0 -1.2
v 1.7 0 -1.2
v -1.5 0 -1.3
v -1.4 0 -1.3
v -1.1 0 -1.3
v -1 0 -1.3
v -0.9 0 -1.3
v -0.8 0 -1.3
v -0.7 0 -1.3
v -0.6 0 -1.3
v -0.3 0 -1.3
v -0.2 0 -1.3
v 0.1 0 -1.3
v 0.2 0 -1.3
v 0.5 0 -1.3
v 0.6 0 -1.3
v 0.9 0 -1.3
v 1 0 -1.3
v 1.5 0 -1.3
v 1.6 0 -1.3
v 1.7 0 -1.3
v -1.4 0 -1.4
v -1.1 0 -1.4
v -1 0 -1.4
v -0.9 0 -1.4
v -0.8 0 -1.4
v -0.7 0 -1.4
v -0.6 0 -1.4
v -0.3 0 -1.4
v -0.2 0 -1.4
v 0.1 0 -1.4
v 0.2 0 -1.4
v 0.5 0 -1.4
v 0.6 0 -1.4
v 0.9 0 -1.4
v 1 0 -1.4
v 1.5 0 -1.4
v -1.3 0.3 -1.2
v -1.2 0.3 -1.2
v -1.1 0.3 -1.2
v -1 0.3 -1.2
v -0.9 0.3 -1.2
v -0.8 0.3 -1.2
v -0.7 0.3 -1.2
v -0.6 0.3 -1.2
v -0.5 0.3 -1.2
v -0.4 0.3 -1.2
v -0.3 0.3 -1.2
v -0.2 0.3 -1.2
v -0.0999999 0.3 -1.2
v 0 0.3 -1.2
v 0.1 0.3 -1.2
v 0.2 0.3 -1.2
v 0.3 0.3 -1.2
v 0.4 0.3 -1.2
v 0.5 0.3 -1.2
v 0.6 0.3 -1.2
v 0.7 0.3 -1.2
v 0.8 0.3 -1.2
v 0.9 0.3 -1.2
v 1 0.3 -1.2
v 1.1 0.3 -1.2
v 1.2 0.3 -1.2
v 1.3 0.3 -1.2
v 1.4 0.3 -1.2
v -1.3 0.3 -1.3
v -1.2 0.3 -1.3
v -1.1 0.3 -1.3
v -1 0.3 -1.3
v -0.9 0.3 -1.3
v -0.8 0.3 -1.3
v -0.7 0.3 -1.3
v -0.6 0.3 -1.3
v -0.5 0.3 -1.3
v -0.4 0.3 -1.3
v -0.3 0.3 -1.3
v -0.2 0.3 -1.3
v -0.0999999 0.3 -1.3
v 0 0.3 -1.3
v 0.1 0.3 -1.3
v 0.2 0.3 -1.3
v 0.3 0.3 -1.3
v 0.4 0.3 -1.3
v 0.5 0.3 -1.3
v 0.6 0.3 -1.3
v 0.7 0.3 -1.3
v 0.8 0.3 -1.3
v 0.9 0.3 -1.3
v 1 0.3 -1.3
v 1.1 0.3 -1.3
v 1.2 0.3 -1.3
v 1.3 0.3 -1.3
v 1.4 0.3 -1.3
v -1.2 0.7 0.5
v -1.1 0.7 0.5
v -1 0.7 0.5
v -1.2 0.7 0.4
v -1.1 0.7 0.4
v -1 0.7 0.4
v -1.3 0.7 0.3
v -1.2 0.7 0.3
v -1.1 0.7 0.3
v -1.3 0.7 0.2
v -1.1 0.7 0.2
v -1.3 0.7 -0.1
v -1.1 0.7 -0.1
v -1.3 0.7 -0.2
v -1.2 0.7 -0.2
v -1.1 0.7 -0.2
v -1.2 0.7 -0.3
v -1.1 0.7 -0.3
v -1 0.7 -0.3
v -1.2 0.7 -0.4
v -1.1 0.7 -0.4
v -1 0.7 -0.4
v -1.3 0.8 0.2
v -1.2 0.8 0.2
v -1.1 0.8 0.2
v -1.3 0.8 -0.1
v -1.2 0.8 -0.1
v -1.1 0.8 -0.1
v -1.4 1.2 1.4
v 1.5 1.2 1.4
v -1.3 1.2 1.3
v 1.4 1.2 1.3
v -1.3 1.2 1.2
v -1.2 1.2 1.2
v -0.9 1.2 1.2
v 1 1.2 1.2
v 1.4 1.2 1.2
v -1.3 1.2 1.1
v -0.9 1.2 1.1
v 1 1.2 1.1
v 1.4 1.2 1.1
v -1.3 1.2 1
v 1.4 1.2 1
v -1.3 1.2 0.9
v -1.2 1.2 0.9
v -1.1 1.2 0.9
v -0.9 1.2 0.9
v 1 1.2 0.9
v 1.3 1.2 0.9
v 1.4 1.2 0.9
v 0.1 1.2 -0.1
v 0.2 1.2 -0.1
v 0.1 1.2 -0.2
v 0.2 1.2 -0.2
v -1.3 1.2 -0.8
v -1.2 1.2 -0.8
v -1.1 1.2 -0.8
v -0.9 1.2 -0.8
v 1 1.2 -0.8
v 1.3 1.2 -0.8
v 1.4 1.2 -0.8
v -1.3 1.2 -0.9
v -0.9 1.2 -1
v 1 1.2 -1
v -1.3 1.2 -1.1
v -1 1.2 -1.1
v -0.9 1.2 -1.1
v 1 1.2 -1.1
v 1.1 1.2 -1.1
v 1.2 1.2 -1.1
v 1.4 1.2 -1.1
v -1.3 1.2 -1.2
v 1.4 1.2 -1.2
v -1.4 1.2 -1.3
v 1.5 1.2 -1.3
v -1.2 1.5 1.1
v -1.1 1.5 1.1
v 1.3 1.5 1.1
v -1 1.5 1
v -0.0999999 1.5 1
v 0.2 1.5 1
v 1.2 1.5 1
v -0.0999999 1.5 0.9
v 0.2 1.5 0.9
v 0.9 1.5 0.3
v 1.2 1.5 0.3
v 1 1.5 0.2
v 1.3 1.5 0.2
v 1 1.5 -0.1
v 1.3 1.5 -0.1
v 0.9 1.5 -0.2
v 1.2 1.5 -0.2
v -0.2 1.5 -0.7
v 0.3 1.5 -0.7
v -0.0999999 1.5 -0.8
v 0.2 1.5 -0.8
v -1 1.5 -0.9
v -0.2 1.5 -0.9
v 0.4 1.5 -0.9
v 1.2 1.5 -0.9
v -1.1 1.5 -1
v -0.3 1.5 -1
v 0.4 1.5 -1
v 1.3 1.5 -1
v -1.2 1.5 -1.1
v -0.3 1.5 -1.1
v -0.0999999 1.5 -1.1
v 0.2 1.5 -1.1
v 0.3 1.5 -1.1
v 0.4 1.5 -1.1
v 1.3 1.5 -1.1
v -1 1.6 1
v -0.0999999 1.6 1
v 0.2 1.6 1
v 1.1 1.6 1
v 1.2 1.6 1
v -0.9 1.6 0.9
v -0.0999999 1.6 0.9
v 0.2 1.6 0.9
v 1 1.6 0.9
v 1.1 1.6 0.4
v 1.2 1.6 0.4
v 1 1.6 0.3
v 1.2 1.6 0.3
v 1 1.6 -0.2
v 1.2 1.6 -0.2
v 1.1 1.6 -0.3
v 1.2 1.6 -0.3
v -0.9 1.6 -0.8
v -0.2 1.6 -0.8
v 0.4 1.6 -0.8
v 1 1.6 -0.8
v -1 1.6 -0.9
v -0.2 1.6 -0.9
v 0.3 1.6 -0.9
v 0.4 1.6 -0.9
v 1.1 1.6 -0.9
v 1.2 1.6 -0.9
v 0.3 1.6 -1
v 0.4 1.6 -1
v 0.3 1.6 -1.1
v 0.4 1.6 -1.1
v -0.9 1.7 0.9
v -0.2 1.7 0.9
v -0.0999999 1.7 0.9
v 0.2 1.7 0.9
v 0.3 1.7 0.9
v 1 1.7 0.9
v -0.9 1.7 0.8
v -0.2 1.7 0.8
v 0.3 1.7 0.8
v 1 1.7 0.8
v -0.8 1.7 0.7
v -0.0999999 1.7 0.7
v 0.2 1.7 0.7
v 0.9 1.7 0.7
v 0.9 1.7 0.3
v 1 1.7 0.3
v 0.9 1.7 -0.2
v 1 1.7 -0.2
v -0.8 1.7 -0.7
v -0.2 1.7 -0.7
v 0.4 1.7 -0.7
v 0.9 1.7 -0.7
v -0.9 1.7 -0.8
v -0.2 1.7 -0.8
v 0.4 1.7 -0.8
v 1 1.7 -0.8
v 0.2 1.8 -0.7
v 0.3 1.8 -0.7
v 0.2 1.8 -0.8
v 0.3 1.8 -0.8
v 0.4 1.8 -0.8
v 0.3 1.8 -0.9
v 0.4 1.8 -0.9
v -0.0999999 1.9 0.8
v 0.2 1.9 0.8
v -0.8 1.9 0.7
v -0.2 1.9 0.7
v -0.0999999 1.9 0.7
v 0.2 1.9 0.7
v 0.3 1.9 0.7
v 0.9 1.9 0.7
v -0.6 1.9 0.6
v 0.8 1.9 0.6
v 0.9 1.9 0.4
v 0.8 1.9 0.2
v 0.9 1.9 0.2
v 1 1.9 0.2
v 1.3 1.9 0.2
v 0.8 1.9 -0.1
v 0.9 1.9 -0.1
v 1 1.9 -0.1
v 1.3 1.9 -0.1
v 0.9 1.9 -0.3
v -0.6 1.9 -0.5
v -0.0999999 1.9 -0.5
v 0.2 1.9 -0.5
v 0.8 1.9 -0.5
v -0.3 1.9 -0.6
v -0.2 1.9 -0.6
v 0.3 1.9 -0.6
v 0.4 1.9 -0.6
v -0.8 1.9 -0.7
v -0.3 1.9 -0.7
v -0.2 1.9 -0.7
v -0.0999999 1.9 -0.7
v 0.2 1.9 -0.7
v 0.3 1.9 -0.7
v 0.4 1.9 -0.7
v 0.9 1.9 -0.7
v -0.0999999 1.9 -0.8
v 0.2 1.9 -0.8
v 0.3 1.9 -0.8
v 0.4 1.9 -0.8
v 0.2 1.9 -0.9
v -0.0999999 1.9 -1
v 0.2 1.9 -1
v -0.6 2 0.6
v 0.7 2 0.6
v 0.8 2 0.6
v -0.5 2 0.5
v 0.6 2 0.5
v 0.7 2 0.3
v 0.8 2 0.3
v 0.7 2 0.2
v 0.8 2 0.2
v 0.9 2 0.2
v 0.7 2 0.1
v 0.8 2 0.1
v 0.7 2 0
v 0.8 2 0
v 0.7 2 -0.1
v 0.8 2 -0.1
v 0.9 2 -0.1
v 0.7 2 -0.2
v 0.8 2 -0.2
v -0.5 2 -0.4
v 0.6 2 -0.4
v -0.6 2 -0.5
v -0.0999999 2 -0.5
v 0.1 2 -0.5
v 0.2 2 -0.5
v 0.7 2 -0.5
v 0.8 2 -0.5
v -0.0999999 2 -0.6
v 0.1 2 -0.6
v 0.2 2 -0.6
v -0.0999999 2 -0.7
v 0.1 2 -0.7
v 0.2 2 -0.7
v -0.5 2.2 0.5
v 0.6 2.2 0.5
v -0.5 2.2 0.4
v 0.6 2.2 0.4
v -0.4 2.2 0.3
v 0.5 2.2 0.3
v -0.4 2.2 -0.2
v 0.5 2.2 -0.2
v -0.5 2.2 -0.3
v 0.6 2.2 -0.3
v -0.5 2.2 -0.4
v 0.6 2.2 -0.4
v -0.2 2.3 1.3
v 0.2 2.3 1.3
v 0.3 2.3 1.3
v -0.3 2.3 1.2
v -0.2 2.3 1.2
v 0.2 2.3 1.2
v 0.3 2.3 1.2
v 0.4 2.3 1.2
v -0.0999999 2.3 1.1
v 0.2 2.3 1.1
v 0.3 2.3 1.1
v -0.3 2.3 1
v -0.2 2.3 1
v -0.3 2.3 0.9
v -0.2 2.3 0.9
v -0.0999999 2.3 0.9
v 0.2 2.3 0.9
v 0.3 2.3 0.9
v -0.3 2.3 0.8
v -0.2 2.3 0.8
v 0.3 2.3 0.8
v -0.3 2.3 0.7
v -0.2 2.3 0.7
v 0.3 2.3 0.7
v 0.4 2.3 0.7
v -0.2 2.3 0.6
v 0.3 2.3 0.6
v -0.4 2.3 0.3
v 0.5 2.3 0.3
v -0.4 2.3 -0.2
v 0.5 2.3 -0.2
v -0.0999999 2.4 0.9
v 0.2 2.4 0.9
v -0.0999999 2.4 0.8
v 0.2 2.4 0.8
v -1.3 0.1 -1.2
v 1.4 0.1 -1.2
v -1.3 0.1 -1.3
v -1.2 0.1 -1.3
v -0.4 0.1 -1.3
v -0.3 0.1 -1.3
v 0.2 0.1 -1.3
v 0.3 0.1 -1.3
v 0.6 0.1 -1.3
v 0.7 0.1 -1.3
v 1.2 0.1 -1.3
v 1.3 0.1 -1.3
v 1.4 0.1 -1.3
v -1.8 0.2 0.7
v -1.7 0.2 0.7
v -1.7 0.2 0.6
v -1.7 0.2 0.5
v -1.7 0.2 0.4
v -1.7 0.2 0.2
v -1.7 0.2 0.1
v -1.7 0.2 -0.3
v -1.7 0.2 -0.4
v -1.7 0.2 -0.5
v -1.8 0.2 -0.6
v -1.7 0.2 -0.6
v -1.2 0.3 1.1
v -1 0.3 1.1
v -1.2 0.3 1
v -1 0.3 1
v -1.2 0.3 0.5
v -1 0.3 0.5
v -1.2 0.3 0.4
v -1 0.3 0.4
v -1.2 0.3 -0.3
v -1 0.3 -0.3
v -1.2 0.3 -0.4
v -1 0.3 -0.4
v -1.4 0.4 1.5
v -1.3 0.4 1.5
v -1.2 0.4 1.5
v -1.1 0.4 1.5
v -1 0.4 1.5
v -0.9 0.4 1.5
v -0.8 0.4 1.5
v -0.7 0.4 1.5
v -0.6 0.4 1.5
v -0.5 0.4 1.5
v -0.4 0.4 1.5
v -0.3 0.4 1.5
v -0.2 0.4 1.5
v -0.0999999 0.4 1.5
v 0 0.4 1.5
v 0.1 0.4 1.5
v 0.2 0.4 1.5
v 0.3 0.4 1.5
v 0.4 0.4 1.5
v 0.5 0.4 1.5
v 0.6 0.4 1.5
v 0.7 0.4 1.5
v 0.8 0.4 1.5
v 0.9 0.4 1.5
v 1 0.4 1.5
v 1.1 0.4 1.5
v 1.2 0.4 1.5
v 1.3 0.4 1.5
v 1.4 0.4 1.5
v 1.5 0.4 1.5
v -1.5 0.4 1.4
v -1.4 0.4 1.4
v 1.5 0.4 1.4
v 1.6 0.4 1.4
v 1.7 0.4 1.4
v -1.3 0.4 1.2
v -1.2 0.4 1.2
v -1.1 0.4 1.2
v -1 0.4 1.2
v -0.9 0.4 1.2
v 1 0.4 1.2
v 1.1 0.4 1.2
v 1.2 0.4 1.2
v 1.3 0.4 1.2
v 1.4 0.4 1.2
v -1.3 0.4 1.1
v -0.9 0.4 1.1
v -0.8 0.4 1.1
v -0.7 0.4 1.1
v -0.6 0.4 1.1
v -0.5 0.4 1.1
v -0.4 0.4 1.1
v -0.3 0.4 1.1
v -0.2 0.4 1.1
v -0.0999999 0.4 1.1
v 0 0.4 1.1
v 0.1 0.4 1.1
v 0.2 0.4 1.1
v 0.3 0.4 1.1
v 0.4 0.4 1.1
v 0.5 0.4 1.1
v 0.6 0.4 1.1
v 0.7 0.4 1.1
v 0.8 0.4 1.1
v 0.9 0.4 1.1
v 1 0.4 1.1
v -1.3 0.4 1
v -1.3 0.4 0.9
v -1.2 0.4 0.9
v -1.1 0.4 0.9
v -0.9 0.4 0.9
v 1 0.4 0.9
v 1.3 0.4 0.9
v 1.4 0.4 0.9
v -1.7 0.4 0.7
v -1.5 0.4 0.7
v -1.3 0.4 0.6
v -1.2 0.4 0.6
v -1.1 0.4 0.6
v -1.3 0.4 0.5
v -1.3 0.4 0.4
v -1.3 0.4 0.3
v -1.1 0.4 0.3
v -1.3 0.4 -0.2
v -1.1 0.4 -0.2
v -1.3 0.4 -0.3
v -1.3 0.4 -0.4
v -1.3 0.4 -0.5
v -1.2 0.4 -0.5
v -1.1 0.4 -0.5
v -1.7 0.4 -0.6
v -1.5 0.4 -0.6
v -1.3 0.4 -0.8
v -1.2 0.4 -0.8
v -1.1 0.4 -0.8
v -0.9 0.4 -0.8
v 1 0.4 -0.8
v 1.3 0.4 -0.8
v 1.4 0.4 -0.8
v 1.4 0.4 -0.9
v -0.9 0.4 -1
v -0.8 0.4 -1
v -0.7 0.4 -1
v -0.6 0.4 -1
v -0.5 0.4 -1
v -0.4 0.4 -1
v -0.3 0.4 -1
v -0.2 0.4 -1
v -0.0999999 0.4 -1
v 0 0.4 -1
v 0.1 0.4 -1
v 0.2 0.4 -1
v 0.3 0.4 -1
v 0.4 0.4 -1
v 0.5 0.4 -1
v 0.6 0.4 -1
v 0.7 0.4 -1
v 0.8 0.4 -1
v 0.9 0.4 -1
v 1 0.4 -1
v 1.4 0.4 -1
v -1.3 0.4 -1.1
v -1.2 0.4 -1.1
v -1.1 0.4 -1.1
v -1 0.4 -1.1
v -0.9 0.4 -1.1
v 1 0.4 -1.1
v 1.1 0.4 -1.1
v 1.2 0.4 -1.1
v 1.3 0.4 -1.1
v 1.4 0.4 -1.1
v -1.5 0.4 -1.3
v -1.4 0.4 -1.3
v 1.5 0.4 -1.3
v 1.6 0.4 -1.3
v 1.7 0.4 -1.3
v -1.4 0.4 -1.4
v -1.3 0.4 -1.4
v -1.2 0.4 -1.4
v -1.1 0.4 -1.4
v -1 0.4 -1.4
v -0.9 0.4 -1.4
v -0.8 0.4 -1.4
v -0.7 0.4 -1.4
v -0.6 0.4 -1.4
v -0.5 0.4 -1.4
v -0.4 0.4 -1.4
v -0.3 0.4 -1.4
v -0.2 0.4 -1.4
v -0.0999999 0.4 -1.4
v 0 0.4 -1.4
v 0.1 0.4 -1.4
v 0.2 0.4 -1.4
v 0.3 0.4 -1.4
v 0.4 0.4 -1.4
v 0.5 0.4 -1.4
v 0.6 0.4 -1.4
v 0.7 0.4 -1.4
v 0.8 0.4 -1.4
v 0.9 0.4 -1.4
v 1 0.4 -1.4
v 1.1 0.4 -1.4
v 1.2 0.4 -1.4
v 1.3 0.4 -1.4
v 1.4 0.4 -1.4
v 1.5 0.4 -1.4
v -1.3 0.8 0.6
v -1.2 0.8 0.6
v -1.1 0.8 0.6
v -1.3 0.8 0.5
v -1.2 0.8 0.5
v -1.3 0.8 0.4
v -1.2 0.8 0.4
v -1.1 0.8 0.4
v -1.3 0.8 -0.3
v -1.2 0.8 -0.3
v -1.1 0.8 -0.3
v -1.3 0.8 -0.4
v -1.2 0.8 -0.4
v -1.3 0.8 -0.5
v -1.1 0.8 -0.5
v -1.3 0.9 0.4
v -1.2 0.9 0.4
v -1.1 0.9 0.4
v -1.3 0.9 0.3
v -1.2 0.9 0.3
v -1.1 0.9 0.3
v -1.3 0.9 -0.2
v -1.1 0.9 -0.2
v -1.3 0.9 -0.3
v -1.1 0.9 -0.3
v -1.3 1 0.3
v -1.2 1 0.3
v -1.1 1 0.3
v -1.3 1 0.2
v -1.2 1 0.2
v -1.3 1 -0.2
v -1.1 1 -0.2
v 1.1 1.2 1.1
v 1.3 1.2 1.1
v 1.2 1.2 1
v 1.3 1.2 1
v -1.2 1.2 -0.9
v -1 1.2 -0.9
v 1.2 1.2 -0.9
v 1.3 1.2 -0.9
v -1.2 1.2 -1
v -1 1.2 -1
v 1.1 1.2 -1
v 1.2 1.2 -1
v 1.3 1.2 -1
v -1.2 1.2 -1.1
v -1 1.2 -1.1
v 1.1 1.2 -1.1
v 1.2 1.2 -1.1
v 1.3 1.2 -1.1
v -1 1.3 1.1
v 1.1 1.3 1.1
v -1.2 1.3 1
v -1 1.3 1
v 1.2 1.3 1
v 1.3 1.3 1
v -1.2 1.3 0.9
v -1.1 1.3 0.9
v 0.1 1.3 -0.1
v 0.2 1.3 -0.1
v 0.1 1.3 -0.2
v 0.2 1.3 -0.2
v -1.2 1.3 -0.8
v -1.1 1.3 -0.8
v -1.2 1.3 -0.9
v -1 1.3 -0.9
v 1.2 1.3 -0.9
v 1.3 1.3 -0.9
v -0.9 1.3 -1
v 1 1.3 -1
v -1 1.3 -1.1
v -0.9 1.3 -1.1
v 1 1.3 -1.1
v 1.1 1.3 -1.1
v -1.4 1.4 1.4
v 1.5 1.4 1.4
v -1.3 1.4 1.2
v 1.4 1.4 1.2
v -1.3 1.4 -1.2
v 1.4 1.4 -1.2
v -1.4 1.4 -1.3
v 1.5 1.4 -1.3
v -1.3 1.6 1.2
v -0.2 1.6 1.2
v 0.3 1.6 1.2
v 1.4 1.6 1.2
v -1.1 1.6 1.1
v -0.2 1.6 1.1
v 0.3 1.6 1.1
v 1.3 1.6 1.1
v 1.3 1.6 0.4
v 1.4 1.6 0.4
v 1 1.6 0.2
v 1.4 1.6 0.2
v 1 1.6 -0.1
v 1.3 1.6 -0.1
v 1.4 1.6 -0.1
v 1.3 1.6 -0.3
v 1.4 1.6 -0.3
v -0.0999999 1.6 -0.8
v 0.2 1.6 -0.8
v -1.1 1.6 -1
v -0.3 1.6 -1
v -0.0999999 1.6 -1
v 0.4 1.6 -1
v 1.3 1.6 -1
v -0.3 1.6 -1.1
v -0.0999999 1.6 -1.1
v 0.4 1.6 -1.1
v -1.3 1.6 -1.2
v -0.3 1.6 -1.2
v -0.0999999 1.6 -1.2
v 0.2 1.6 -1.2
v 0.4 1.6 -1.2
v 1.4 1.6 -1.2
v -1.1 1.7 1.1
v -0.2 1.7 1.1
v -0.0999999 1.7 1.1
v 0 1.7 1.1
v 0.1 1.7 1.1
v 0.2 1.7 1.1
v 0.3 1.7 1.1
v 1.3 1.7 1.1
v -1 1.7 1
v -0.2 1.7 1
v -0.0999999 1.7 1
v 0.2 1.7 1
v 0.3 1.7 1
v 1.1 1.7 1
v -0.0999999 1.7 0.9
v 0.2 1.7 0.9
v 1.1 1.7 0.4
v 1.3 1.7 0.4
v 1.4 1.7 0.4
v 1.3 1.7 0.3
v 1.4 1.7 0.3
v 1.3 1.7 0.2
v 1.4 1.7 0.2
v 1.3 1.7 -0.1
v 1.4 1.7 -0.1
v 1.3 1.7 -0.2
v 1.4 1.7 -0.2
v 1.1 1.7 -0.3
v 1.2 1.7 -0.3
v 1.3 1.7 -0.3
v 1.4 1.7 -0.3
v 0.2 1.7 -0.7
v 0.3 1.7 -0.7
v 0.2 1.7 -0.8
v 0.3 1.7 -0.8
v -1 1.7 -0.9
v -0.3 1.7 -0.9
v 0.4 1.7 -0.9
v 1.1 1.7 -0.9
v -1.1 1.7 -1
v -0.3 1.7 -1
v -0.2 1.7 -1
v -0.0999999 1.7 -1
v 0.2 1.7 -1
v 0.4 1.7 -1
v 1.3 1.7 -1
v -0.3 1.7 -1.1
v -0.2 1.7 -1.1
v -0.0999999 1.7 -1.1
v 0.3 1.7 -1.1
v 0.4 1.7 -1.1
v -0.3 1.7 -1.2
v -0.2 1.7 -1.2
v -0.0999999 1.7 -1.2
v 0.2 1.7 -1.2
v 0.3 1.7 -1.2
v 0.4 1.7 -1.2
v -1 1.8 1
v -0.2 1.8 1
v 0.3 1.8 1
v 1.1 1.8 1
v -0.9 1.8 0.8
v -0.2 1.8 0.8
v 0.3 1.8 0.8
v 1 1.8 0.8
v 1 1.8 0.4
v 1.1 1.8 0.4
v 1 1.8 -0.3
v 1.1 1.8 -0.3
v -0.9 1.8 -0.8
v -0.3 1.8 -0.8
v 0.4 1.8 -0.8
v 1 1.8 -0.8
v -1 1.8 -0.9
v -0.3 1.8 -0.9
v 0.4 1.8 -0.9
v 1.1 1.8 -0.9
v -0.9 2 0.8
v -0.2 2 0.8
v 0.3 2 0.8
v 1 2 0.8
v -0.7 2 0.7
v -0.2 2 0.7
v 0.3 2 0.7
v 0.9 2 0.7
v 0.9 2 0.4
v 1 2 0.4
v 1.2 2 0.4
v 1.3 2 0.4
v 0.9 2 0.3
v 1 2 0.3
v 1.2 2 0.3
v 1.3 2 0.3
v 0.9 2 -0.2
v 1.1 2 -0.2
v 1.2 2 -0.2
v 1.3 2 -0.2
v 0.9 2 -0.3
v 1 2 -0.3
v 1.1 2 -0.3
v 1.2 2 -0.3
v 1.3 2 -0.3
v -0.7 2 -0.6
v -0.3 2 -0.6
v -0.2 2 -0.6
v 0.3 2 -0.6
v 0.4 2 -0.6
v 0.9 2 -0.6
v -0.3 2 -0.7
v -0.2 2 -0.7
v 0.3 2 -0.7
v 0.4 2 -0.7
v -0.9 2 -0.8
v -0.3 2 -0.8
v -0.2 2 -0.8
v 0.3 2 -0.8
v 0.4 2 -0.8
v 1 2 -0.8
v -0.3 2 -0.9
v -0.2 2 -0.9
v 0.3 2 -0.9
v 0.4 2 -0.9
v -0.3 2 -1
v -0.2 2 -1
v 0.3 2 -1
v 0.4 2 -1
v -0.7 2.1 0.7
v -0.2 2.1 0.7
v 0.3 2.1 0.7
v 0.9 2.1 0.7
v -0.6 2.1 0.6
v 0.7 2.1 0.6
v 0.7 2.1 0.3
v 0.9 2.1 0.3
v 1.2 2.1 0.3
v 1.3 2.1 0.3
v 0.7 2.1 0.2
v 0.8 2.1 0.2
v 1 2.1 0.2
v 1.1 2.1 0.2
v 1.2 2.1 0.2
v 1.3 2.1 0.2
v 0.7 2.1 0.1
v 0.8 2.1 0.1
v 1 2.1 0.1
v 1.1 2.1 0.1
v 1.2 2.1 0.1
v 1.3 2.1 0.1
v 0.7 2.1 0
v 0.8 2.1 0
v 1.1 2.1 0
v 1.2 2.1 0
v 0.7 2.1 -0.1
v 0.8 2.1 -0.1
v 1.1 2.1 -0.1
v 1.2 2.1 -0.1
v 1.3 2.1 -0.1
v 0.7 2.1 -0.2
v 0.8 2.1 -0.2
v 0.9 2.1 -0.2
v 1.2 2.1 -0.2
v 1.3 2.1 -0.2
v -0.6 2.1 -0.5
v -0.2 2.1 -0.5
v 0.1 2.1 -0.5
v 0.2 2.1 -0.5
v 0.3 2.1 -0.5
v 0.7 2.1 -0.5
v -0.7 2.1 -0.6
v -0.2 2.1 -0.6
v -0.0999999 2.1 -0.6
v 0.1 2.1 -0.6
v 0.2 2.1 -0.6
v 0.3 2.1 -0.6
v 0.9 2.1 -0.6
v -0.2 2.1 -0.7
v -0.0999999 2.1 -0.7
v 0.1 2.1 -0.7
v 0.2 2.1 -0.7
v 0.3 2.1 -0.7
v 0.2 2.1 -0.8
v 0.3 2.1 -0.8
v -0.2 2.1 -0.9
v -0.0999999 2.1 -0.9
v 0 2.1 -0.9
v 0.2 2.1 -0.9
v 0.3 2.1 -0.9
v -0.2 2.1 -1
v -0.0999999 2.1 -1
v 0 2.1 -1
v 0.2 2.1 -1
v 0.3 2.1 -1
v -0.6 2.3 0.6
v -0.2 2.3 0.6
v 0.3 2.3 0.6
v 0.7 2.3 0.6
v -0.5 2.3 0.4
v 0.6 2.3 0.4
v -0.5 2.3 -0.3
v 0.6 2.3 -0.3
v -0.6 2.3 -0.5
v 0.7 2.3 -0.5
v -0.5 2.4 0.4
v 0.6 2.4 0.4
v -0.5 2.4 -0.3
v 0.6 2.4 -0.3
v -0.0999999 2.5 1.1
v 0.2 2.5 1.1
v -0.0999999 2.5 0.8
v 0.2 2.5 0.8
v -0.2 2.8 1.3
v 0.3 2.8 1.3
v -0.3 2.8 1.2
v -0.2 2.8 1.2
v 0.3 2.8 1.2
v 0.4 2.8 1.2
v -0.3 2.8 1.1
v -0.2 2.8 1.1
v -0.0999999 2.8 1.1
v 0.2 2.8 1.1
v 0.3 2.8 1.1
v -0.3 2.8 1
v -0.2 2.8 1
v 0.2 2.8 1
v 0.3 2.8 1
v -0.0999999 2.8 0.8
v 0.2 2.8 0.8
v 0.3 2.8 0.8
v 0.4 2.8 0.8
v -0.3 2.8 0.7
v -0.2 2.8 0.7
v -0.0999999 2.8 0.7
v 0.3 2.8 0.7
v 0.4 2.8 0.7
v -0.2 2.8 0.6
v -0.0999999 2.8 0.6
v 0.3 2.8 0.6

# faces
f 11/10/1 2/10/1 1/10/1
f 12/9/1 3/9/1 2/9/1
f 12/10/1 2/10/1 11/10/1
f 13/10/1 4/10/1 3/10/1
f 13/9/1 3/9/1 12/9/1
f 14/9/1 5/9/1 4/9/1
f 14/10/1 4/10/1 13/10/1
f 15/8/1 6/8/1 5/8/1
f 15/9/1 5/9/1 14/9/1
f 16/10/1 7/10/1 6/10/1
f 16/8/1 6/8/1 15/8/1
f 17/9/1 8/9/1 7/9/1
f 17/10/1 7/10/1 16/10/1
f 18/10/1 9/10/1 8/10/1
f 18/9/1 8/9/1 17/9/1
f 19/9/1 10/9/1 9/9/1
f 19/10/1 9/10/1 18/10/1
f 20/9/1 10/9/1 19/9/1
f 21/7/1 18/7/1 17/7/1
f 21/7/1 12/7/1 11/7/1
f 21/7/1 20/7/1 19/7/1
f 21/7/1 19/7/1 18/7/1
f 21/7/1 17/7/1 16/7/1
f 21/7/1 16/7/1 15/7/1
f 21/7/1 15/7/1 14/7/1
f 21/7/1 14/7/1 13/7/1
f 21/7/1 13/7/1 12/7/1
f 22/7/1 20/7/1 21/7/1
f 33/8/1 24/8/1 23/8/1
f 34/10/1 25/10/1 24/10/1
f 34/8/1 24/8/1 33/8/1
f 35/9/1 26/9/1 25/9/1
f 35/10/1 25/10/1 34/10/1
f 36/10/1 27/10/1 26/10/1
f 36/9/1 26/9/1 35/9/1
f 37/9/1 28/9/1 27/9/1
f 37/10/1 27/10/1 36/10/1
f 38/10/1 29/10/1 28/10/1
f 38/9/1 28/9/1 37/9/1
f 39/9/1 30/9/1 29/9/1
f 39/10/1 29/10/1 38/10/1
f 40/8/1 31/8/1 30/8/1
f 40/9/1 30/9/1 39/9/1
f 41/10/1 32/10/1 31/10/1
f 41/8/1 31/8/1 40/8/1
f 42/10/1 32/10/1 41/10/1
f 43/7/1 40/7/1 39/7/1
f 43/7/1 34/7/1 33/7/1
f 43/7/1 42/7/1 41/7/1
f 43/7/1 41/7/1 40/7/1
f 43/7/1 39/7/1 38/7/1
f 43/7/1 38/7/1 37/7/1
f 43/7/1 37/7/1 36/7/1
f 43/7/1 36/7/1 35/7/1
f 43/7/1 35/7/1 34/7/1
f 44/7/1 42/7/1 43/7/1
f 57/8/1 46/8/1 45/8/1
f 58/9/1 47/9/1 46/9/1
f 58/8/1 46/8/1 57/8/1
f 59/10/1 48/10/1 47/10/1
f 59/9/1 47/9/1 58/9/1
f 60/9/1 49/9/1 48/9/1
f 60/10/1 48/10/1 59/10/1
f 61/9/1 49/9/1 60/9/1
f 62/9/1 49/9/1 61/9/1
f 63/8/1 50/8/1 49/8/1
f 63/9/1 49/9/1 62/9/1
f 64/8/1 50/8/1 63/8/1
f 65/10/1 52/10/1 51/10/1
f 66/9/1 53/9/1 52/9/1
f 66/10/1 52/10/1 65/10/1
f 67/9/1 53/9/1 66/9/1
f 68/8/1 54/8/1 53/8/1
f 68/9/1 53/9/1 67/9/1
f 69/9/1 55/9/1 54/9/1
f 69/8/1 54/8/1 68/8/1
f 70/10/1 56/10/1 55/10/1
f 70/9/1 55/9/1 69/9/1
f 71/10/1 56/10/1 70/10/1
f 72/9/1 58/9/1 57/9/1
f 72/9/1 59/9/1 58/9/1
f 72/9/1 60/9/1 59/9/1
f 72/9/1 61/9/1 60/9/1
f 73/9/1 61/9/1 72/9/1
f 74/8/1 62/8/1 61/8/1
f 74/9/1 61/9/1 73/9/1
f 75/9/1 64/9/1 63/9/1
f 75/8/1 62/8/1 74/8/1
f 75/9/1 63/9/1 62/9/1
f 76/9/1 64/9/1 75/9/1
f 77/9/1 64/9/1 76/9/1
f 78/8/1 66/8/1 65/8/1
f 79/9/1 67/9/1 66/9/1
f 79/8/1 66/8/1 78/8/1
f 80/8/1 68/8/1 67/8/1
f 80/9/1 67/9/1 79/9/1
f 81/9/1 69/9/1 68/9/1
f 81/8/1 68/8/1 80/8/1
f 81/9/1 71/9/1 70/9/1
f 81/9/1 70/9/1 69/9/1
f 82/9/1 71/9/1 81/9/1
f 83/9/1 71/9/1 82/9/1
f 84/9/1 72/9/1 57/9/1
f 85/8/1 73/8/1 72/8/1
f 85/9/1 72/9/1 84/9/1
f 86/9/1 74/9/1 73/9/1
f 86/8/1 73/8/1 85/8/1
f 86/9/1 75/9/1 74/9/1
f 87/10/1 76/10/1 75/10/1
f 87/9/1 75/9/1 86/9/1
f 88/9/1 77/9/1 76/9/1
f 88/10/1 76/10/1 87/10/1
f 89/9/1 77/9/1 88/9/1
f 90/9/1 80/9/1 79/9/1
f 90/9/1 79/9/1 78/9/1
f 91/10/1 81/10/1 80/10/1
f 91/9/1 80/9/1 90/9/1
f 92/9/1 82/9/1 81/9/1
f 92/10/1 81/10/1 91/10/1
f 93/8/1 83/8/1 82/8/1
f 93/9/1 82/9/1 92/9/1
f 94/8/1 83/8/1 93/8/1
f 95/7/1 89/7/1 88/7/1
f 95/7/1 86/7/1 85/7/1
f 95/7/1 85/7/1 84/7/1
f 95/7/1 88/7/1 87/7/1
f 95/7/1 87/7/1 86/7/1
f 96/7/1 89/7/1 95/7/1
f 97/7/1 94/7/1 93/7/1
f 97/7/1 93/7/1 92/7/1
f 97/7/1 91/7/1 90/7/1
f 97/7/1 92/7/1 91/7/1
f 98/7/1 94/7/1 97/7/1
f 103/9/1 100/9/1 99/9/1
f 104/9/1 102/9/1 101/9/1
f 105/9/1 102/9/1 104/9/1
f 106/9/1 103/9/1 99/9/1
f 107/9/1 103/9/1 106/9/1
f 108/9/1 102/9/1 105/9/1
f 109/9/1 102/9/1 108/9/1
f 110/6/1 107/6/1 106/6/1
f 111/6/1 107/6/1 110/6/1
f 112/6/1 109/6/1 108/6/1
f 113/6/1 109/6/1 112/6/1
f 116/4/1 115/4/1 114/4/1
f 117/4/1 115/4/1 116/4/1
f 132/8/1 119/8/1 118/8/1
f 133/11/1 120/11/1 119/11/1
f 133/8/1 119/8/1 132/8/1
f 134/9/1 121/9/1 120/9/1
f 134/11/1 120/11/1 133/11/1
f 135/9/1 121/9/1 134/9/1
f 136/9/1 123/9/1 122/9/1
f 137/11/1 124/11/1 123/11/1
f 137/9/1 123/9/1 136/9/1
f 138/9/1 125/9/1 124/9/1
f 138/11/1 124/11/1 137/11/1
f 139/9/1 127/9/1 126/9/1
f 139/11/1 128/11/1 127/11/1
f 140/9/1 129/9/1 128/9/1
f 140/11/1 128/11/1 139/11/1
f 141/9/1 131/9/1 130/9/1
f 142/9/1 131/9/1 141/9/1
f 143/9/1 133/9/1 132/9/1
f 143/9/1 134/9/1 133/9/1
f 144/9/1 134/9/1 143/9/1
f 145/8/1 135/8/1 134/8/1
f 145/9/1 134/9/1 144/9/1
f 146/8/1 135/8/1 145/8/1
f 147/8/1 137/8/1 136/8/1
f 148/9/1 138/9/1 137/9/1
f 148/8/1 137/8/1 147/8/1
f 149/9/1 125/9/1 138/9/1
f 149/9/1 138/9/1 148/9/1
f 150/9/1 125/9/1 149/9/1
f 151/9/1 139/9/1 126/9/1
f 151/9/1 140/9/1 139/9/1
f 152/9/1 140/9/1 151/9/1
f 153/9/1 129/9/1 140/9/1
f 153/9/1 140/9/1 152/9/1
f 154/9/1 129/9/1 153/9/1
f 155/11/1 142/11/1 141/11/1
f 155/9/1 141/9/1 130/9/1
f 156/9/1 131/9/1 142/9/1
f 156/11/1 142/11/1 155/11/1
f 157/9/1 131/9/1 156/9/1
f 158/11/1 144/11/1 143/11/1
f 159/9/1 146/9/1 145/9/1
f 159/11/1 144/11/1 158/11/1
f 159/9/1 145/9/1 144/9/1
f 160/9/1 148/9/1 147/9/1
f 160/9/1 149/9/1 148/9/1
f 161/9/1 149/9/1 160/9/1
f 162/11/1 150/11/1 149/11/1
f 162/9/1 149/9/1 161/9/1
f 163/11/1 150/11/1 162/11/1
f 166/8/1 152/8/1 151/8/1
f 167/9/1 153/9/1 152/9/1
f 167/8/1 152/8/1 166/8/1
f 168/11/1 154/11/1 153/11/1
f 168/9/1 153/9/1 167/9/1
f 169/11/1 154/11/1 168/11/1
f 170/8/1 157/8/1 156/8/1
f 170/9/1 156/9/1 155/9/1
f 171/8/1 157/8/1 170/8/1
f 172/9/1 146/9/1 159/9/1
f 172/9/1 159/9/1 158/9/1
f 173/9/1 146/9/1 172/9/1
f 174/11/1 161/11/1 160/11/1
f 175/9/1 164/9/1 163/9/1
f 175/11/1 161/11/1 174/11/1
f 175/9/1 162/9/1 161/9/1
f 175/9/1 163/9/1 162/9/1
f 176/9/1 164/9/1 175/9/1
f 177/9/1 164/9/1 176/9/1
f 178/9/1 164/9/1 177/9/1
f 179/9/1 167/9/1 166/9/1
f 179/9/1 166/9/1 165/9/1
f 180/9/1 167/9/1 179/9/1
f 181/8/1 168/8/1 167/8/1
f 181/9/1 167/9/1 180/9/1
f 182/9/1 169/9/1 168/9/1
f 182/8/1 168/8/1 181/8/1
f 183/9/1 169/9/1 182/9/1
f 184/9/1 155/9/1 130/9/1
f 184/9/1 171/9/1 170/9/1
f 184/9/1 170/9/1 155/9/1
f 185/9/1 171/9/1 184/9/1
f 186/9/1 171/9/1 185/9/1
f 187/9/1 171/9/1 186/9/1
f 188/9/1 172/9/1 158/9/1
f 189/8/1 173/8/1 172/8/1
f 189/9/1 172/9/1 188/9/1
f 190/9/1 146/9/1 173/9/1
f 190/8/1 173/8/1 189/8/1
f 191/8/1 177/8/1 176/8/1
f 192/9/1 178/9/1 177/9/1
f 192/8/1 177/8/1 191/8/1
f 192/9/1 179/9/1 178/9/1
f 193/9/1 179/9/1 192/9/1
f 194/11/1 180/11/1 179/11/1
f 194/9/1 179/9/1 193/9/1
f 195/9/1 181/9/1 180/9/1
f 195/11/1 180/11/1 194/11/1
f 196/9/1 181/9/1 195/9/1
f 197/8/1 185/8/1 184/8/1
f 198/9/1 186/9/1 185/9/1
f 198/8/1 185/8/1 197/8/1
f 199/11/1 187/11/1 186/11/1
f 199/9/1 186/9/1 198/9/1
f 200/11/1 187/11/1 199/11/1
f 201/8/1 189/8/1 188/8/1
f 202/11/1 190/11/1 189/11/1
f 202/8/1 189/8/1 201/8/1
f 203/9/1 146/9/1 190/9/1
f 203/11/1 190/11/1 202/11/1
f 204/11/1 193/11/1 192/11/1
f 205/9/1 194/9/1 193/9/1
f 205/11/1 193/11/1 204/11/1
f 205/9/1 195/9/1 194/9/1
f 206/9/1 195/9/1 205/9/1
f 207/9/1 198/9/1 197/9/1
f 207/9/1 200/9/1 199/9/1
f 207/9/1 199/9/1 198/9/1
f 208/9/1 200/9/1 207/9/1
f 209/9/1 202/9/1 201/9/1
f 209/9/1 203/9/1 202/9/1
f 210/9/1 203/9/1 209/9/1
f 211/9/1 146/9/1 203/9/1
f 211/9/1 203/9/1 210/9/1
f 212/9/1 146/9/1 211/9/1
f 213/9/1 207/9/1 197/9/1
f 214/9/1 207/9/1 213/9/1
f 215/11/1 208/11/1 207/11/1
f 215/9/1 207/9/1 214/9/1
f 216/11/1 208/11/1 215/11/1
f 217/11/1 210/11/1 209/11/1
f 218/9/1 211/9/1 210/9/1
f 218/11/1 210/11/1 217/11/1
f 219/8/1 212/8/1 211/8/1
f 219/9/1 211/9/1 218/9/1
f 220/8/1 212/8/1 219/8/1
f 221/8/1 214/8/1 213/8/1
f 222/9/1 215/9/1 214/9/1
f 222/8/1 214/8/1 221/8/1
f 222/9/1 216/9/1 215/9/1
f 223/9/1 216/9/1 222/9/1
f 226/5/1 225/5/1 224/5/1
f 227/5/1 225/5/1 226/5/1
f 234/2/1 229/2/1 228/2/1
f 235/2/1 229/2/1 234/2/1
f 236/2/1 233/2/1 232/2/1
f 237/2/1 233/2/1 236/2/1
f 238/3/1 235/3/1 234/3/1
f 239/3/1 235/3/1 238/3/1
f 240/3/1 237/3/1 236/3/1
f 241/3/1 237/3/1 240/3/1
f 242/2/1 239/2/1 238/2/1
f 243/2/1 239/2/1 242/2/1
f 244/12/1 231/12/1 230/12/1
f 245/12/1 231/12/1 244/12/1
f 246/12/1 231/12/1 245/12/1
f 247/12/1 231/12/1 246/12/1
f 248/2/1 241/2/1 240/2/1
f 249/2/1 241/2/1 248/2/1
f 250/3/1 243/3/1 242/3/1
f 251/3/1 243/3/1 250/3/1
f 253/12/1 246/12/1 245/12/1
f 254/12/1 246/12/1 253/12/1
f 256/3/1 249/3/1 248/3/1
f 257/3/1 249/3/1 256/3/1
f 258/2/1 252/2/1 251/2/1
f 258/2/1 251/2/1 250/2/1
f 259/2/1 252/2/1 258/2/1
f 262/2/1 257/2/1 256/2/1
f 262/2/1 256/2/1 255/2/1
f 263/2/1 257/2/1 262/2/1
f 264/3/1 260/3/1 259/3/1
f 264/3/1 259/3/1 258/3/1
f 265/3/1 260/3/1 264/3/1
f 266/3/1 263/3/1 262/3/1
f 266/3/1 262/3/1 261/3/1
f 267/3/1 263/3/1 266/3/1
f 268/2/1 265/2/1 264/2/1
f 268/2/1 266/2/1 265/2/1
f 268/2/1 267/2/1 266/2/1
f 269/2/1 267/2/1 268/2/1
f 270/3/1 269/3/1 268/3/1
f 271/3/1 269/3/1 270/3/1
f 274/4/1 273/4/1 272/4/1
f 275/4/1 273/4/1 274/4/1
f 282/1/1 277/1/1 276/1/1
f 283/1/1 277/1/1 282/1/1
f 284/1/1 279/1/1 278/1/1
f 285/1/1 279/1/1 284/1/1
f 286/1/1 281/1/1 280/1/1
f 287/1/1 281/1/1 286/1/1
f 288/1/1 277/1/1 283/1/1
f 289/1/1 277/1/1 288/1/1
f 290/1/1 277/1/1 289/1/1
f 291/1/1 277/1/1 290/1/1
f 295/1/1 277/1/1 291/1/1
f 296/1/1 277/1/1 295/1/1
f 297/1/1 294/1/1 293/1/1
f 297/1/1 293/1/1 292/1/1
f 298/1/1 294/1/1 297/1/1
f 301/5/1 300/5/1 299/5/1
f 302/5/1 300/5/1 301/5/1
f 305/4/1 304/4/1 303/4/1
f 306/4/1 304/4/1 305/4/1
f 309/5/1 308/5/1 307/5/1
f 310/5/1 308/5/1 309/5/1
f 313/4/1 312/4/1 311/4/1
f 314/4/1 312/4/1 313/4/1
f 315/5/1 314/5/1 313/5/1
f 316/5/1 314/5/1 315/5/1
f 319/4/1 318/4/1 317/4/1
f 320/4/1 318/4/1 319/4/1
f 325/9/1 322/9/1 321/9/1
f 326/8/1 323/8/1 322/8/1
f 326/9/1 322/9/1 325/9/1
f 327/8/1 323/8/1 326/8/1
f 329/9/1 325/9/1 324/9/1
f 330/9/1 325/9/1 329/9/1
f 331/9/1 329/9/1 328/9/1
f 332/11/1 330/11/1 329/11/1
f 332/9/1 329/9/1 331/9/1
f 333/11/1 330/11/1 332/11/1
f 334/8/1 332/8/1 331/8/1
f 335/9/1 333/9/1 332/9/1
f 335/8/1 332/8/1 334/8/1
f 336/9/1 333/9/1 335/9/1
f 342/8/1 338/8/1 337/8/1
f 342/9/1 339/9/1 338/9/1
f 343/8/1 340/8/1 339/8/1
f 343/9/1 339/9/1 342/9/1
f 344/11/1 341/11/1 340/11/1
f 344/8/1 340/8/1 343/8/1
f 345/11/1 341/11/1 344/11/1
f 346/8/1 343/8/1 342/8/1
f 346/8/1 344/8/1 343/8/1
f 346/8/1 345/8/1 344/8/1
f 347/8/1 345/8/1 346/8/1
f 348/8/1 346/8/1 342/8/1
f 348/11/1 347/11/1 346/11/1
f 349/8/1 345/8/1 347/8/1
f 349/11/1 347/11/1 348/11/1
f 350/8/1 342/8/1 337/8/1
f 350/8/1 348/8/1 342/8/1
f 350/8/1 349/8/1 348/8/1
f 351/8/1 349/8/1 350/8/1
f 352/8/1 350/8/1 337/8/1
f 353/11/1 351/11/1 350/11/1
f 353/8/1 350/8/1 352/8/1
f 354/8/1 349/8/1 351/8/1
f 354/11/1 351/11/1 353/11/1
f 355/8/1 345/8/1 349/8/1
f 355/8/1 349/8/1 354/8/1
f 360/1/1 357/1/1 356/1/1
f 361/1/1 357/1/1 360/1/1
f 362/8/1 359/8/1 358/8/1
f 364/1/1 360/1/1 356/1/1
f 365/1/1 360/1/1 364/1/1
f 366/9/1 363/9/1 362/9/1
f 366/8/1 362/8/1 358/8/1
f 367/9/1 363/9/1 366/9/1
f 369/8/1 366/8/1 358/8/1
f 369/8/1 368/8/1 367/8/1
f 369/8/1 367/8/1 366/8/1
f 370/8/1 368/8/1 369/8/1
f 371/11/1 370/11/1 369/11/1
f 372/8/1 368/8/1 370/8/1
f 372/11/1 370/11/1 371/11/1
f 373/8/1 368/8/1 372/8/1
f 374/8/1 368/8/1 373/8/1
f 381/8/1 372/8/1 371/8/1
f 381/8/1 373/8/1 372/8/1
f 382/8/1 373/8/1 381/8/1
f 383/9/1 374/9/1 373/9/1
f 383/8/1 373/8/1 382/8/1
f 384/8/1 375/8/1 374/8/1
f 384/9/1 374/9/1 383/9/1
f 385/8/1 375/8/1 384/8/1
f 386/11/1 377/11/1 376/11/1
f 387/9/1 379/9/1 378/9/1
f 387/11/1 377/11/1 386/11/1
f 387/9/1 378/9/1 377/9/1
f 388/8/1 380/8/1 379/8/1
f 388/9/1 379/9/1 387/9/1
f 389/8/1 380/8/1 388/8/1
f 390/9/1 382/9/1 381/9/1
f 390/8/1 381/8/1 371/8/1
f 391/8/1 384/8/1 383/8/1
f 391/9/1 382/9/1 390/9/1
f 391/8/1 385/8/1 384/8/1
f 391/8/1 383/8/1 382/8/1
f 393/8/1 390/8/1 371/8/1
f 393/8/1 391/8/1 390/8/1
f 394/8/1 385/8/1 391/8/1
f 394/8/1 391/8/1 393/8/1
f 395/8/1 385/8/1 394/8/1
f 396/8/1 385/8/1 395/8/1
f 397/8/1 385/8/1 396/8/1
f 399/8/1 393/8/1 392/8/1
f 400/8/1 393/8/1 399/8/1
f 401/8/1 398/8/1 397/8/1
f 402/11/1 400/11/1 399/11/1
f 403/11/1 400/11/1 402/11/1
f 404/8/1 403/8/1 402/8/1
f 405/8/1 403/8/1 404/8/1
f 406/11/1 405/11/1 404/11/1
f 407/11/1 405/11/1 406/11/1
f 408/8/1 398/8/1 401/8/1
f 409/8/1 398/8/1 408/8/1
f 410/8/1 407/8/1 406/8/1
f 411/8/1 407/8/1 410/8/1
f 412/9/1 409/9/1 408/9/1
f 413/9/1 409/9/1 412/9/1
f 416/1/1 415/1/1 414/1/1
f 417/1/1 415/1/1 416/1/1
f 420/1/1 419/1/1 418/1/1
f 421/1/1 419/1/1 420/1/1
f 428/9/1 423/9/1 422/9/1
f 429/9/1 423/9/1 428/9/1
f 430/1/1 427/1/1 426/1/1
f 430/8/1 425/8/1 424/8/1
f 430/1/1 426/1/1 425/1/1
f 431/1/1 427/1/1 430/1/1
f 432/9/1 428/9/1 422/9/1
f 433/9/1 428/9/1 432/9/1
f 434/8/1 430/8/1 424/8/1
f 434/8/1 431/8/1 430/8/1
f 435/8/1 431/8/1 434/8/1
f 436/1/1 427/1/1 431/1/1
f 436/8/1 431/8/1 435/8/1
f 437/1/1 427/1/1 436/1/1
f 440/9/1 432/9/1 422/9/1
f 441/8/1 433/8/1 432/8/1
f 441/9/1 432/9/1 440/9/1
f 442/8/1 433/8/1 441/8/1
f 443/8/1 434/8/1 424/8/1
f 444/11/1 435/11/1 434/11/1
f 444/8/1 434/8/1 443/8/1
f 445/8/1 436/8/1 435/8/1
f 445/11/1 435/11/1 444/11/1
f 446/4/1 439/4/1 438/4/1
f 447/4/1 439/4/1 446/4/1
f 448/4/1 439/4/1 447/4/1
f 449/8/1 444/8/1 443/8/1
f 449/8/1 445/8/1 444/8/1
f 450/8/1 436/8/1 445/8/1
f 450/8/1 445/8/1 449/8/1
f 451/8/1 450/8/1 449/8/1
f 452/8/1 450/8/1 451/8/1
f 453/8/1 451/8/1 449/8/1
f 454/11/1 452/11/1 451/11/1
f 454/8/1 451/8/1 453/8/1
f 455/11/1 452/11/1 454/11/1
f 456/1/1 455/1/1 454/1/1
f 457/1/1 455/1/1 456/1/1
f 460/8/1 459/8/1 458/8/1
f 461/8/1 459/8/1 460/8/1
f 462/11/1 461/11/1 460/11/1
f 463/8/1 459/8/1 461/8/1
f 463/11/1 461/11/1 462/11/1
f 464/8/1 459/8/1 463/8/1
f 469/1/1 466/1/1 465/1/1
f 470/5/1 467/5/1 466/5/1
f 470/1/1 466/1/1 469/1/1
f 471/5/1 467/5/1 470/5/1
f 473/1/1 469/1/1 468/1/1
f 474/1/1 469/1/1 473/1/1
f 475/1/1 473/1/1 472/1/1
f 476/5/1 474/5/1 473/5/1
f 476/1/1 473/1/1 475/1/1
f 477/5/1 474/5/1 476/5/1
f 478/4/1 476/4/1 475/4/1
f 479/4/1 476/4/1 478/4/1
f 482/1/1 481/1/1 480/1/1
f 483/1/1 481/1/1 482/1/1
f 486/1/1 485/1/1 484/1/1
f 487/1/1 485/1/1 486/1/1
f 488/4/1 487/4/1 486/4/1
f 489/4/1 487/4/1 488/4/1
f 490/4/1 487/4/1 489/4/1
f 491/4/1 487/4/1 490/4/1
f 496/4/1 493/4/1 492/4/1
f 497/4/1 493/4/1 496/4/1
f 498/4/1 493/4/1 497/4/1
f 499/4/1 495/4/1 494/4/1
f 500/4/1 495/4/1 499/4/1
f 501/4/1 495/4/1 500/4/1
f 504/1/1 503/1/1 502/1/1
f 505/1/1 503/1/1 504/1/1
f 507/1/1 504/1/1 502/1/1
f 508/1/1 503/1/1 505/1/1
f 510/1/1 507/1/1 506/1/1
f 511/1/1 507/1/1 510/1/1
f 512/1/1 509/1/1 508/1/1
f 513/1/1 509/1/1 512/1/1
f 514/4/1 511/4/1 510/4/1
f 515/1/1 507/1/1 511/1/1
f 515/4/1 511/4/1 514/4/1
f 516/12/1 505/12/1 504/12/1
f 516/1/1 507/1/1 515/1/1
f 516/1/1 504/1/1 507/1/1
f 517/1/1 508/1/1 505/1/1
f 517/12/1 505/12/1 516/12/1
f 517/1/1 512/1/1 508/1/1
f 518/4/1 513/4/1 512/4/1
f 518/1/1 512/1/1 517/1/1
f 519/4/1 513/4/1 518/4/1
f 520/4/1 517/4/1 516/4/1
f 521/4/1 517/4/1 520/4/1
f 528/8/1 523/8/1 522/8/1
f 529/9/1 527/9/1 526/9/1
f 530/8/1 528/8/1 522/8/1
f 531/8/1 528/8/1 530/8/1
f 532/9/1 527/9/1 529/9/1
f 533/9/1 531/9/1 530/9/1
f 534/9/1 531/9/1 533/9/1
f 535/9/1 527/9/1 532/9/1
f 536/8/1 534/8/1 533/8/1
f 537/8/1 534/8/1 536/8/1
f 538/9/1 527/9/1 535/9/1
f 539/9/1 527/9/1 538/9/1
f 540/9/1 537/9/1 536/9/1
f 541/8/1 539/8/1 538/8/1
f 542/8/1 539/8/1 541/8/1
f 543/9/1 540/9/1 536/9/1
f 544/9/1 540/9/1 543/9/1
f 545/9/1 542/9/1 541/9/1
f 546/9/1 542/9/1 545/9/1
f 547/11/1 544/11/1 543/11/1
f 548/11/1 544/11/1 547/11/1
f 549/8/1 546/8/1 545/8/1
f 550/8/1 546/8/1 549/8/1
f 551/9/1 548/9/1 547/9/1
f 552/9/1 548/9/1 551/9/1
f 553/1/1 525/1/1 524/1/1
f 554/1/1 525/1/1 553/1/1
f 555/9/1 550/9/1 549/9/1
f 556/9/1 550/9/1 555/9/1
f 561/1/1 558/1/1 557/1/1
f 562/1/1 558/1/1 561/1/1
f 563/1/1 558/1/1 562/1/1
f 564/1/1 560/1/1 559/1/1
f 565/1/1 560/1/1 564/1/1
f 568/1/1 567/1/1 566/1/1
f 569/1/1 567/1/1 568/1/1
f 574/1/1 571/1/1 570/1/1
f 575/1/1 571/1/1 574/1/1
f 576/1/1 571/1/1 575/1/1
f 577/1/1 573/1/1 572/1/1
f 578/1/1 573/1/1 577/1/1
f 579/1/1 573/1/1 578/1/1
f 585/1/1 581/1/1 580/1/1
f 586/1/1 584/1/1 583/1/1
f 586/1/1 583/1/1 582/1/1
f 587/1/1 584/1/1 586/1/1
f 588/1/1 585/1/1 580/1/1
f 588/1/1 586/1/1 585/1/1
f 588/1/1 587/1/1 586/1/1
f 589/1/1 587/1/1 588/1/1
f 590/5/1 589/5/1 588/5/1
f 591/5/1 589/5/1 590/5/1
f 592/5/1 589/5/1 591/5/1
f 593/5/1 589/5/1 592/5/1
f 594/5/1 589/5/1 593/5/1
f 597/9/1 596/9/1 595/9/1
f 598/9/1 596/9/1 597/9/1
f 599/9/2 600/9/2 601/9/2
f 599/9/2 601/9/2 602/9/2
f 602/9/2 601/9/2 603/9/2
f 604/1/2 605/1/2 610/1/2
f 610/1/2 605/1/2 611/1/2
f 606/1/2 607/1/2 612/1/2
f 612/1/2 607/1/2 613/1/2
f 608/1/2 609/1/2 614/1/2
f 614/1/2 609/1/2 615/1/2
f 610/11/2 611/11/2 616/11/2
f 616/11/2 611/11/2 617/11/2
f 612/11/2 613/11/2 618/11/2
f 618/11/2 613/11/2 619/11/2
f 614/11/2 615/11/2 620/11/2
f 620/11/2 615/11/2 621/11/2
f 618/9/2 619/9/2 622/9/2
f 622/9/2 619/9/2 623/9/2
f 620/9/2 621/9/2 624/9/2
f 624/9/2 621/9/2 625/9/2
f 616/9/2 617/9/2 626/9/2
f 626/9/2 617/9/2 627/9/2
f 626/8/2 627/8/2 628/8/2
f 628/8/2 627/8/2 629/8/2
f 628/11/2 629/11/2 630/11/2
f 630/11/2 629/11/2 631/11/2
f 630/9/2 631/9/2 632/9/2
f 632/9/2 631/9/2 633/9/2
f 632/1/2 633/1/2 637/1/2
f 635/1/2 636/1/2 640/1/2
f 634/1/2 635/1/2 640/1/2
f 640/1/2 636/1/2 641/1/2
f 638/1/2 639/1/2 642/1/2
f 637/1/2 638/1/2 642/1/2
f 640/1/2 641/1/2 642/1/2
f 639/1/2 640/1/2 642/1/2
f 632/1/2 637/1/2 642/1/2
f 642/1/2 641/1/2 643/1/2
f 642/5/2 643/5/2 644/5/2
f 644/5/2 643/5/2 645/5/2
f 646/1/2 647/1/2 648/1/2
f 648/1/2 647/1/2 649/1/2
f 650/9/2 651/9/2 656/9/2
f 656/9/2 651/9/2 657/9/2
f 654/9/2 655/9/2 658/9/2
f 656/11/2 657/11/2 659/11/2
f 659/11/2 657/11/2 660/11/2
f 658/9/2 655/9/2 661/9/2
f 659/9/2 660/9/2 662/9/2
f 662/9/2 660/9/2 663/9/2
f 661/9/2 655/9/2 664/9/2
f 662/11/2 663/11/2 665/11/2
f 665/11/2 663/11/2 666/11/2
f 664/9/2 655/9/2 667/9/2
f 667/9/2 655/9/2 668/9/2
f 665/9/2 666/9/2 669/9/2
f 667/8/2 668/8/2 670/8/2
f 670/8/2 668/8/2 671/8/2
f 665/9/2 669/9/2 672/9/2
f 670/9/2 671/9/2 673/9/2
f 673/9/2 671/9/2 674/9/2
f 665/9/2 672/9/2 675/9/2
f 673/8/2 674/8/2 676/8/2
f 676/8/2 674/8/2 677/8/2
f 665/9/2 675/9/2 678/9/2
f 678/9/2 675/9/2 679/9/2
f 652/1/2 653/1/2 680/1/2
f 680/1/2 653/1/2 681/1/2
f 676/11/2 677/11/2 682/11/2
f 682/11/2 677/11/2 683/11/2
f 684/1/2 685/1/2 686/1/2
f 686/1/2 685/1/2 687/1/2
f 687/1/2 685/1/2 688/1/2
f 689/1/2 690/1/2 691/1/2
f 691/1/2 690/1/2 692/1/2
f 691/4/2 692/4/2 693/4/2
f 693/4/2 692/4/2 694/4/2
f 695/4/2 696/4/2 697/4/2
f 697/4/2 696/4/2 698/4/2
f 699/1/2 700/1/2 701/1/2
f 701/1/2 700/1/2 702/1/2
f 701/4/2 702/4/2 703/4/2
f 703/4/2 702/4/2 704/4/2
f 704/4/2 702/4/2 705/4/2
f 705/4/2 702/4/2 706/4/2
f 707/1/2 708/1/2 709/1/2
f 709/1/2 708/1/2 710/1/2
f 711/9/2 712/9/2 719/9/2
f 712/8/2 713/8/2 720/8/2
f 719/9/2 712/9/2 720/9/2
f 713/9/2 714/9/2 721/9/2
f 720/8/2 713/8/2 721/8/2
f 721/9/2 714/9/2 722/9/2
f 715/9/2 716/9/2 723/9/2
f 717/1/2 718/1/2 724/1/2
f 723/9/2 716/9/2 724/9/2
f 716/1/2 717/1/2 724/1/2
f 724/1/2 718/1/2 725/1/2
f 711/9/2 719/9/2 726/9/2
f 719/11/2 720/11/2 726/11/2
f 726/11/2 720/11/2 727/11/2
f 725/1/2 718/1/2 728/1/2
f 724/8/2 725/8/2 728/8/2
f 723/8/2 724/8/2 728/8/2
f 728/1/2 718/1/2 729/1/2
f 726/9/2 727/9/2 732/9/2
f 711/9/2 726/9/2 732/9/2
f 732/9/2 727/9/2 733/9/2
f 723/8/2 728/8/2 734/8/2
f 734/8/2 728/8/2 735/8/2
f 730/4/2 731/4/2 736/4/2
f 736/4/2 731/4/2 737/4/2
f 737/4/2 731/4/2 738/4/2
f 723/8/2 734/8/2 739/8/2
f 739/8/2 734/8/2 740/8/2
f 734/9/2 735/9/2 741/9/2
f 740/8/2 734/8/2 741/8/2
f 741/9/2 735/9/2 742/9/2
f 739/9/2 740/9/2 743/9/2
f 740/8/2 741/8/2 744/8/2
f 743/9/2 740/9/2 744/9/2
f 741/8/2 742/8/2 744/8/2
f 743/8/2 744/8/2 745/8/2
f 744/8/2 742/8/2 746/8/2
f 745/8/2 744/8/2 746/8/2
f 746/8/2 742/8/2 747/8/2
f 746/1/2 747/1/2 748/1/2
f 748/1/2 747/1/2 749/1/2
f 750/8/2 751/8/2 752/8/2
f 752/8/2 751/8/2 753/8/2
f 754/1/2 755/1/2 756/1/2
f 756/1/2 755/1/2 757/1/2
f 758/1/2 759/1/2 760/1/2
f 760/1/2 759/1/2 761/1/2
f 762/12/2 763/12/2 764/12/2
f 764/12/2 763/12/2 765/12/2
f 766/1/2 767/1/2 770/1/2
f 770/1/2 767/1/2 771/1/2
f 771/1/2 767/1/2 772/1/2
f 772/1/2 767/1/2 773/1/2
f 768/8/2 769/8/2 774/8/2
f 774/8/2 769/8/2 775/8/2
f 766/1/2 770/1/2 777/1/2
f 770/9/2 771/9/2 778/9/2
f 777/1/2 770/1/2 778/1/2
f 778/9/2 771/9/2 779/9/2
f 774/9/2 775/9/2 780/9/2
f 775/8/2 776/8/2 781/8/2
f 780/9/2 775/9/2 781/9/2
f 781/8/2 776/8/2 782/8/2
f 778/9/2 779/9/2 785/9/2
f 785/9/2 779/9/2 786/9/2
f 782/8/2 783/8/2 787/8/2
f 780/8/2 781/8/2 787/8/2
f 781/8/2 782/8/2 787/8/2
f 787/8/2 783/8/2 788/8/2
f 784/1/2 785/1/2 789/1/2
f 789/1/2 785/1/2 790/1/2
f 780/8/2 787/8/2 791/8/2
f 787/11/2 788/11/2 791/11/2
f 788/8/2 783/8/2 792/8/2
f 791/11/2 788/11/2 792/11/2
f 792/8/2 783/8/2 793/8/2
f 791/8/2 792/8/2 800/8/2
f 792/8/2 793/8/2 800/8/2
f 793/8/2 794/8/2 800/8/2
f 795/11/2 796/11/2 801/11/2
f 796/8/2 797/8/2 802/8/2
f 801/11/2 796/11/2 802/11/2
f 797/9/2 798/9/2 803/9/2
f 802/8/2 797/8/2 803/8/2
f 798/11/2 799/11/2 804/11/2
f 803/9/2 798/9/2 804/9/2
f 804/11/2 799/11/2 805/11/2
f 791/8/2 800/8/2 806/8/2
f 780/8/2 791/8/2 806/8/2
f 806/8/2 800/8/2 807/8/2
f 807/8/2 800/8/2 808/8/2
f 808/8/2 800/8/2 809/8/2
f 806/9/2 807/9/2 811/9/2
f 807/8/2 808/8/2 812/8/2
f 811/9/2 807/9/2 812/9/2
f 808/11/2 809/11/2 813/11/2
f 812/8/2 808/8/2 813/8/2
f 809/8/2 800/8/2 814/8/2
f 813/11/2 809/11/2 814/11/2
f 814/8/2 800/8/2 815/8/2
f 810/9/2 811/9/2 817/9/2
f 817/9/2 811/9/2 818/9/2
f 817/8/2 818/8/2 819/8/2
f 815/8/2 816/8/2 820/8/2
f 817/8/2 819/8/2 821/8/2
f 820/8/2 816/8/2 822/8/2
f 817/8/2 821/8/2 823/8/2
f 823/8/2 821/8/2 824/8/2
f 822/8/2 816/8/2 825/8/2
f 825/8/2 816/8/2 826/8/2
f 827/9/2 828/9/2 831/9/2
f 828/8/2 829/8/2 832/8/2
f 831/9/2 828/9/2 832/9/2
f 832/8/2 829/8/2 833/8/2
f 830/9/2 831/9/2 835/9/2
f 835/9/2 831/9/2 836/9/2
f 834/9/2 835/9/2 836/9/2
f 836/9/2 831/9/2 837/9/2
f 834/9/2 836/9/2 838/9/2
f 836/8/2 837/8/2 839/8/2
f 838/9/2 836/9/2 839/9/2
f 839/8/2 837/8/2 840/8/2
f 841/8/2 842/8/2 843/8/2
f 843/8/2 842/8/2 844/8/2
f 841/8/2 843/8/2 845/8/2
f 843/11/2 844/11/2 845/11/2
f 844/8/2 842/8/2 846/8/2
f 845/11/2 844/11/2 846/11/2
f 841/8/2 845/8/2 847/8/2
f 845/8/2 846/8/2 847/8/2
f 847/8/2 846/8/2 848/8/2
f 846/8/2 842/8/2 849/8/2
f 848/8/2 846/8/2 849/8/2
f 849/8/2 842/8/2 850/8/2
f 847/11/2 848/11/2 851/11/2
f 848/8/2 849/8/2 852/8/2
f 851/11/2 848/11/2 852/11/2
f 849/11/2 850/11/2 853/11/2
f 852/8/2 849/8/2 853/8/2
f 853/11/2 850/11/2 854/11/2
f 851/8/2 852/8/2 855/8/2
f 852/8/2 853/8/2 855/8/2
f 853/9/2 854/9/2 856/9/2
f 855/8/2 853/8/2 856/8/2
f 856/9/2 854/9/2 857/9/2
f 858/4/2 859/4/2 860/4/2
f 860/4/2 859/4/2 861/4/2
f 862/4/2 863/4/2 870/4/2
f 868/4/2 869/4/2 870/4/2
f 867/4/2 868/4/2 870/4/2
f 866/4/2 867/4/2 870/4/2
f 865/4/2 866/4/2 870/4/2
f 864/4/2 865/4/2 870/4/2
f 863/4/2 864/4/2 870/4/2
f 870/4/2 869/4/2 871/4/2
f 870/5/2 871/5/2 872/5/2
f 872/5/2 871/5/2 873/5/2
f 874/5/2 875/5/2 880/5/2
f 875/5/2 876/5/2 880/5/2
f 880/5/2 876/5/2 881/5/2
f 878/5/2 879/5/2 882/5/2
f 877/5/2 878/5/2 882/5/2
f 882/5/2 879/5/2 883/5/2
f 884/12/2 885/12/2 890/12/2
f 890/12/2 885/12/2 891/12/2
f 886/4/2 887/4/2 892/4/2
f 892/4/2 887/4/2 893/4/2
f 888/4/2 889/4/2 894/4/2
f 894/4/2 889/4/2 895/4/2
f 896/1/2 897/1/2 899/1/2
f 897/1/2 898/1/2 899/1/2
f 899/1/2 898/1/2 900/1/2
f 901/5/2 902/5/2 905/5/2
f 905/5/2 902/5/2 906/5/2
f 903/5/2 904/5/2 907/5/2
f 907/5/2 904/5/2 908/5/2
f 909/2/2 910/2/2 911/2/2
f 911/2/2 910/2/2 912/2/2
f 911/3/2 912/3/2 913/3/2
f 913/3/2 912/3/2 914/3/2
f 913/2/2 914/2/2 915/2/2
f 915/2/2 914/2/2 916/2/2
f 915/3/2 916/3/2 917/3/2
f 917/3/2 916/3/2 918/3/2
f 917/2/2 918/2/2 919/2/2
f 919/2/2 918/2/2 920/2/2
f 919/3/2 920/3/2 921/3/2
f 921/3/2 920/3/2 922/3/2
f 921/2/2 922/2/2 923/2/2
f 923/2/2 922/2/2 924/2/2
f 923/3/2 924/3/2 925/3/2
f 925/3/2 924/3/2 926/3/2
f 927/4/2 928/4/2 931/4/2
f 931/4/2 928/4/2 932/4/2
f 929/4/2 930/4/2 937/4/2
f 937/4/2 930/4/2 938/4/2
f 932/9/2 933/9/2 939/9/2
f 933/11/2 934/11/2 939/11/2
f 939/11/2 934/11/2 940/11/2
f 935/11/2 936/11/2 941/11/2
f 936/8/2 937/8/2 942/8/2
f 941/11/2 936/11/2 942/11/2
f 942/8/2 937/8/2 943/8/2
f 939/9/2 940/9/2 944/9/2
f 932/9/2 939/9/2 944/9/2
f 944/9/2 940/9/2 945/9/2
f 945/9/2 940/9/2 946/9/2
f 942/9/2 943/9/2 947/9/2
f 941/9/2 942/9/2 947/9/2
f 944/11/2 945/11/2 948/11/2
f 945/9/2 946/9/2 949/9/2
f 948/11/2 945/11/2 949/11/2
f 946/9/2 947/9/2 949/9/2
f 949/9/2 947/9/2 950/9/2
f 950/9/2 947/9/2 951/9/2
f 947/9/2 943/9/2 952/9/2
f 951/9/2 947/9/2 952/9/2
f 952/9/2 943/9/2 953/9/2
f 953/9/2 943/9/2 954/9/2
f 949/8/2 950/8/2 955/8/2
f 950/11/2 951/11/2 956/11/2
f 955/8/2 950/8/2 956/8/2
f 951/9/2 952/9/2 957/9/2
f 956/11/2 951/11/2 957/11/2
f 952/8/2 953/8/2 958/8/2
f 957/9/2 952/9/2 958/9/2
f 958/8/2 953/8/2 959/8/2
f 960/9/2 961/9/2 966/9/2
f 966/9/2 961/9/2 967/9/2
f 962/9/2 963/9/2 968/9/2
f 963/11/2 964/11/2 968/11/2
f 964/9/2 965/9/2 969/9/2
f 968/11/2 964/11/2 969/11/2
f 966/11/2 967/11/2 970/11/2
f 967/9/2 961/9/2 971/9/2
f 970/11/2 967/11/2 971/11/2
f 971/9/2 961/9/2 972/9/2
f 972/9/2 961/9/2 973/9/2
f 962/9/2 968/9/2 974/9/2
f 968/9/2 969/9/2 974/9/2
f 974/9/2 969/9/2 975/9/2
f 969/9/2 965/9/2 976/9/2
f 975/9/2 969/9/2 976/9/2
f 976/9/2 965/9/2 977/9/2
f 971/9/2 972/9/2 978/9/2
f 970/9/2 971/9/2 978/9/2
f 978/9/2 972/9/2 979/9/2
f 972/11/2 973/11/2 980/11/2
f 979/9/2 972/9/2 980/9/2
f 980/11/2 973/11/2 981/11/2
f 974/11/2 975/11/2 982/11/2
f 975/9/2 976/9/2 983/9/2
f 982/11/2 975/11/2 983/11/2
f 976/8/2 977/8/2 984/8/2
f 983/9/2 976/9/2 984/9/2
f 984/8/2 977/8/2 985/8/2
f 978/8/2 979/8/2 986/8/2
f 980/9/2 981/9/2 987/9/2
f 986/8/2 979/8/2 987/8/2
f 979/9/2 980/9/2 987/9/2
f 982/9/2 983/9/2 988/9/2
f 984/9/2 985/9/2 988/9/2
f 983/9/2 984/9/2 988/9/2
f 988/9/2 985/9/2 989/9/2
f 989/9/2 985/9/2 990/9/2
f 990/9/2 985/9/2 991/9/2
f 988/8/2 989/8/2 992/8/2
f 989/9/2 990/9/2 993/9/2
f 992/8/2 989/8/2 993/8/2
f 990/8/2 991/8/2 994/8/2
f 993/9/2 990/9/2 994/9/2
f 994/8/2 991/8/2 995/8/2
f 986/9/2 987/9/2 996/9/2
f 987/9/2 981/9/2 997/9/2
f 996/9/2 987/9/2 997/9/2
f 992/9/2 993/9/2 998/9/2
f 993/9/2 994/9/2 998/9/2
f 994/9/2 995/9/2 998/9/2
f 998/9/2 995/9/2 999/9/2
f 999/9/2 995/9/2 1000/9/2
f 996/8/2 997/8/2 1001/8/2
f 997/9/2 981/9/2 1002/9/2
f 1001/8/2 997/8/2 1002/8/2
f 1002/9/2 981/9/2 1003/9/2
f 998/8/2 999/8/2 1004/8/2
f 999/11/2 1000/11/2 1005/11/2
f 1004/8/2 999/8/2 1005/8/2
f 1000/9/2 995/9/2 1006/9/2
f 1005/11/2 1000/11/2 1006/11/2
f 1001/9/2 1002/9/2 1007/9/2
f 1002/11/2 1003/11/2 1008/11/2
f 1007/9/2 1002/9/2 1008/9/2
f 1003/9/2 981/9/2 1009/9/2
f 1008/11/2 1003/11/2 1009/11/2
f 1009/9/2 981/9/2 1010/9/2
f 1004/9/2 1005/9/2 1011/9/2
f 1005/9/2 1006/9/2 1011/9/2
f 1006/9/2 995/9/2 1012/9/2
f 1011/9/2 1006/9/2 1012/9/2
f 1013/5/2 1014/5/2 1015/5/2
f 1015/5/2 1014/5/2 1016/5/2
f 1016/5/2 1014/5/2 1017/5/2
f 1017/5/2 1014/5/2 1018/5/2
f 1018/5/2 1014/5/2 1019/5/2
f 1019/5/2 1014/5/2 1020/5/2
f 1020/5/2 1014/5/2 1021/5/2
f 1021/5/2 1014/5/2 1022/5/2
f 1016/8/2 1017/8/2 1023/8/2
f 1017/9/2 1018/9/2 1024/9/2
f 1023/8/2 1017/8/2 1024/8/2
f 1024/9/2 1018/9/2 1025/9/2
f 1019/8/2 1020/8/2 1026/8/2
f 1020/9/2 1021/9/2 1027/9/2
f 1026/8/2 1020/8/2 1027/8/2
f 1027/9/2 1021/9/2 1028/9/2
f 1031/9/2 1032/9/2 1033/9/2
f 1033/9/2 1032/9/2 1034/9/2
f 1029/9/2 1030/9/2 1035/9/2
f 1035/9/2 1030/9/2 1036/9/2
f 1033/10/2 1034/10/2 1037/10/2
f 1037/10/2 1034/10/2 1038/10/2
f 1035/8/2 1036/8/2 1039/8/2
f 1039/8/2 1036/8/2 1040/8/2
f 1037/8/2 1038/8/2 1041/8/2
f 1041/8/2 1038/8/2 1042/8/2
f 1039/6/2 1040/6/2 1043/6/2
f 1043/6/2 1040/6/2 1044/6/2
f 1041/6/2 1042/6/2 1045/6/2
f 1045/6/2 1042/6/2 1046/6/2
f 1047/4/2 1048/4/2 1049/4/2
f 1049/4/2 1048/4/2 1050/4/2
f 1051/9/2 1052/9/2 1067/9/2
f 1067/9/2 1052/9/2 1068/9/2
f 1052/8/2 1053/8/2 1069/8/2
f 1068/9/2 1052/9/2 1069/9/2
f 1053/9/2 1054/9/2 1070/9/2
f 1069/8/2 1053/8/2 1070/8/2
f 1054/10/2 1055/10/2 1071/10/2
f 1070/9/2 1054/9/2 1071/9/2
f 1055/9/2 1056/9/2 1072/9/2
f 1071/10/2 1055/10/2 1072/10/2
f 1056/8/2 1057/8/2 1073/8/2
f 1072/9/2 1056/9/2 1073/9/2
f 1057/9/2 1058/9/2 1074/9/2
f 1073/8/2 1057/8/2 1074/8/2
f 1074/9/2 1058/9/2 1075/9/2
f 1075/9/2 1058/9/2 1076/9/2
f 1076/9/2 1058/9/2 1077/9/2
f 1058/8/2 1059/8/2 1078/8/2
f 1077/9/2 1058/9/2 1078/9/2
f 1059/9/2 1060/9/2 1079/9/2
f 1078/8/2 1059/8/2 1079/8/2
f 1060/10/2 1061/10/2 1080/10/2
f 1079/9/2 1060/9/2 1080/9/2
f 1061/9/2 1062/9/2 1081/9/2
f 1080/10/2 1061/10/2 1081/10/2
f 1081/9/2 1062/9/2 1082/9/2
f 1062/8/2 1063/8/2 1083/8/2
f 1082/9/2 1062/9/2 1083/9/2
f 1063/9/2 1064/9/2 1084/9/2
f 1083/8/2 1063/8/2 1084/8/2
f 1064/10/2 1065/10/2 1085/10/2
f 1084/9/2 1064/9/2 1085/9/2
f 1065/8/2 1066/8/2 1086/8/2
f 1085/10/2 1065/10/2 1086/10/2
f 1086/8/2 1066/8/2 1087/8/2
f 1067/8/2 1068/8/2 1088/8/2
f 1068/9/2 1069/9/2 1089/9/2
f 1088/8/2 1068/8/2 1089/8/2
f 1069/9/2 1070/9/2 1089/9/2
f 1070/9/2 1071/9/2 1089/9/2
f 1089/9/2 1071/9/2 1090/9/2
f 1090/9/2 1071/9/2 1091/9/2
f 1091/9/2 1071/9/2 1092/9/2
f 1071/8/2 1072/8/2 1093/8/2
f 1092/9/2 1071/9/2 1093/9/2
f 1072/9/2 1073/9/2 1094/9/2
f 1093/8/2 1072/8/2 1094/8/2
f 1073/9/2 1074/9/2 1094/9/2
f 1074/9/2 1075/9/2 1094/9/2
f 1094/9/2 1075/9/2 1095/9/2
f 1095/9/2 1075/9/2 1096/9/2
f 1075/10/2 1076/10/2 1097/10/2
f 1096/9/2 1075/9/2 1097/9/2
f 1076/8/2 1077/8/2 1098/8/2
f 1097/10/2 1076/10/2 1098/10/2
f 1077/9/2 1078/9/2 1099/9/2
f 1098/8/2 1077/8/2 1099/8/2
f 1078/9/2 1079/9/2 1099/9/2
f 1079/9/2 1080/9/2 1099/9/2
f 1080/9/2 1081/9/2 1099/9/2
f 1099/9/2 1081/9/2 1100/9/2
f 1100/9/2 1081/9/2 1101/9/2
f 1101/9/2 1081/9/2 1102/9/2
f 1081/8/2 1082/8/2 1103/8/2
f 1102/9/2 1081/9/2 1103/9/2
f 1084/9/2 1085/9/2 1104/9/2
f 1103/8/2 1082/8/2 1104/8/2
f 1086/9/2 1087/9/2 1104/9/2
f 1085/9/2 1086/9/2 1104/9/2
f 1082/9/2 1083/9/2 1104/9/2
f 1083/9/2 1084/9/2 1104/9/2
f 1104/9/2 1087/9/2 1105/9/2
f 1105/9/2 1087/9/2 1106/9/2
f 1106/9/2 1087/9/2 1107/9/2
f 1107/9/2 1087/9/2 1108/9/2
f 1108/9/2 1087/9/2 1109/9/2
f 1109/9/2 1087/9/2 1110/9/2
f 1088/9/2 1089/9/2 1111/9/2
f 1089/10/2 1090/10/2 1112/10/2
f 1111/9/2 1089/9/2 1112/9/2
f 1090/9/2 1091/9/2 1113/9/2
f 1112/10/2 1090/10/2 1113/10/2
f 1091/8/2 1092/8/2 1114/8/2
f 1113/9/2 1091/9/2 1114/9/2
f 1092/9/2 1093/9/2 1115/9/2
f 1114/8/2 1092/8/2 1115/8/2
f 1094/9/2 1095/9/2 1115/9/2
f 1093/9/2 1094/9/2 1115/9/2
f 1095/8/2 1096/8/2 1116/8/2
f 1115/9/2 1095/9/2 1116/9/2
f 1099/9/2 1100/9/2 1117/9/2
f 1116/8/2 1096/8/2 1117/8/2
f 1096/9/2 1097/9/2 1117/9/2
f 1097/9/2 1098/9/2 1117/9/2
f 1098/9/2 1099/9/2 1117/9/2
f 1100/10/2 1101/10/2 1118/10/2
f 1117/9/2 1100/9/2 1118/9/2
f 1101/8/2 1102/8/2 1119/8/2
f 1118/10/2 1101/10/2 1119/10/2
f 1102/9/2 1103/9/2 1120/9/2
f 1119/8/2 1102/8/2 1120/8/2
f 1103/9/2 1104/9/2 1120/9/2
f 1104/8/2 1105/8/2 1121/8/2
f 1120/9/2 1104/9/2 1121/9/2
f 1105/9/2 1106/9/2 1122/9/2
f 1121/8/2 1105/8/2 1122/8/2
f 1106/8/2 1107/8/2 1123/8/2
f 1122/9/2 1106/9/2 1123/9/2
f 1107/10/2 1108/10/2 1124/10/2
f 1123/8/2 1107/8/2 1124/8/2
f 1108/9/2 1109/9/2 1125/9/2
f 1124/10/2 1108/10/2 1125/10/2
f 1109/10/2 1110/10/2 1126/10/2
f 1125/9/2 1109/9/2 1126/9/2
f 1126/10/2 1110/10/2 1127/10/2
f 1118/6/2 1119/6/2 1128/6/2
f 1116/6/2 1117/6/2 1128/6/2
f 1126/6/2 1127/6/2 1128/6/2
f 1125/6/2 1126/6/2 1128/6/2
f 1119/6/2 1120/6/2 1128/6/2
f 1114/6/2 1115/6/2 1128/6/2
f 1115/6/2 1116/6/2 1128/6/2
f 1111/6/2 1112/6/2 1128/6/2
f 1112/6/2 1113/6/2 1128/6/2
f 1113/6/2 1114/6/2 1128/6/2
f 1120/6/2 1121/6/2 1128/6/2
f 1117/6/2 1118/6/2 1128/6/2
f 1123/6/2 1124/6/2 1128/6/2
f 1124/6/2 1125/6/2 1128/6/2
f 1121/6/2 1122/6/2 1128/6/2
f 1122/6/2 1123/6/2 1128/6/2
f 1128/6/2 1127/6/2 1129/6/2
f 1133/9/3 1131/9/3 1130/9/3
f 1134/9/3 1131/9/3 1133/9/3
f 1135/6/3 1132/6/3 1131/6/3
f 1135/9/3 1131/9/3 1134/9/3
f 1136/6/3 1132/6/3 1135/6/3
f 1137/9/3 1133/9/3 1130/9/3
f 1138/10/3 1134/10/3 1133/10/3
f 1138/9/3 1133/9/3 1137/9/3
f 1139/9/3 1135/9/3 1134/9/3
f 1139/10/3 1134/10/3 1138/10/3
f 1140/7/3 1136/7/3 1135/7/3
f 1140/9/3 1135/9/3 1139/9/3
f 1141/7/3 1136/7/3 1140/7/3
f 1142/8/3 1138/8/3 1137/8/3
f 1143/9/3 1139/9/3 1138/9/3
f 1143/8/3 1138/8/3 1142/8/3
f 1143/9/3 1140/9/3 1139/9/3
f 1144/9/3 1140/9/3 1143/9/3
f 1145/6/3 1141/6/3 1140/6/3
f 1145/9/3 1140/9/3 1144/9/3
f 1146/6/3 1141/6/3 1145/6/3
f 1147/9/3 1144/9/3 1143/9/3
f 1147/9/3 1143/9/3 1142/9/3
f 1147/8/3 1145/8/3 1144/8/3
f 1148/7/3 1146/7/3 1145/7/3
f 1148/8/3 1145/8/3 1147/8/3
f 1149/7/3 1146/7/3 1148/7/3
f 1150/9/3 1147/9/3 1142/9/3
f 1150/9/3 1148/9/3 1147/9/3
f 1151/6/3 1149/6/3 1148/6/3
f 1151/9/3 1148/9/3 1150/9/3
f 1152/6/3 1149/6/3 1151/6/3
f 1153/9/3 1150/9/3 1142/9/3
f 1154/9/3 1150/9/3 1153/9/3
f 1155/10/3 1151/10/3 1150/10/3
f 1155/9/3 1150/9/3 1154/9/3
f 1156/7/3 1152/7/3 1151/7/3
f 1156/10/3 1151/10/3 1155/10/3
f 1157/7/3 1152/7/3 1156/7/3
f 1158/8/3 1154/8/3 1153/8/3
f 1159/9/3 1155/9/3 1154/9/3
f 1159/8/3 1154/8/3 1158/8/3
f 1159/9/3 1156/9/3 1155/9/3
f 1160/6/3 1157/6/3 1156/6/3
f 1160/9/3 1156/9/3 1159/9/3
f 1161/6/3 1157/6/3 1160/6/3
f 1162/9/3 1159/9/3 1158/9/3
f 1162/9/3 1160/9/3 1159/9/3
f 1163/7/3 1161/7/3 1160/7/3
f 1163/9/3 1160/9/3 1162/9/3
f 1164/7/3 1161/7/3 1163/7/3
f 1165/9/3 1162/9/3 1158/9/3
f 1166/9/3 1162/9/3 1165/9/3
f 1167/8/3 1163/8/3 1162/8/3
f 1167/9/3 1162/9/3 1166/9/3
f 1168/6/3 1164/6/3 1163/6/3
f 1168/8/3 1163/8/3 1167/8/3
f 1169/6/3 1164/6/3 1168/6/3
f 1170/10/3 1166/10/3 1165/10/3
f 1171/9/3 1167/9/3 1166/9/3
f 1171/10/3 1166/10/3 1170/10/3
f 1171/9/3 1168/9/3 1167/9/3
f 1172/9/3 1168/9/3 1171/9/3
f 1173/7/3 1169/7/3 1168/7/3
f 1173/9/3 1168/9/3 1172/9/3
f 1174/7/3 1169/7/3 1173/7/3
f 1175/8/3 1172/8/3 1171/8/3
f 1175/9/3 1171/9/3 1170/9/3
f 1176/9/3 1173/9/3 1172/9/3
f 1176/8/3 1172/8/3 1175/8/3
f 1177/6/3 1174/6/3 1173/6/3
f 1177/9/3 1173/9/3 1176/9/3
f 1178/6/3 1174/6/3 1177/6/3
f 1179/9/3 1176/9/3 1175/9/3
f 1179/9/3 1177/9/3 1176/9/3
f 1180/7/3 1178/7/3 1177/7/3
f 1180/9/3 1177/9/3 1179/9/3
f 1181/7/3 1178/7/3 1180/7/3
f 1182/9/3 1175/9/3 1170/9/3
f 1182/9/3 1179/9/3 1175/9/3
f 1183/9/3 1179/9/3 1182/9/3
f 1184/10/3 1180/10/3 1179/10/3
f 1184/9/3 1179/9/3 1183/9/3
f 1185/6/3 1181/6/3 1180/6/3
f 1185/10/3 1180/10/3 1184/10/3
f 1186/6/3 1181/6/3 1185/6/3
f 1187/8/3 1183/8/3 1182/8/3
f 1188/9/3 1184/9/3 1183/9/3
f 1188/8/3 1183/8/3 1187/8/3
f 1188/9/3 1185/9/3 1184/9/3
f 1189/9/3 1185/9/3 1188/9/3
f 1190/7/3 1186/7/3 1185/7/3
f 1190/9/3 1185/9/3 1189/9/3
f 1191/7/3 1186/7/3 1190/7/3
f 1192/9/3 1189/9/3 1188/9/3
f 1192/9/3 1188/9/3 1187/9/3
f 1193/9/3 1189/9/3 1192/9/3
f 1194/8/3 1190/8/3 1189/8/3
f 1194/9/3 1189/9/3 1193/9/3
f 1195/6/3 1191/6/3 1190/6/3
f 1195/8/3 1190/8/3 1194/8/3
f 1196/6/3 1191/6/3 1195/6/3
f 1197/10/3 1193/10/3 1192/10/3
f 1198/9/3 1194/9/3 1193/9/3
f 1198/10/3 1193/10/3 1197/10/3
f 1198/9/3 1195/9/3 1194/9/3
f 1199/9/3 1195/9/3 1198/9/3
f 1200/7/3 1196/7/3 1195/7/3
f 1200/9/3 1195/9/3 1199/9/3
f 1201/7/3 1196/7/3 1200/7/3
f 1202/9/3 1198/9/3 1197/9/3
f 1203/8/3 1199/8/3 1198/8/3
f 1203/9/3 1198/9/3 1202/9/3
f 1204/9/3 1200/9/3 1199/9/3
f 1204/8/3 1199/8/3 1203/8/3
f 1205/6/3 1201/6/3 1200/6/3
f 1205/9/3 1200/9/3 1204/9/3
f 1206/6/3 1201/6/3 1205/6/3
f 1207/8/3 1203/8/3 1202/8/3
f 1208/9/3 1204/9/3 1203/9/3
f 1208/8/3 1203/8/3 1207/8/3
f 1208/9/3 1205/9/3 1204/9/3
f 1209/9/3 1205/9/3 1208/9/3
f 1210/7/3 1206/7/3 1205/7/3
f 1210/9/3 1205/9/3 1209/9/3
f 1211/7/3 1206/7/3 1210/7/3
f 1212/9/3 1209/9/3 1208/9/3
f 1212/9/3 1208/9/3 1207/9/3
f 1212/10/3 1210/10/3 1209/10/3
f 1213/6/3 1211/6/3 1210/6/3
f 1213/10/3 1210/10/3 1212/10/3
f 1214/6/3 1211/6/3 1213/6/3
f 1215/9/3 1212/9/3 1207/9/3
f 1215/8/3 1213/8/3 1212/8/3
f 1216/7/3 1214/7/3 1213/7/3
f 1216/8/3 1213/8/3 1215/8/3
f 1217/7/3 1214/7/3 1216/7/3
f 1218/9/3 1215/9/3 1207/9/3
f 1218/9/3 1216/9/3 1215/9/3
f 1219/9/3 1216/9/3 1218/9/3
f 1220/6/3 1217/6/3 1216/6/3
f 1220/9/3 1216/9/3 1219/9/3
f 1221/6/3 1217/6/3 1220/6/3
f 1222/8/3 1219/8/3 1218/8/3
f 1223/9/3 1220/9/3 1219/9/3
f 1223/8/3 1219/8/3 1222/8/3
f 1224/9/3 1220/9/3 1223/9/3
f 1225/7/3 1221/7/3 1220/7/3
f 1225/9/3 1220/9/3 1224/9/3
f 1226/7/3 1221/7/3 1225/7/3
f 1227/10/3 1224/10/3 1223/10/3
f 1227/9/3 1223/9/3 1222/9/3
f 1228/9/3 1225/9/3 1224/9/3
f 1228/10/3 1224/10/3 1227/10/3
f 1229/6/3 1226/6/3 1225/6/3
f 1229/9/3 1225/9/3 1228/9/3
f 1230/6/3 1226/6/3 1229/6/3
f 1231/9/3 1228/9/3 1227/9/3
f 1231/8/3 1229/8/3 1228/8/3
f 1232/7/3 1230/7/3 1229/7/3
f 1232/8/3 1229/8/3 1231/8/3
f 1233/7/3 1230/7/3 1232/7/3
f 1234/9/3 1227/9/3 1222/9/3
f 1234/9/3 1231/9/3 1227/9/3
f 1234/9/3 1232/9/3 1231/9/3
f 1235/9/3 1232/9/3 1234/9/3
f 1236/6/3 1233/6/3 1232/6/3
f 1236/9/3 1232/9/3 1235/9/3
f 1237/6/3 1233/6/3 1236/6/3
f 1238/8/3 1235/8/3 1234/8/3
f 1239/9/3 1236/9/3 1235/9/3
f 1239/8/3 1235/8/3 1238/8/3
f 1240/9/3 1236/9/3 1239/9/3
f 1241/7/3 1237/7/3 1236/7/3
f 1241/9/3 1236/9/3 1240/9/3
f 1242/7/3 1237/7/3 1241/7/3
f 1243/10/3 1240/10/3 1239/10/3
f 1243/9/3 1239/9/3 1238/9/3
f 1244/8/3 1241/8/3 1240/8/3
f 1244/10/3 1240/10/3 1243/10/3
f 1245/6/3 1242/6/3 1241/6/3
f 1245/8/3 1241/8/3 1244/8/3
f 1246/6/3 1242/6/3 1245/6/3
f 1247/9/3 1244/9/3 1243/9/3
f 1247/9/3 1245/9/3 1244/9/3
f 1248/7/3 1246/7/3 1245/7/3
f 1248/9/3 1245/9/3 1247/9/3
f 1249/7/3 1246/7/3 1248/7/3
f 1250/9/3 1243/9/3 1238/9/3
f 1250/9/3 1247/9/3 1243/9/3
f 1251/8/3 1248/8/3 1247/8/3
f 1251/9/3 1247/9/3 1250/9/3
f 1252/6/3 1249/6/3 1248/6/3
f 1252/8/3 1248/8/3 1251/8/3
f 1253/6/3 1249/6/3 1252/6/3
f 1258/8/3 1255/8/3 1254/8/3
f 1259/9/3 1256/9/3 1255/9/3
f 1259/8/3 1255/8/3 1258/8/3
f 1260/7/3 1257/7/3 1256/7/3
f 1260/9/3 1256/9/3 1259/9/3
f 1261/7/3 1257/7/3 1260/7/3
f 1268/4/3 1263/4/3 1262/4/3
f 1269/4/3 1263/4/3 1268/4/3
f 1270/9/3 1265/9/3 1264/9/3
f 1270/9/3 1266/9/3 1265/9/3
f 1271/9/3 1266/9/3 1270/9/3
f 1272/7/3 1267/7/3 1266/7/3
f 1272/9/3 1266/9/3 1271/9/3
f 1273/7/3 1267/7/3 1272/7/3
f 1274/9/3 1270/9/3 1264/9/3
f 1275/8/3 1271/8/3 1270/8/3
f 1275/9/3 1270/9/3 1274/9/3
f 1276/9/3 1272/9/3 1271/9/3
f 1276/8/3 1271/8/3 1275/8/3
f 1277/6/3 1273/6/3 1272/6/3
f 1277/9/3 1272/9/3 1276/9/3
f 1278/6/3 1273/6/3 1277/6/3
f 1285/8/3 1280/8/3 1279/8/3
f 1285/11/3 1281/11/3 1280/11/3
f 1286/8/3 1282/8/3 1281/8/3
f 1286/11/3 1281/11/3 1285/11/3
f 1287/11/3 1283/11/3 1282/11/3
f 1287/8/3 1282/8/3 1286/8/3
f 1288/8/3 1284/8/3 1283/8/3
f 1288/11/3 1283/11/3 1287/11/3
f 1289/8/3 1287/8/3 1286/8/3
f 1289/8/3 1286/8/3 1285/8/3
f 1289/8/3 1288/8/3 1287/8/3
f 1290/8/3 1288/8/3 1289/8/3
f 1291/8/3 1285/8/3 1279/8/3
f 1291/8/3 1289/8/3 1285/8/3
f 1292/8/3 1289/8/3 1291/8/3
f 1293/11/3 1290/11/3 1289/11/3
f 1293/8/3 1289/8/3 1292/8/3
f 1294/8/3 1288/8/3 1290/8/3
f 1294/11/3 1290/11/3 1293/11/3
f 1295/9/3 1292/9/3 1291/9/3
f 1296/8/3 1293/8/3 1292/8/3
f 1296/9/3 1292/9/3 1295/9/3
f 1296/8/3 1294/8/3 1293/8/3
f 1297/8/3 1284/8/3 1288/8/3
f 1297/8/3 1294/8/3 1296/8/3
f 1297/8/3 1288/8/3 1294/8/3
f 1308/8/3 1299/8/3 1298/8/3
f 1309/9/3 1300/9/3 1299/9/3
f 1309/8/3 1299/8/3 1308/8/3
f 1310/11/3 1301/11/3 1300/11/3
f 1310/9/3 1300/9/3 1309/9/3
f 1311/9/3 1302/9/3 1301/9/3
f 1311/11/3 1301/11/3 1310/11/3
f 1312/8/3 1303/8/3 1302/8/3
f 1312/9/3 1302/9/3 1311/9/3
f 1313/9/3 1304/9/3 1303/9/3
f 1313/8/3 1303/8/3 1312/8/3
f 1314/11/3 1305/11/3 1304/11/3
f 1314/9/3 1304/9/3 1313/9/3
f 1315/11/3 1305/11/3 1314/11/3
f 1316/9/3 1309/9/3 1308/9/3
f 1316/9/3 1310/9/3 1309/9/3
f 1316/9/3 1315/9/3 1314/9/3
f 1316/9/3 1314/9/3 1313/9/3
f 1316/9/3 1313/9/3 1312/9/3
f 1316/9/3 1312/9/3 1311/9/3
f 1316/9/3 1311/9/3 1310/9/3
f 1317/9/3 1315/9/3 1316/9/3
f 1318/9/3 1315/9/3 1317/9/3
f 1319/9/3 1315/9/3 1318/9/3
f 1320/9/3 1315/9/3 1319/9/3
f 1321/9/3 1317/9/3 1316/9/3
f 1322/9/3 1317/9/3 1321/9/3
f 1323/9/3 1317/9/3 1322/9/3
f 1324/8/3 1318/8/3 1317/8/3
f 1324/9/3 1317/9/3 1323/9/3
f 1325/9/3 1319/9/3 1318/9/3
f 1325/8/3 1318/8/3 1324/8/3
f 1326/11/3 1320/11/3 1319/11/3
f 1326/9/3 1319/9/3 1325/9/3
f 1327/9/3 1315/9/3 1320/9/3
f 1327/11/3 1320/11/3 1326/11/3
f 1328/9/3 1322/9/3 1321/9/3
f 1329/11/3 1323/11/3 1322/11/3
f 1329/9/3 1322/9/3 1328/9/3
f 1330/9/3 1324/9/3 1323/9/3
f 1330/11/3 1323/11/3 1329/11/3
f 1331/11/3 1325/11/3 1324/11/3
f 1331/9/3 1324/9/3 1330/9/3
f 1332/9/3 1326/9/3 1325/9/3
f 1332/11/3 1325/11/3 1331/11/3
f 1332/9/3 1327/9/3 1326/9/3
f 1333/9/3 1315/9/3 1327/9/3
f 1333/9/3 1327/9/3 1332/9/3
f 1336/5/3 1307/5/3 1306/5/3
f 1339/8/3 1335/8/3 1334/8/3
f 1340/8/3 1335/8/3 1339/8/3
f 1341/8/3 1335/8/3 1340/8/3
f 1342/8/3 1335/8/3 1341/8/3
f 1343/8/3 1335/8/3 1342/8/3
f 1344/8/3 1335/8/3 1343/8/3
f 1345/11/3 1338/11/3 1337/11/3
f 1345/8/3 1337/8/3 1336/8/3
f 1346/8/3 1339/8/3 1338/8/3
f 1346/11/3 1338/11/3 1345/11/3
f 1347/8/3 1339/8/3 1346/8/3
f 1348/8/3 1339/8/3 1347/8/3
f 1349/5/3 1336/5/3 1306/5/3
f 1349/8/3 1345/8/3 1336/8/3
f 1349/8/3 1346/8/3 1345/8/3
f 1349/8/3 1347/8/3 1346/8/3
f 1350/8/3 1347/8/3 1349/8/3
f 1351/8/3 1347/8/3 1350/8/3
f 1352/9/3 1348/9/3 1347/9/3
f 1352/8/3 1347/8/3 1351/8/3
f 1353/8/3 1339/8/3 1348/8/3
f 1353/9/3 1348/9/3 1352/9/3
f 1354/5/3 1349/5/3 1306/5/3
f 1354/11/3 1350/11/3 1349/11/3
f 1355/9/3 1351/9/3 1350/9/3
f 1355/11/3 1350/11/3 1354/11/3
f 1356/8/3 1352/8/3 1351/8/3
f 1356/9/3 1351/9/3 1355/9/3
f 1356/8/3 1353/8/3 1352/8/3
f 1357/8/3 1353/8/3 1356/8/3
f 1358/8/3 1353/8/3 1357/8/3
f 1359/8/3 1355/8/3 1354/8/3
f 1359/8/3 1356/8/3 1355/8/3
f 1359/8/3 1357/8/3 1356/8/3
f 1360/8/3 1357/8/3 1359/8/3
f 1361/11/3 1358/11/3 1357/11/3
f 1361/8/3 1357/8/3 1360/8/3
f 1362/8/3 1353/8/3 1358/8/3
f 1362/11/3 1358/11/3 1361/11/3
f 1363/8/3 1339/8/3 1353/8/3
f 1363/8/3 1353/8/3 1362/8/3
f 1364/8/3 1339/8/3 1363/8/3
f 1365/5/3 1354/5/3 1306/5/3
f 1365/8/3 1359/8/3 1354/8/3
f 1366/9/3 1360/9/3 1359/9/3
f 1366/8/3 1359/8/3 1365/8/3
f 1367/8/3 1361/8/3 1360/8/3
f 1367/9/3 1360/9/3 1366/9/3
f 1367/8/3 1362/8/3 1361/8/3
f 1367/8/3 1363/8/3 1362/8/3
f 1368/9/3 1364/9/3 1363/9/3
f 1368/8/3 1363/8/3 1367/8/3
f 1369/9/3 1364/9/3 1368/9/3
f 1374/8/3 1371/8/3 1370/8/3
f 1374/8/3 1370/8/3 1369/8/3
f 1375/11/3 1372/11/3 1371/11/3
f 1375/8/3 1371/8/3 1374/8/3
f 1376/8/3 1373/8/3 1372/8/3
f 1376/11/3 1372/11/3 1375/11/3
f 1377/8/3 1373/8/3 1376/8/3
f 1385/8/3 1379/8/3 1378/8/3
f 1386/9/3 1380/9/3 1379/9/3
f 1386/8/3 1379/8/3 1385/8/3
f 1387/8/3 1381/8/3 1380/8/3
f 1387/9/3 1380/9/3 1386/9/3
f 1388/9/3 1382/9/3 1381/9/3
f 1388/8/3 1381/8/3 1387/8/3
f 1389/9/3 1382/9/3 1388/9/3
f 1390/11/3 1383/11/3 1382/11/3
f 1390/9/3 1382/9/3 1389/9/3
f 1391/9/3 1384/9/3 1383/9/3
f 1391/11/3 1383/11/3 1390/11/3
f 1392/9/3 1386/9/3 1385/9/3
f 1392/9/3 1387/9/3 1386/9/3
f 1392/9/3 1388/9/3 1387/9/3
f 1393/9/3 1388/9/3 1392/9/3
f 1394/8/3 1389/8/3 1388/8/3
f 1394/9/3 1388/9/3 1393/9/3
f 1395/9/3 1390/9/3 1389/9/3
f 1395/8/3 1389/8/3 1394/8/3
f 1395/9/3 1391/9/3 1390/9/3
f 1396/9/3 1391/9/3 1395/9/3
f 1397/8/3 1393/8/3 1392/8/3
f 1398/9/3 1394/9/3 1393/9/3
f 1398/8/3 1393/8/3 1397/8/3
f 1398/9/3 1395/9/3 1394/9/3
f 1399/9/3 1395/9/3 1398/9/3
f 1400/9/3 1395/9/3 1399/9/3
f 1401/9/3 1395/9/3 1400/9/3
f 1402/11/3 1396/11/3 1395/11/3
f 1402/9/3 1395/9/3 1401/9/3
f 1403/9/3 1391/9/3 1396/9/3
f 1403/11/3 1396/11/3 1402/11/3
f 1404/9/3 1384/9/3 1391/9/3
f 1404/9/3 1391/9/3 1403/9/3
f 1405/9/3 1398/9/3 1397/9/3
f 1406/11/3 1399/11/3 1398/11/3
f 1406/9/3 1398/9/3 1405/9/3
f 1407/9/3 1400/9/3 1399/9/3
f 1407/11/3 1399/11/3 1406/11/3
f 1408/8/3 1401/8/3 1400/8/3
f 1408/9/3 1400/9/3 1407/9/3
f 1409/9/3 1403/9/3 1402/9/3
f 1409/8/3 1401/8/3 1408/8/3
f 1409/9/3 1402/9/3 1401/9/3
f 1410/8/3 1404/8/3 1403/8/3
f 1410/9/3 1403/9/3 1409/9/3
f 1411/9/3 1384/9/3 1404/9/3
f 1411/8/3 1404/8/3 1410/8/3
f 1412/9/3 1384/9/3 1411/9/3
f 1413/5/3 1365/5/3 1306/5/3
f 1414/5/3 1365/5/3 1413/5/3
f 1426/2/3 1418/2/3 1417/2/3
f 1427/2/3 1418/2/3 1426/2/3
f 1428/2/3 1418/2/3 1427/2/3
f 1429/2/3 1418/2/3 1428/2/3
f 1430/2/3 1418/2/3 1429/2/3
f 1431/2/3 1418/2/3 1430/2/3
f 1432/2/3 1418/2/3 1431/2/3
f 1433/4/3 1416/4/3 1415/4/3
f 1434/4/3 1416/4/3 1433/4/3
f 1435/2/3 1418/2/3 1432/2/3
f 1436/2/3 1418/2/3 1435/2/3
f 1437/2/3 1418/2/3 1436/2/3
f 1438/2/3 1418/2/3 1437/2/3
f 1439/2/3 1418/2/3 1438/2/3
f 1442/2/3 1418/2/3 1439/2/3
f 1443/2/3 1418/2/3 1442/2/3
f 1444/2/3 1418/2/3 1443/2/3
f 1445/2/3 1418/2/3 1444/2/3
f 1446/2/3 1418/2/3 1445/2/3
f 1447/2/3 1418/2/3 1446/2/3
f 1448/2/3 1418/2/3 1447/2/3
f 1449/3/3 1419/3/3 1418/3/3
f 1449/2/3 1418/2/3 1448/2/3
f 1450/2/3 1420/2/3 1419/2/3
f 1450/3/3 1419/3/3 1449/3/3
f 1451/3/3 1421/3/3 1420/3/3
f 1451/2/3 1420/2/3 1450/2/3
f 1452/2/3 1422/2/3 1421/2/3
f 1452/3/3 1421/3/3 1451/3/3
f 1453/3/3 1423/3/3 1422/3/3
f 1453/2/3 1422/2/3 1452/2/3
f 1454/2/3 1424/2/3 1423/2/3
f 1454/3/3 1423/3/3 1453/3/3
f 1455/3/3 1425/3/3 1424/3/3
f 1455/2/3 1424/2/3 1454/2/3
f 1456/3/3 1425/3/3 1455/3/3
f 1457/4/3 1441/4/3 1440/4/3
f 1458/4/3 1441/4/3 1457/4/3
f 1467/1/3 1460/1/3 1459/1/3
f 1467/9/3 1461/9/3 1460/9/3
f 1467/9/3 1465/9/3 1464/9/3
f 1467/9/3 1464/9/3 1463/9/3
f 1467/9/3 1463/9/3 1462/9/3
f 1467/9/3 1462/9/3 1461/9/3
f 1468/1/3 1466/1/3 1465/1/3
f 1468/9/3 1465/9/3 1467/9/3
f 1469/1/3 1467/1/3 1459/1/3
f 1469/1/3 1468/1/3 1467/1/3
f 1470/1/3 1466/1/3 1468/1/3
f 1470/1/3 1468/1/3 1469/1/3
f 1473/5/3 1472/5/3 1471/5/3
f 1474/5/3 1472/5/3 1473/5/3
f 1477/5/3 1476/5/3 1475/5/3
f 1478/5/3 1476/5/3 1477/5/3
f 1481/1/3 1480/1/3 1479/1/3
f 1482/1/3 1480/1/3 1481/1/3
f 1485/4/3 1484/4/3 1483/4/3
f 1486/4/3 1484/4/3 1485/4/3
f 1494/1/3 1488/1/3 1487/1/3
f 1494/1/3 1489/1/3 1488/1/3
f 1495/8/3 1490/8/3 1489/8/3
f 1495/1/3 1489/1/3 1494/1/3
f 1496/8/3 1490/8/3 1495/8/3
f 1497/1/3 1491/1/3 1490/1/3
f 1497/8/3 1490/8/3 1496/8/3
f 1498/1/3 1491/1/3 1497/1/3
f 1499/8/3 1493/8/3 1492/8/3
f 1500/8/3 1493/8/3 1499/8/3
f 1503/4/3 1502/4/3 1501/4/3
f 1504/4/3 1502/4/3 1503/4/3
f 1508/10/3 1506/10/3 1505/10/3
f 1509/7/3 1507/7/3 1506/7/3
f 1509/10/3 1506/10/3 1508/10/3
f 1510/7/3 1507/7/3 1509/7/3
f 1513/8/3 1509/8/3 1508/8/3
f 1514/9/3 1510/9/3 1509/9/3
f 1514/8/3 1509/8/3 1513/8/3
f 1515/8/3 1511/8/3 1510/8/3
f 1515/9/3 1510/9/3 1514/9/3
f 1516/7/3 1512/7/3 1511/7/3
f 1516/8/3 1511/8/3 1515/8/3
f 1517/10/3 1514/10/3 1513/10/3
f 1518/9/3 1515/9/3 1514/9/3
f 1518/10/3 1514/10/3 1517/10/3
f 1519/10/3 1516/10/3 1515/10/3
f 1519/9/3 1515/9/3 1518/9/3
f 1520/7/3 1512/7/3 1516/7/3
f 1520/10/3 1516/10/3 1519/10/3
f 1521/7/3 1512/7/3 1520/7/3
f 1524/5/3 1523/5/3 1522/5/3
f 1525/5/3 1523/5/3 1524/5/3
f 1528/5/3 1527/5/3 1526/5/3
f 1529/5/3 1527/5/3 1528/5/3
f 1535/9/3 1531/9/3 1530/9/3
f 1536/8/3 1532/8/3 1531/8/3
f 1536/9/3 1531/9/3 1535/9/3
f 1537/9/3 1533/9/3 1532/9/3
f 1537/8/3 1532/8/3 1536/8/3
f 1538/11/3 1534/11/3 1533/11/3
f 1538/9/3 1533/9/3 1537/9/3
f 1539/11/3 1534/11/3 1538/11/3
f 1540/9/3 1537/9/3 1536/9/3
f 1540/9/3 1536/9/3 1535/9/3
f 1540/9/3 1539/9/3 1538/9/3
f 1540/9/3 1538/9/3 1537/9/3
f 1541/9/3 1539/9/3 1540/9/3
f 1542/9/3 1539/9/3 1541/9/3
f 1543/9/3 1539/9/3 1542/9/3
f 1544/9/3 1539/9/3 1543/9/3
f 1548/5/3 1547/5/3 1546/5/3
f 1549/5/3 1548/5/3 1546/5/3
f 1550/4/3 1546/4/3 1545/4/3
f 1551/5/3 1549/5/3 1546/5/3
f 1551/4/3 1546/4/3 1550/4/3
f 1552/5/3 1549/5/3 1551/5/3
f 1559/8/3 1554/8/3 1553/8/3
f 1560/8/3 1554/8/3 1559/8/3
f 1561/9/3 1558/9/3 1557/9/3
f 1561/1/3 1556/1/3 1555/1/3
f 1561/9/3 1557/9/3 1556/9/3
f 1562/9/3 1558/9/3 1561/9/3
f 1563/9/3 1560/9/3 1559/9/3
f 1564/9/3 1560/9/3 1563/9/3
f 1565/1/3 1562/1/3 1561/1/3
f 1565/1/3 1561/1/3 1555/1/3
f 1566/1/3 1562/1/3 1565/1/3
f 1569/4/3 1568/4/3 1567/4/3
f 1570/4/3 1568/4/3 1569/4/3
f 1574/9/3 1572/9/3 1571/9/3
f 1575/9/3 1572/9/3 1574/9/3
f 1575/9/3 1574/9/3 1573/9/3
f 1576/9/3 1572/9/3 1575/9/3
f 1578/9/3 1575/9/3 1573/9/3
f 1579/11/3 1576/11/3 1575/11/3
f 1579/9/3 1575/9/3 1578/9/3
f 1580/11/3 1576/11/3 1579/11/3
f 1581/8/3 1578/8/3 1577/8/3
f 1582/8/3 1578/8/3 1581/8/3
f 1585/11/3 1584/11/3 1583/11/3
f 1586/11/3 1584/11/3 1585/11/3
f 1587/9/3 1586/9/3 1585/9/3
f 1588/9/3 1586/9/3 1587/9/3
f 1593/1/3 1590/1/3 1589/1/3
f 1594/1/3 1590/1/3 1593/1/3
f 1595/9/3 1592/9/3 1591/9/3
f 1596/1/3 1593/1/3 1589/1/3
f 1597/1/3 1593/1/3 1596/1/3
f 1598/9/3 1592/9/3 1595/9/3
f 1599/9/3 1592/9/3 1598/9/3
f 1600/8/3 1599/8/3 1598/8/3
f 1601/8/3 1599/8/3 1600/8/3
f 1604/9/3 1603/9/3 1602/9/3
f 1605/9/3 1604/9/3 1602/9/3
f 1606/9/3 1604/9/3 1605/9/3
f 1609/4/3 1608/4/3 1607/4/3
f 1610/4/3 1608/4/3 1609/4/3
f 1613/9/3 1612/9/3 1611/9/3
f 1614/9/3 1612/9/3 1613/9/3
f 1615/9/3 1613/9/3 1611/9/3
f 1616/11/3 1614/11/3 1613/11/3
f 1616/9/3 1613/9/3 1615/9/3
f 1617/9/3 1612/9/3 1614/9/3
f 1617/11/3 1614/11/3 1616/11/3
f 1618/9/3 1612/9/3 1617/9/3
f 1619/8/3 1616/8/3 1615/8/3
f 1620/8/3 1616/8/3 1619/8/3
f 1624/9/3 1622/9/3 1621/9/3
f 1624/8/3 1623/8/3 1622/8/3
f 1625/8/3 1623/8/3 1624/8/3
f 1626/9/3 1624/9/3 1621/9/3
f 1626/9/3 1625/9/3 1624/9/3
f 1627/9/3 1625/9/3 1626/9/3
f 1632/1/3 1631/1/3 1630/1/3
f 1633/1/3 1631/1/3 1632/1/3
f 1634/1/3 1629/1/3 1628/1/3
f 1635/1/3 1629/1/3 1634/1/3
f 1640/1/3 1637/1/3 1636/1/3
f 1640/9/3 1639/9/3 1638/9/3
f 1640/9/3 1638/9/3 1637/9/3
f 1641/9/3 1639/9/3 1640/9/3
f 1642/1/3 1640/1/3 1636/1/3
f 1642/1/3 1641/1/3 1640/1/3
f 1643/1/3 1641/1/3 1642/1/3
f 1647/1/3 1645/1/3 1644/1/3
f 1648/4/3 1646/4/3 1645/4/3
f 1648/1/3 1645/1/3 1647/1/3
f 1649/4/3 1646/4/3 1648/4/3
f 1652/4/3 1651/4/3 1650/4/3
f 1653/4/3 1651/4/3 1652/4/3
f 1656/4/3 1655/4/3 1654/4/3
f 1657/4/3 1656/4/3 1654/4/3
f 1658/4/3 1656/4/3 1657/4/3
f 1662/1/3 1660/1/3 1659/1/3
f 1662/4/3 1661/4/3 1660/4/3
f 1663/4/3 1661/4/3 1662/4/3
f 1665/1/3 1662/1/3 1659/1/3
f 1665/1/3 1663/1/3 1662/1/3
f 1666/1/3 1663/1/3 1665/1/3
f 1667/1/3 1665/1/3 1664/1/3
f 1667/1/3 1666/1/3 1665/1/3
f 1668/1/3 1666/1/3 1667/1/3
f 1670/4/3 1669/4/3 1668/4/3
f 1671/12/3 1668/12/3 1667/12/3
f 1671/1/3 1667/1/3 1664/1/3
f 1672/12/3 1668/12/3 1671/12/3
f 1673/12/3 1668/12/3 1672/12/3
f 1674/4/3 1670/4/3 1668/4/3
f 1674/12/3 1668/12/3 1673/12/3
f 1675/4/3 1670/4/3 1674/4/3
f 1676/1/3 1671/1/3 1664/1/3
f 1676/1/3 1672/1/3 1671/1/3
f 1677/1/3 1672/1/3 1676/1/3
f 1678/1/3 1674/1/3 1673/1/3
f 1679/1/3 1674/1/3 1678/1/3
f 1683/1/3 1681/1/3 1680/1/3
f 1684/4/3 1682/4/3 1681/4/3
f 1684/1/3 1681/1/3 1683/1/3
f 1685/4/3 1682/4/3 1684/4/3
f 1691/9/3 1687/9/3 1686/9/3
f 1692/8/3 1688/8/3 1687/8/3
f 1692/9/3 1687/9/3 1691/9/3
f 1693/9/3 1689/9/3 1688/9/3
f 1693/8/3 1688/8/3 1692/8/3
f 1694/8/3 1690/8/3 1689/8/3
f 1694/9/3 1689/9/3 1693/9/3
f 1695/8/3 1690/8/3 1694/8/3
f 1696/9/3 1693/9/3 1692/9/3
f 1696/9/3 1692/9/3 1691/9/3
f 1696/9/3 1695/9/3 1694/9/3
f 1696/9/3 1694/9/3 1693/9/3
f 1697/9/3 1695/9/3 1696/9/3
f 1698/9/3 1695/9/3 1697/9/3
f 1699/9/3 1695/9/3 1698/9/3
f 1700/9/3 1695/9/3 1699/9/3
f 1701/9/3 1695/9/3 1700/9/3
f 1702/9/3 1695/9/3 1701/9/3
f 1703/9/3 1695/9/3 1702/9/3
f 1704/9/3 1695/9/3 1703/9/3
f 1709/1/3 1708/1/3 1707/1/3
f 1710/1/3 1708/1/3 1709/1/3
f 1713/9/3 1712/9/3 1711/9/3
f 1714/9/3 1712/9/3 1713/9/3
f 1718/9/3 1715/9/3 1714/9/3
f 1719/9/3 1715/9/3 1718/9/3
f 1720/1/3 1706/1/3 1705/1/3
f 1721/1/3 1706/1/3 1720/1/3
f 1722/1/3 1717/1/3 1716/1/3
f 1723/1/3 1717/1/3 1722/1/3
f 1733/9/3 1725/9/3 1724/9/3
f 1733/9/3 1726/9/3 1725/9/3
f 1734/11/3 1727/11/3 1726/11/3
f 1734/9/3 1726/9/3 1733/9/3
f 1735/9/3 1728/9/3 1727/9/3
f 1735/11/3 1727/11/3 1734/11/3
f 1736/8/3 1729/8/3 1728/8/3
f 1736/9/3 1728/9/3 1735/9/3
f 1737/9/3 1730/9/3 1729/9/3
f 1737/8/3 1729/8/3 1736/8/3
f 1738/8/3 1731/8/3 1730/8/3
f 1738/9/3 1730/9/3 1737/9/3
f 1739/9/3 1732/9/3 1731/9/3
f 1739/8/3 1731/8/3 1738/8/3
f 1740/9/3 1732/9/3 1739/9/3
f 1743/1/3 1742/1/3 1741/1/3
f 1744/1/3 1742/1/3 1743/1/3
f 1749/1/3 1746/1/3 1745/1/3
f 1750/9/3 1747/9/3 1746/9/3
f 1750/1/3 1746/1/3 1749/1/3
f 1751/9/3 1747/9/3 1750/9/3
f 1752/1/3 1749/1/3 1748/1/3
f 1753/1/3 1752/1/3 1748/1/3
f 1754/1/3 1752/1/3 1753/1/3
f 1759/6/3 1756/6/3 1755/6/3
f 1760/1/3 1757/1/3 1756/1/3
f 1760/6/3 1756/6/3 1759/6/3
f 1761/1/3 1757/1/3 1760/1/3
f 1762/5/3 1758/5/3 1757/5/3
f 1763/5/3 1762/5/3 1757/5/3
f 1764/5/3 1763/5/3 1757/5/3
f 1765/5/3 1764/5/3 1757/5/3
f 1767/5/3 1765/5/3 1757/5/3
f 1767/5/3 1766/5/3 1765/5/3
f 1768/5/3 1766/5/3 1767/5/3
f 1769/1/3 1757/1/3 1761/1/3
f 1771/1/3 1757/1/3 1769/1/3
f 1772/6/3 1771/6/3 1770/6/3
f 1773/6/3 1771/6/3 1772/6/3
f 1774/1/3 1757/1/3 1771/1/3
f 1774/6/3 1771/6/3 1773/6/3
f 1775/5/3 1767/5/3 1757/5/3
f 1775/1/3 1757/1/3 1774/1/3
f 1776/5/3 1767/5/3 1775/5/3
f 1780/8/3 1778/8/3 1777/8/3
f 1781/9/3 1779/9/3 1778/9/3
f 1781/8/3 1778/8/3 1780/8/3
f 1782/9/3 1779/9/3 1781/9/3
f 1783/9/3 1781/9/3 1780/9/3
f 1783/10/3 1782/10/3 1781/10/3
f 1784/10/3 1782/10/3 1783/10/3
f 1785/9/3 1784/9/3 1783/9/3
f 1786/9/3 1783/9/3 1780/9/3
f 1786/9/3 1785/9/3 1783/9/3
f 1787/9/3 1785/9/3 1786/9/3
f 1788/9/3 1786/9/3 1780/9/3
f 1788/8/3 1787/8/3 1786/8/3
f 1789/8/3 1787/8/3 1788/8/3
f 1790/9/3 1789/9/3 1788/9/3
f 1791/9/3 1788/9/3 1780/9/3
f 1791/9/3 1790/9/3 1788/9/3
f 1792/9/3 1790/9/3 1791/9/3
f 1793/9/3 1791/9/3 1780/9/3
f 1793/10/3 1792/10/3 1791/10/3
f 1794/10/3 1792/10/3 1793/10/3
f 1795/9/3 1793/9/3 1780/9/3
f 1795/9/3 1794/9/3 1793/9/3
f 1796/9/3 1794/9/3 1795/9/3
f 1797/9/3 1794/9/3 1796/9/3
f 1798/8/3 1796/8/3 1795/8/3
f 1799/9/3 1797/9/3 1796/9/3
f 1799/8/3 1796/8/3 1798/8/3
f 1800/9/3 1797/9/3 1799/9/3
f 1801/9/3 1799/9/3 1798/9/3
f 1801/9/3 1800/9/3 1799/9/3
f 1802/9/3 1800/9/3 1801/9/3
f 1803/9/3 1801/9/3 1798/9/3
f 1803/8/3 1802/8/3 1801/8/3
f 1804/8/3 1802/8/3 1803/8/3
f 1805/9/3 1804/9/3 1803/9/3
f 1806/9/3 1803/9/3 1798/9/3
f 1806/9/3 1805/9/3 1803/9/3
f 1807/9/3 1805/9/3 1806/9/3
f 1808/9/3 1806/9/3 1798/9/3
f 1809/8/3 1807/8/3 1806/8/3
f 1809/9/3 1806/9/3 1808/9/3
f 1810/8/3 1807/8/3 1809/8/3
f 1811/10/3 1809/10/3 1808/10/3
f 1812/9/3 1810/9/3 1809/9/3
f 1812/10/3 1809/10/3 1811/10/3
f 1813/9/3 1810/9/3 1812/9/3
f 1814/9/3 1812/9/3 1811/9/3
f 1814/9/3 1813/9/3 1812/9/3
f 1815/9/3 1813/9/3 1814/9/3
f 1816/9/3 1814/9/3 1811/9/3
f 1816/8/3 1815/8/3 1814/8/3
f 1817/8/3 1815/8/3 1816/8/3
f 1818/9/3 1816/9/3 1811/9/3
f 1818/9/3 1817/9/3 1816/9/3
f 1819/9/3 1817/9/3 1818/9/3
f 1820/9/3 1817/9/3 1819/9/3
f 1821/8/3 1819/8/3 1818/8/3
f 1822/9/3 1820/9/3 1819/9/3
f 1822/8/3 1819/8/3 1821/8/3
f 1823/9/3 1820/9/3 1822/9/3
f 1824/9/3 1822/9/3 1821/9/3
f 1824/9/3 1823/9/3 1822/9/3
f 1825/9/3 1824/9/3 1821/9/3
f 1826/9/3 1825/9/3 1821/9/3
f 1827/9/3 1825/9/3 1826/9/3
f 1828/9/3 1826/9/3 1821/9/3
f 1828/10/3 1827/10/3 1826/10/3
f 1829/10/3 1827/10/3 1828/10/3
f 1830/9/3 1828/9/3 1821/9/3
f 1830/9/3 1829/9/3 1828/9/3
f 1831/9/3 1829/9/3 1830/9/3
f 1832/9/3 1829/9/3 1831/9/3
f 1833/8/3 1831/8/3 1830/8/3
f 1834/9/3 1832/9/3 1831/9/3
f 1834/8/3 1831/8/3 1833/8/3
f 1835/9/3 1832/9/3 1834/9/3
f 1836/9/3 1834/9/3 1833/9/3
f 1836/9/3 1835/9/3 1834/9/3
f 1837/9/3 1835/9/3 1836/9/3
f 1839/9/4 1840/9/4 1847/9/4
f 1840/9/4 1841/9/4 1847/9/4
f 1841/9/4 1842/9/4 1847/9/4
f 1843/9/4 1844/9/4 1847/9/4
f 1842/9/4 1843/9/4 1847/9/4
f 1847/9/4 1844/9/4 1848/9/4
f 1848/9/4 1844/9/4 1849/9/4
f 1849/9/4 1844/9/4 1850/9/4
f 1845/5/4 1846/5/4 1851/5/4
f 1838/1/4 1839/1/4 1852/1/4
f 1839/9/4 1847/9/4 1853/9/4
f 1852/1/4 1839/1/4 1853/1/4
f 1847/8/4 1848/8/4 1854/8/4
f 1853/9/4 1847/9/4 1854/9/4
f 1848/9/4 1849/9/4 1855/9/4
f 1854/8/4 1848/8/4 1855/8/4
f 1849/11/4 1850/11/4 1856/11/4
f 1855/9/4 1849/9/4 1856/9/4
f 1850/9/4 1844/9/4 1857/9/4
f 1856/11/4 1850/11/4 1857/11/4
f 1844/1/4 1845/1/4 1858/1/4
f 1857/9/4 1844/9/4 1858/9/4
f 1858/1/4 1845/1/4 1859/1/4
f 1860/8/4 1861/8/4 1867/8/4
f 1861/8/4 1862/8/4 1867/8/4
f 1867/8/4 1862/8/4 1868/8/4
f 1862/9/4 1863/9/4 1869/9/4
f 1868/8/4 1862/8/4 1869/8/4
f 1863/8/4 1864/8/4 1870/8/4
f 1869/9/4 1863/9/4 1870/9/4
f 1867/9/4 1868/9/4 1871/9/4
f 1868/8/4 1869/8/4 1872/8/4
f 1871/9/4 1868/9/4 1872/9/4
f 1869/8/4 1870/8/4 1872/8/4
f 1872/8/4 1870/8/4 1873/8/4
f 1873/8/4 1870/8/4 1874/8/4
f 1871/8/4 1872/8/4 1875/8/4
f 1872/8/4 1873/8/4 1875/8/4
f 1873/11/4 1874/11/4 1876/11/4
f 1875/8/4 1873/8/4 1876/8/4
f 1874/8/4 1870/8/4 1877/8/4
f 1876/11/4 1874/11/4 1877/11/4
f 1870/8/4 1864/8/4 1878/8/4
f 1877/8/4 1870/8/4 1878/8/4
f 1865/8/4 1866/8/4 1879/8/4
f 1879/8/4 1866/8/4 1880/8/4
f 1880/8/4 1866/8/4 1881/8/4
f 1859/1/4 1845/1/4 1883/1/4
f 1882/1/4 1883/1/4 1884/1/4
f 1845/5/4 1851/5/4 1885/5/4
f 1884/1/4 1883/1/4 1885/1/4
f 1883/1/4 1845/1/4 1885/1/4
f 1885/5/4 1851/5/4 1886/5/4
f 1887/1/4 1888/1/4 1889/1/4
f 1889/1/4 1888/1/4 1890/1/4
f 1891/1/4 1892/1/4 1893/1/4
f 1891/1/4 1893/1/4 1894/1/4
f 1894/1/4 1893/1/4 1895/1/4
f 1896/9/4 1897/9/4 1901/9/4
f 1897/8/4 1898/8/4 1902/8/4
f 1901/9/4 1897/9/4 1902/9/4
f 1898/9/4 1899/9/4 1903/9/4
f 1902/8/4 1898/8/4 1903/8/4
f 1899/8/4 1900/8/4 1904/8/4
f 1903/9/4 1899/9/4 1904/9/4
f 1904/8/4 1900/8/4 1905/8/4
f 1902/9/4 1903/9/4 1906/9/4
f 1901/9/4 1902/9/4 1906/9/4
f 1904/9/4 1905/9/4 1906/9/4
f 1903/9/4 1904/9/4 1906/9/4
f 1906/9/4 1905/9/4 1907/9/4
f 1907/9/4 1905/9/4 1908/9/4
f 1908/9/4 1905/9/4 1909/9/4
f 1909/9/4 1905/9/4 1910/9/4
f 1910/9/4 1905/9/4 1911/9/4
f 1911/9/4 1905/9/4 1912/9/4
f 1912/9/4 1905/9/4 1913/9/4
f 1913/9/4 1905/9/4 1914/9/4
f 1917/1/4 1918/1/4 1919/1/4
f 1917/1/4 1919/1/4 1921/1/4
f 1921/1/4 1919/1/4 1922/1/4
f 1921/1/4 1922/1/4 1925/1/4
f 1920/1/4 1921/1/4 1925/1/4
f 1925/1/4 1922/1/4 1926/1/4
f 1926/1/4 1922/1/4 1927/1/4
f 1923/1/4 1924/1/4 1928/1/4
f 1928/1/4 1924/1/4 1929/1/4
f 1926/1/4 1927/1/4 1930/1/4
f 1915/3/4 1916/3/4 1931/3/4
f 1931/3/4 1916/3/4 1932/3/4
f 1926/1/4 1930/1/4 1933/1/4
f 1933/1/4 1930/1/4 1934/1/4
f 1935/9/4 1936/9/4 1944/9/4
f 1936/9/4 1937/9/4 1944/9/4
f 1937/11/4 1938/11/4 1945/11/4
f 1944/9/4 1937/9/4 1945/9/4
f 1942/9/4 1943/9/4 1946/9/4
f 1945/11/4 1938/11/4 1946/11/4
f 1941/9/4 1942/9/4 1946/9/4
f 1940/9/4 1941/9/4 1946/9/4
f 1939/9/4 1940/9/4 1946/9/4
f 1938/9/4 1939/9/4 1946/9/4
f 1946/9/4 1943/9/4 1947/9/4
f 1948/1/4 1949/1/4 1954/1/4
f 1949/4/4 1950/4/4 1954/4/4
f 1954/4/4 1950/4/4 1955/4/4
f 1951/11/4 1952/11/4 1957/11/4
f 1952/8/4 1953/8/4 1958/8/4
f 1957/11/4 1952/11/4 1958/11/4
f 1958/8/4 1953/8/4 1959/8/4
f 1959/8/4 1953/8/4 1960/8/4
f 1954/1/4 1955/1/4 1961/1/4
f 1948/1/4 1954/1/4 1961/1/4
f 1961/1/4 1955/1/4 1962/1/4
f 1963/1/4 1964/1/4 1965/1/4
f 1965/1/4 1964/1/4 1966/1/4
f 1956/8/4 1957/8/4 1967/8/4
f 1967/8/4 1957/8/4 1968/8/4
f 1968/8/4 1969/8/4 1972/8/4
f 1969/11/4 1970/11/4 1973/11/4
f 1972/8/4 1969/8/4 1973/8/4
f 1970/9/4 1971/9/4 1974/9/4
f 1973/11/4 1970/11/4 1974/11/4
f 1974/9/4 1971/9/4 1975/9/4
f 1963/1/4 1965/1/4 1976/1/4
f 1965/4/4 1966/4/4 1977/4/4
f 1976/1/4 1965/1/4 1977/1/4
f 1977/4/4 1966/4/4 1978/4/4
f 1981/8/4 1982/8/4 1984/8/4
f 1982/9/4 1983/9/4 1985/9/4
f 1984/8/4 1982/8/4 1985/8/4
f 1985/9/4 1983/9/4 1986/9/4
f 1981/8/4 1984/8/4 1987/8/4
f 1984/11/4 1985/11/4 1987/11/4
f 1985/8/4 1986/8/4 1988/8/4
f 1987/11/4 1985/11/4 1988/11/4
f 1981/8/4 1987/8/4 1989/8/4
f 1987/8/4 1988/8/4 1989/8/4
f 1989/8/4 1988/8/4 1990/8/4
f 1981/8/4 1989/8/4 1991/8/4
f 1989/11/4 1990/11/4 1991/11/4
f 1990/8/4 1988/8/4 1992/8/4
f 1991/11/4 1990/11/4 1992/11/4
f 1981/8/4 1991/8/4 1993/8/4
f 1991/8/4 1992/8/4 1993/8/4
f 1988/8/4 1986/8/4 1994/8/4
f 1993/8/4 1992/8/4 1994/8/4
f 1992/8/4 1988/8/4 1994/8/4
f 1979/4/4 1980/4/4 1995/4/4
f 1979/4/4 1995/4/4 1996/4/4
f 1996/4/4 1995/4/4 1997/4/4
f 1998/1/4 1999/1/4 2002/1/4
f 2000/9/4 2001/9/4 2002/9/4
f 1999/9/4 2000/9/4 2002/9/4
f 2002/9/4 2001/9/4 2003/9/4
f 1998/1/4 2002/1/4 2004/1/4
f 2002/1/4 2003/1/4 2004/1/4
f 2004/1/4 2003/1/4 2005/1/4
f 2006/1/4 2007/1/4 2009/1/4
f 2007/4/4 2008/4/4 2010/4/4
f 2009/1/4 2007/1/4 2010/1/4
f 2010/4/4 2008/4/4 2011/4/4
f 2012/9/4 2013/9/4 2015/9/4
f 2013/11/4 2014/11/4 2015/11/4
f 2015/11/4 2014/11/4 2016/11/4
f 2012/9/4 2015/9/4 2017/9/4
f 2015/9/4 2016/9/4 2017/9/4
f 2017/9/4 2016/9/4 2018/9/4
f 2019/1/4 2020/1/4 2021/1/4
f 2021/1/4 2020/1/4 2022/1/4
f 2023/9/4 2024/9/4 2025/9/4
f 2023/9/4 2025/9/4 2026/9/4
f 2026/9/4 2025/9/4 2027/9/4
f 2028/4/4 2029/4/4 2030/4/4
f 2030/4/4 2029/4/4 2031/4/4
f 2032/9/4 2033/9/4 2034/9/4
f 2034/9/4 2033/9/4 2035/9/4
f 2032/9/4 2034/9/4 2036/9/4
f 2034/11/4 2035/11/4 2036/11/4
f 2035/9/4 2033/9/4 2037/9/4
f 2036/11/4 2035/11/4 2037/11/4
f 2037/9/4 2033/9/4 2038/9/4
f 2032/9/4 2036/9/4 2039/9/4
f 2039/9/4 2036/9/4 2040/9/4
f 2041/1/4 2042/1/4 2043/1/4
f 2043/1/4 2042/1/4 2044/1/4
f 2045/9/4 2046/9/4 2047/9/4
f 2047/9/4 2046/9/4 2048/9/4
f 2049/1/4 2050/1/4 2053/1/4
f 2053/1/4 2050/1/4 2054/1/4
f 2051/9/4 2052/9/4 2055/9/4
f 2049/1/4 2053/1/4 2056/1/4
f 2056/1/4 2053/1/4 2057/1/4
f 2055/9/4 2052/9/4 2058/9/4
f 2058/9/4 2052/9/4 2059/9/4
f 2058/8/4 2059/8/4 2060/8/4
f 2060/8/4 2059/8/4 2061/8/4
f 2062/9/4 2063/9/4 2068/9/4
f 2066/9/4 2067/9/4 2069/9/4
f 2064/1/4 2065/1/4 2069/1/4
f 2065/9/4 2066/9/4 2069/9/4
f 2069/9/4 2067/9/4 2070/9/4
f 2068/9/4 2063/9/4 2071/9/4
f 2071/9/4 2063/9/4 2072/9/4
f 2069/1/4 2070/1/4 2073/1/4
f 2064/1/4 2069/1/4 2073/1/4
f 2073/1/4 2070/1/4 2074/1/4
f 2075/4/4 2076/4/4 2077/4/4
f 2077/4/4 2076/4/4 2078/4/4
f 2079/9/4 2080/9/4 2082/9/4
f 2082/9/4 2080/9/4 2083/9/4
f 2083/9/4 2080/9/4 2084/9/4
f 2081/9/4 2082/9/4 2085/9/4
f 2082/9/4 2083/9/4 2085/9/4
f 2085/9/4 2083/9/4 2086/9/4
f 2083/8/4 2084/8/4 2087/8/4
f 2086/9/4 2083/9/4 2087/9/4
f 2087/8/4 2084/8/4 2088/8/4
f 2085/8/4 2086/8/4 2090/8/4
f 2086/9/4 2087/9/4 2091/9/4
f 2087/9/4 2088/9/4 2091/9/4
f 2090/8/4 2086/8/4 2091/8/4
f 2091/9/4 2088/9/4 2092/9/4
f 2089/9/4 2090/9/4 2093/9/4
f 2093/9/4 2090/9/4 2094/9/4
f 2095/9/4 2096/9/4 2099/9/4
f 2096/11/4 2097/11/4 2100/11/4
f 2099/9/4 2096/9/4 2100/9/4
f 2097/9/4 2098/9/4 2101/9/4
f 2100/11/4 2097/11/4 2101/11/4
f 2099/9/4 2100/9/4 2102/9/4
f 2100/9/4 2101/9/4 2102/9/4
f 2102/9/4 2101/9/4 2103/9/4
f 2103/9/4 2101/9/4 2104/9/4
f 2101/9/4 2098/9/4 2105/9/4
f 2104/9/4 2101/9/4 2105/9/4
f 2105/9/4 2098/9/4 2106/9/4
f 2107/4/4 2108/4/4 2110/4/4
f 2110/4/4 2108/4/4 2111/4/4
f 2111/4/4 2108/4/4 2112/4/4
f 2112/4/4 2108/4/4 2113/4/4
f 2113/4/4 2108/4/4 2114/4/4
f 2108/5/4 2109/5/4 2115/5/4
f 2114/4/4 2108/4/4 2115/4/4
f 2115/5/4 2109/5/4 2116/5/4
f 2117/9/4 2118/9/4 2120/9/4
f 2118/7/4 2119/7/4 2121/7/4
f 2120/9/4 2118/9/4 2121/9/4
f 2121/7/4 2119/7/4 2122/7/4
f 2120/10/4 2121/10/4 2125/10/4
f 2121/8/4 2122/8/4 2125/8/4
f 2122/10/4 2123/10/4 2126/10/4
f 2125/8/4 2122/8/4 2126/8/4
f 2120/10/4 2125/10/4 2127/10/4
f 2125/9/4 2126/9/4 2128/9/4
f 2127/10/4 2125/10/4 2128/10/4
f 2126/10/4 2123/10/4 2129/10/4
f 2128/9/4 2126/9/4 2129/9/4
f 2123/7/4 2124/7/4 2130/7/4
f 2129/10/4 2123/10/4 2130/10/4
f 2130/7/4 2124/7/4 2131/7/4
f 2132/5/4 2133/5/4 2134/5/4
f 2134/5/4 2133/5/4 2135/5/4
f 2135/5/4 2133/5/4 2136/5/4
f 2137/5/4 2138/5/4 2139/5/4
f 2139/5/4 2138/5/4 2140/5/4
f 2140/5/4 2138/5/4 2141/5/4
f 2142/4/4 2143/4/4 2144/4/4
f 2144/4/4 2143/4/4 2145/4/4
f 2145/4/4 2143/4/4 2146/4/4
f 2147/12/4 2148/12/4 2149/12/4
f 2149/12/4 2148/12/4 2150/12/4
f 2151/4/4 2152/4/4 2153/4/4
f 2153/4/4 2152/4/4 2154/4/4
f 2155/1/4 2156/1/4 2157/1/4
f 2157/1/4 2156/1/4 2158/1/4
f 2159/5/4 2160/5/4 2161/5/4
f 2161/5/4 2160/5/4 2162/5/4
f 2163/5/4 2164/5/4 2165/5/4
f 2165/5/4 2164/5/4 2166/5/4
f 2167/1/4 2168/1/4 2169/1/4
f 2169/1/4 2168/1/4 2170/1/4
f 2173/2/4 2174/2/4 2182/2/4
f 2182/2/4 2174/2/4 2183/2/4
f 2183/2/4 2174/2/4 2184/2/4
f 2184/2/4 2174/2/4 2185/2/4
f 2185/2/4 2174/2/4 2186/2/4
f 2186/2/4 2174/2/4 2187/2/4
f 2171/4/4 2172/4/4 2188/4/4
f 2188/4/4 2172/4/4 2189/4/4
f 2187/2/4 2174/2/4 2193/2/4
f 2189/9/4 2190/9/4 2194/9/4
f 2190/11/4 2191/11/4 2195/11/4
f 2194/9/4 2190/9/4 2195/9/4
f 2191/9/4 2192/9/4 2196/9/4
f 2195/11/4 2191/11/4 2196/11/4
f 2196/9/4 2192/9/4 2197/9/4
f 2193/2/4 2174/2/4 2199/2/4
f 2194/11/4 2195/11/4 2200/11/4
f 2195/9/4 2196/9/4 2201/9/4
f 2200/11/4 2195/11/4 2201/11/4
f 2197/8/4 2198/8/4 2202/8/4
f 2201/9/4 2196/9/4 2202/9/4
f 2196/8/4 2197/8/4 2202/8/4
f 2202/8/4 2198/8/4 2203/8/4
f 2203/8/4 2198/8/4 2204/8/4
f 2199/2/4 2174/2/4 2205/2/4
f 2203/11/4 2204/11/4 2206/11/4
f 2202/9/4 2203/9/4 2206/9/4
f 2206/11/4 2204/11/4 2207/11/4
f 2205/2/4 2174/2/4 2208/2/4
f 2208/2/4 2174/2/4 2209/2/4
f 2202/9/4 2206/9/4 2212/9/4
f 2206/9/4 2207/9/4 2212/9/4
f 2212/9/4 2207/9/4 2213/9/4
f 2213/9/4 2207/9/4 2214/9/4
f 2209/2/4 2174/2/4 2215/2/4
f 2210/9/4 2211/9/4 2216/9/4
f 2211/8/4 2212/8/4 2216/8/4
f 2212/9/4 2213/9/4 2217/9/4
f 2216/8/4 2212/8/4 2217/8/4
f 2213/11/4 2214/11/4 2218/11/4
f 2217/9/4 2213/9/4 2218/9/4
f 2218/11/4 2214/11/4 2219/11/4
f 2215/2/4 2174/2/4 2220/2/4
f 2210/9/4 2216/9/4 2222/9/4
f 2216/9/4 2217/9/4 2222/9/4
f 2217/8/4 2218/8/4 2223/8/4
f 2222/9/4 2217/9/4 2223/9/4
f 2223/8/4 2218/8/4 2224/8/4
f 2220/2/4 2174/2/4 2225/2/4
f 2225/2/4 2174/2/4 2226/2/4
f 2226/2/4 2174/2/4 2227/2/4
f 2227/2/4 2174/2/4 2228/2/4
f 2228/2/4 2174/2/4 2229/2/4
f 2229/2/4 2174/2/4 2230/2/4
f 2174/3/4 2175/3/4 2231/3/4
f 2230/2/4 2174/2/4 2231/2/4
f 2175/2/4 2176/2/4 2232/2/4
f 2231/3/4 2175/3/4 2232/3/4
f 2176/3/4 2177/3/4 2233/3/4
f 2232/2/4 2176/2/4 2233/2/4
f 2177/2/4 2178/2/4 2234/2/4
f 2233/3/4 2177/3/4 2234/3/4
f 2178/3/4 2179/3/4 2235/3/4
f 2234/2/4 2178/2/4 2235/2/4
f 2179/2/4 2180/2/4 2236/2/4
f 2235/3/4 2179/3/4 2236/3/4
f 2180/3/4 2181/3/4 2237/3/4
f 2236/2/4 2180/2/4 2237/2/4
f 2237/3/4 2181/3/4 2238/3/4
f 2221/4/4 2222/4/4 2239/4/4
f 2239/4/4 2222/4/4 2240/4/4
f 2241/9/4 2242/9/4 2249/9/4
f 2242/8/4 2243/8/4 2250/8/4
f 2249/9/4 2242/9/4 2250/9/4
f 2243/9/4 2244/9/4 2251/9/4
f 2250/8/4 2243/8/4 2251/8/4
f 2244/11/4 2245/11/4 2252/11/4
f 2251/9/4 2244/9/4 2252/9/4
f 2245/9/4 2246/9/4 2253/9/4
f 2252/11/4 2245/11/4 2253/11/4
f 2246/11/4 2247/11/4 2254/11/4
f 2253/9/4 2246/9/4 2254/9/4
f 2247/9/4 2248/9/4 2255/9/4
f 2254/11/4 2247/11/4 2255/11/4
f 2253/9/4 2254/9/4 2256/9/4
f 2249/9/4 2250/9/4 2256/9/4
f 2254/9/4 2255/9/4 2256/9/4
f 2252/9/4 2253/9/4 2256/9/4
f 2251/9/4 2252/9/4 2256/9/4
f 2250/9/4 2251/9/4 2256/9/4
f 2256/9/4 2255/9/4 2257/9/4
f 2257/9/4 2255/9/4 2258/9/4
f 2258/9/4 2255/9/4 2259/9/4
f 2256/11/4 2257/11/4 2260/11/4
f 2257/9/4 2258/9/4 2261/9/4
f 2260/11/4 2257/11/4 2261/11/4
f 2258/11/4 2259/11/4 2262/11/4
f 2261/9/4 2258/9/4 2262/9/4
f 2259/9/4 2255/9/4 2263/9/4
f 2262/11/4 2259/11/4 2263/11/4
f 2263/9/4 2255/9/4 2264/9/4
f 2264/9/4 2255/9/4 2265/9/4
f 2265/9/4 2255/9/4 2266/9/4
f 2255/9/4 2248/9/4 2267/9/4
f 2266/9/4 2255/9/4 2267/9/4
f 2267/9/4 2248/9/4 2268/9/4
f 2261/9/4 2262/9/4 2269/9/4
f 2260/9/4 2261/9/4 2269/9/4
f 2262/9/4 2263/9/4 2269/9/4
f 2263/9/4 2264/9/4 2269/9/4
f 2264/8/4 2265/8/4 2270/8/4
f 2269/9/4 2264/9/4 2270/9/4
f 2265/9/4 2266/9/4 2271/9/4
f 2270/8/4 2265/8/4 2271/8/4
f 2266/8/4 2267/8/4 2272/8/4
f 2271/9/4 2266/9/4 2272/9/4
f 2267/11/4 2268/11/4 2273/11/4
f 2272/8/4 2267/8/4 2273/8/4
f 2273/11/4 2268/11/4 2274/11/4
f 2275/9/4 2276/9/4 2281/9/4
f 2281/9/4 2276/9/4 2282/9/4
f 2282/9/4 2276/9/4 2283/9/4
f 2276/8/4 2277/8/4 2284/8/4
f 2283/9/4 2276/9/4 2284/9/4
f 2277/9/4 2278/9/4 2285/9/4
f 2284/8/4 2277/8/4 2285/8/4
f 2278/8/4 2279/8/4 2286/8/4
f 2285/9/4 2278/9/4 2286/9/4
f 2279/9/4 2280/9/4 2287/9/4
f 2286/8/4 2279/8/4 2287/8/4
f 2287/9/4 2280/9/4 2288/9/4
f 2281/9/4 2282/9/4 2289/9/4
f 2282/11/4 2283/11/4 2290/11/4
f 2289/9/4 2282/9/4 2290/9/4
f 2283/9/4 2284/9/4 2291/9/4
f 2290/11/4 2283/11/4 2291/11/4
f 2284/11/4 2285/11/4 2292/11/4
f 2291/9/4 2284/9/4 2292/9/4
f 2285/9/4 2286/9/4 2293/9/4
f 2292/11/4 2285/11/4 2293/11/4
f 2286/9/4 2287/9/4 2293/9/4
f 2287/11/4 2288/11/4 2294/11/4
f 2293/9/4 2287/9/4 2294/9/4
f 2294/11/4 2288/11/4 2295/11/4
f 2289/8/4 2290/8/4 2296/8/4
f 2291/9/4 2292/9/4 2297/9/4
f 2296/8/4 2290/8/4 2297/8/4
f 2290/9/4 2291/9/4 2297/9/4
f 2294/9/4 2295/9/4 2297/9/4
f 2293/9/4 2294/9/4 2297/9/4
f 2292/9/4 2293/9/4 2297/9/4
f 2297/9/4 2295/9/4 2298/9/4
f 2298/9/4 2295/9/4 2299/9/4
f 2299/9/4 2295/9/4 2300/9/4
f 2300/9/4 2295/9/4 2301/9/4
f 2296/9/4 2297/9/4 2302/9/4
f 2297/9/4 2298/9/4 2302/9/4
f 2298/8/4 2299/8/4 2303/8/4
f 2302/9/4 2298/9/4 2303/9/4
f 2299/9/4 2300/9/4 2304/9/4
f 2303/8/4 2299/8/4 2304/8/4
f 2300/8/4 2301/8/4 2305/8/4
f 2304/9/4 2300/9/4 2305/9/4
f 2301/9/4 2295/9/4 2306/9/4
f 2305/8/4 2301/8/4 2306/8/4
f 2306/9/4 2295/9/4 2307/9/4
f 2308/8/4 2309/8/4 2312/8/4
f 2308/8/4 2312/8/4 2313/8/4
f 2308/8/4 2313/8/4 2314/8/4
f 2308/8/4 2314/8/4 2315/8/4
f 2308/8/4 2315/8/4 2316/8/4
f 2308/8/4 2316/8/4 2317/8/4
f 2308/8/4 2317/8/4 2318/8/4
f 2308/8/4 2318/8/4 2319/8/4
f 2308/8/4 2319/8/4 2320/8/4
f 2308/8/4 2320/8/4 2321/8/4
f 2310/5/4 2311/5/4 2322/5/4
f 2308/8/4 2321/8/4 2324/8/4
f 2322/8/4 2323/8/4 2325/8/4
f 2310/5/4 2322/5/4 2325/5/4
f 2325/8/4 2323/8/4 2326/8/4
f 2308/8/4 2324/8/4 2327/8/4
f 2310/5/4 2325/5/4 2328/5/4
f 2325/9/4 2326/9/4 2328/9/4
f 2328/9/4 2326/9/4 2329/9/4
f 2308/8/4 2327/8/4 2330/8/4
f 2308/8/4 2330/8/4 2331/8/4
f 2308/8/4 2331/8/4 2332/8/4
f 2310/5/4 2328/5/4 2333/5/4
f 2308/8/4 2332/8/4 2335/8/4
f 2333/9/4 2334/9/4 2336/9/4
f 2310/5/4 2333/5/4 2336/5/4
f 2336/9/4 2334/9/4 2337/9/4
f 2308/8/4 2335/8/4 2338/8/4
f 2310/5/4 2336/5/4 2339/5/4
f 2336/8/4 2337/8/4 2339/8/4
f 2339/8/4 2337/8/4 2340/8/4
f 2308/8/4 2338/8/4 2341/8/4
f 2308/8/4 2341/8/4 2342/8/4
f 2308/8/4 2342/8/4 2343/8/4
f 2308/8/4 2343/8/4 2344/8/4
f 2308/8/4 2344/8/4 2345/8/4
f 2308/8/4 2345/8/4 2346/8/4
f 2308/8/4 2346/8/4 2347/8/4
f 2308/8/4 2347/8/4 2348/8/4
f 2308/8/4 2348/8/4 2349/8/4
f 2308/8/4 2349/8/4 2350/8/4
f 2350/8/4 2349/8/4 2351/8/4
f 2310/5/4 2339/5/4 2352/5/4
f 2352/5/4 2339/5/4 2353/5/4
f 2354/10/4 2355/10/4 2359/10/4
f 2355/9/4 2356/9/4 2360/9/4
f 2359/10/4 2355/10/4 2360/10/4
f 2356/8/4 2357/8/4 2361/8/4
f 2360/9/4 2356/9/4 2361/9/4
f 2357/7/4 2358/7/4 2362/7/4
f 2361/8/4 2357/8/4 2362/8/4
f 2362/7/4 2358/7/4 2363/7/4
f 2364/4/4 2365/4/4 2371/4/4
f 2371/4/4 2365/4/4 2372/4/4
f 2366/9/4 2367/9/4 2373/9/4
f 2367/9/4 2368/9/4 2373/9/4
f 2368/9/4 2369/9/4 2373/9/4
f 2373/9/4 2369/9/4 2374/9/4
f 2374/9/4 2369/9/4 2375/9/4
f 2369/7/4 2370/7/4 2376/7/4
f 2375/9/4 2369/9/4 2376/9/4
f 2376/7/4 2370/7/4 2377/7/4
f 2373/8/4 2374/8/4 2378/8/4
f 2374/9/4 2375/9/4 2379/9/4
f 2378/8/4 2374/8/4 2379/8/4
f 2375/10/4 2376/10/4 2380/10/4
f 2379/9/4 2375/9/4 2380/9/4
f 2376/6/4 2377/6/4 2381/6/4
f 2380/10/4 2376/10/4 2381/10/4
f 2381/6/4 2377/6/4 2382/6/4
f 2383/9/4 2384/9/4 2386/9/4
f 2386/9/4 2384/9/4 2387/9/4
f 2384/6/4 2385/6/4 2388/6/4
f 2387/9/4 2384/9/4 2388/9/4
f 2388/6/4 2385/6/4 2389/6/4
f 2386/8/4 2387/8/4 2390/8/4
f 2383/9/4 2386/9/4 2390/9/4
f 2387/9/4 2388/9/4 2391/9/4
f 2390/8/4 2387/8/4 2391/8/4
f 2388/7/4 2389/7/4 2392/7/4
f 2391/9/4 2388/9/4 2392/9/4
f 2392/7/4 2389/7/4 2393/7/4
f 2390/9/4 2391/9/4 2394/9/4
f 2383/9/4 2390/9/4 2394/9/4
f 2394/9/4 2391/9/4 2395/9/4
f 2391/10/4 2392/10/4 2396/10/4
f 2395/9/4 2391/9/4 2396/9/4
f 2392/6/4 2393/6/4 2397/6/4
f 2396/10/4 2392/10/4 2397/10/4
f 2397/6/4 2393/6/4 2398/6/4
f 2394/8/4 2395/8/4 2399/8/4
f 2395/9/4 2396/9/4 2400/9/4
f 2399/8/4 2395/8/4 2400/8/4
f 2396/9/4 2397/9/4 2400/9/4
f 2397/7/4 2398/7/4 2401/7/4
f 2400/9/4 2397/9/4 2401/9/4
f 2401/7/4 2398/7/4 2402/7/4
f 2399/9/4 2400/9/4 2403/9/4
f 2400/9/4 2401/9/4 2403/9/4
f 2403/9/4 2401/9/4 2404/9/4
f 2404/9/4 2401/9/4 2405/9/4
f 2401/6/4 2402/6/4 2406/6/4
f 2405/9/4 2401/9/4 2406/9/4
f 2406/6/4 2402/6/4 2407/6/4
f 2403/10/4 2404/10/4 2408/10/4
f 2404/9/4 2405/9/4 2409/9/4
f 2408/10/4 2404/10/4 2409/10/4
f 2405/8/4 2406/8/4 2410/8/4
f 2409/9/4 2405/9/4 2410/9/4
f 2406/7/4 2407/7/4 2411/7/4
f 2410/8/4 2406/8/4 2411/8/4
f 2411/7/4 2407/7/4 2412/7/4
f 2408/9/4 2409/9/4 2413/9/4
f 2409/9/4 2410/9/4 2413/9/4
f 2410/9/4 2411/9/4 2413/9/4
f 2413/9/4 2411/9/4 2414/9/4
f 2411/6/4 2412/6/4 2415/6/4
f 2414/9/4 2411/9/4 2415/9/4
f 2415/6/4 2412/6/4 2416/6/4
f 2413/8/4 2414/8/4 2417/8/4
f 2414/9/4 2415/9/4 2418/9/4
f 2417/8/4 2414/8/4 2418/8/4
f 2418/9/4 2415/9/4 2419/9/4
f 2415/7/4 2416/7/4 2420/7/4
f 2419/9/4 2415/9/4 2420/9/4
f 2420/7/4 2416/7/4 2421/7/4
f 2418/9/4 2419/9/4 2422/9/4
f 2417/9/4 2418/9/4 2422/9/4
f 2419/10/4 2420/10/4 2422/10/4
f 2420/6/4 2421/6/4 2423/6/4
f 2422/10/4 2420/10/4 2423/10/4
f 2423/6/4 2421/6/4 2424/6/4
f 2417/9/4 2422/9/4 2425/9/4
f 2422/9/4 2423/9/4 2425/9/4
f 2425/9/4 2423/9/4 2426/9/4
f 2423/7/4 2424/7/4 2427/7/4
f 2426/9/4 2423/9/4 2427/9/4
f 2427/7/4 2424/7/4 2428/7/4
f 2417/9/4 2425/9/4 2429/9/4
f 2425/8/4 2426/8/4 2430/8/4
f 2429/9/4 2425/9/4 2430/9/4
f 2426/9/4 2427/9/4 2431/9/4
f 2430/8/4 2426/8/4 2431/8/4
f 2427/6/4 2428/6/4 2432/6/4
f 2431/9/4 2427/9/4 2432/9/4
f 2432/6/4 2428/6/4 2433/6/4
f 2429/10/4 2430/10/4 2434/10/4
f 2430/9/4 2431/9/4 2435/9/4
f 2434/10/4 2430/10/4 2435/10/4
f 2431/9/4 2432/9/4 2435/9/4
f 2435/9/4 2432/9/4 2436/9/4
f 2432/7/4 2433/7/4 2437/7/4
f 2436/9/4 2432/9/4 2437/9/4
f 2437/7/4 2433/7/4 2438/7/4
f 2435/9/4 2436/9/4 2439/9/4
f 2434/9/4 2435/9/4 2439/9/4
f 2436/8/4 2437/8/4 2439/8/4
f 2437/6/4 2438/6/4 2440/6/4
f 2439/8/4 2437/8/4 2440/8/4
f 2440/6/4 2438/6/4 2441/6/4
f 2439/9/4 2440/9/4 2442/9/4
f 2440/7/4 2441/7/4 2442/7/4
f 2442/7/4 2441/7/4 2443/7/4
f 2434/9/4 2439/9/4 2444/9/4
f 2439/9/4 2442/9/4 2444/9/4
f 2444/9/4 2442/9/4 2445/9/4
f 2445/9/4 2442/9/4 2446/9/4
f 2442/6/4 2443/6/4 2447/6/4
f 2446/9/4 2442/9/4 2447/9/4
f 2447/6/4 2443/6/4 2448/6/4
f 2444/8/4 2445/8/4 2449/8/4
f 2445/9/4 2446/9/4 2450/9/4
f 2449/8/4 2445/8/4 2450/8/4
f 2446/8/4 2447/8/4 2451/8/4
f 2450/9/4 2446/9/4 2451/9/4
f 2447/7/4 2448/7/4 2452/7/4
f 2451/8/4 2447/8/4 2452/8/4
f 2452/7/4 2448/7/4 2453/7/4
f 2449/9/4 2450/9/4 2454/9/4
f 2450/10/4 2451/10/4 2454/10/4
f 2451/9/4 2452/9/4 2455/9/4
f 2454/10/4 2451/10/4 2455/10/4
f 2452/6/4 2453/6/4 2456/6/4
f 2455/9/4 2452/9/4 2456/9/4
f 2456/6/4 2453/6/4 2457/6/4
f 2454/9/4 2455/9/4 2458/9/4
f 2455/9/4 2456/9/4 2458/9/4
f 2456/7/4 2457/7/4 2459/7/4
f 2458/9/4 2456/9/4 2459/9/4
f 2459/7/4 2457/7/4 2460/7/4
f 2449/9/4 2454/9/4 2461/9/4
f 2454/9/4 2458/9/4 2461/9/4
f 2461/9/4 2458/9/4 2462/9/4
f 2458/8/4 2459/8/4 2463/8/4
f 2462/9/4 2458/9/4 2463/9/4
f 2459/6/4 2460/6/4 2464/6/4
f 2463/8/4 2459/8/4 2464/8/4
f 2464/6/4 2460/6/4 2465/6/4
f 2461/10/4 2462/10/4 2466/10/4
f 2462/9/4 2463/9/4 2467/9/4
f 2466/10/4 2462/10/4 2467/10/4
f 2463/9/4 2464/9/4 2467/9/4
f 2467/9/4 2464/9/4 2468/9/4
f 2464/7/4 2465/7/4 2469/7/4
f 2468/9/4 2464/9/4 2469/9/4
f 2469/7/4 2465/7/4 2470/7/4
f 2467/8/4 2468/8/4 2471/8/4
f 2466/9/4 2467/9/4 2471/9/4
f 2468/9/4 2469/9/4 2472/9/4
f 2471/8/4 2468/8/4 2472/8/4
f 2469/6/4 2470/6/4 2473/6/4
f 2472/9/4 2469/9/4 2473/9/4
f 2473/6/4 2470/6/4 2474/6/4
f 2471/9/4 2472/9/4 2475/9/4
f 2472/9/4 2473/9/4 2475/9/4
f 2473/7/4 2474/7/4 2475/7/4
f 2475/7/4 2474/7/4 2476/7/4
f 2466/9/4 2471/9/4 2477/9/4
f 2471/9/4 2475/9/4 2477/9/4
f 2477/9/4 2475/9/4 2478/9/4
f 2475/6/4 2476/6/4 2479/6/4
f 2478/9/4 2475/9/4 2479/9/4
f 2479/6/4 2476/6/4 2480/6/4
f 2477/8/4 2478/8/4 2481/8/4
f 2478/9/4 2479/9/4 2482/9/4
f 2481/8/4 2478/8/4 2482/8/4
f 2482/9/4 2479/9/4 2483/9/4
f 2479/7/4 2480/7/4 2484/7/4
f 2483/9/4 2479/9/4 2484/9/4
f 2484/7/4 2480/7/4 2485/7/4
f 2482/9/4 2483/9/4 2486/9/4
f 2481/9/4 2482/9/4 2486/9/4
f 2483/10/4 2484/10/4 2486/10/4
f 2484/6/4 2485/6/4 2487/6/4
f 2486/10/4 2484/10/4 2487/10/4
f 2487/6/4 2485/6/4 2488/6/4
f 2481/9/4 2486/9/4 2489/9/4
f 2486/9/4 2487/9/4 2489/9/4
f 2489/9/4 2487/9/4 2490/9/4
f 2487/7/4 2488/7/4 2491/7/4
f 2490/9/4 2487/9/4 2491/9/4
f 2491/7/4 2488/7/4 2492/7/4
f 2489/8/4 2490/8/4 2493/8/4
f 2481/9/4 2489/9/4 2493/9/4
f 2490/9/4 2491/9/4 2494/9/4
f 2493/8/4 2490/8/4 2494/8/4
f 2491/6/4 2492/6/4 2495/6/4
f 2494/9/4 2491/9/4 2495/9/4
f 2495/6/4 2492/6/4 2496/6/4
f 2493/9/4 2494/9/4 2497/9/4
f 2481/9/4 2493/9/4 2497/9/4
f 2494/9/4 2495/9/4 2497/9/4
f 2497/9/4 2495/9/4 2498/9/4
f 2495/7/4 2496/7/4 2499/7/4
f 2498/9/4 2495/9/4 2499/9/4
f 2499/7/4 2496/7/4 2500/7/4
f 2481/9/4 2497/9/4 2501/9/4
f 2497/10/4 2498/10/4 2502/10/4
f 2501/9/4 2497/9/4 2502/9/4
f 2498/8/4 2499/8/4 2503/8/4
f 2502/10/4 2498/10/4 2503/10/4
f 2499/6/4 2500/6/4 2504/6/4
f 2503/8/4 2499/8/4 2504/8/4
f 2504/6/4 2500/6/4 2505/6/4
f 2525/9/5 2507/9/5 2506/9/5
f 2526/8/5 2508/8/5 2507/8/5
f 2526/9/5 2507/9/5 2525/9/5
f 2527/9/5 2509/9/5 2508/9/5
f 2527/8/5 2508/8/5 2526/8/5
f 2528/8/5 2510/8/5 2509/8/5
f 2528/9/5 2509/9/5 2527/9/5
f 2529/9/5 2511/9/5 2510/9/5
f 2529/8/5 2510/8/5 2528/8/5
f 2530/10/5 2512/10/5 2511/10/5
f 2530/9/5 2511/9/5 2529/9/5
f 2531/9/5 2513/9/5 2512/9/5
f 2531/10/5 2512/10/5 2530/10/5
f 2532/8/5 2514/8/5 2513/8/5
f 2532/9/5 2513/9/5 2531/9/5
f 2533/9/5 2515/9/5 2514/9/5
f 2533/8/5 2514/8/5 2532/8/5
f 2534/10/5 2516/10/5 2515/10/5
f 2534/9/5 2515/9/5 2533/9/5
f 2535/9/5 2517/9/5 2516/9/5
f 2535/10/5 2516/10/5 2534/10/5
f 2536/8/5 2518/8/5 2517/8/5
f 2536/9/5 2517/9/5 2535/9/5
f 2537/9/5 2519/9/5 2518/9/5
f 2537/8/5 2518/8/5 2536/8/5
f 2538/8/5 2520/8/5 2519/8/5
f 2538/9/5 2519/9/5 2537/9/5
f 2539/9/5 2521/9/5 2520/9/5
f 2539/8/5 2520/8/5 2538/8/5
f 2540/8/5 2522/8/5 2521/8/5
f 2540/9/5 2521/9/5 2539/9/5
f 2541/9/5 2523/9/5 2522/9/5
f 2541/8/5 2522/8/5 2540/8/5
f 2542/9/5 2523/9/5 2541/9/5
f 2544/8/5 2525/8/5 2524/8/5
f 2545/6/5 2540/6/5 2539/6/5
f 2545/8/5 2525/8/5 2544/8/5
f 2545/6/5 2526/6/5 2525/6/5
f 2545/6/5 2542/6/5 2541/6/5
f 2545/6/5 2541/6/5 2540/6/5
f 2545/6/5 2527/6/5 2526/6/5
f 2545/6/5 2539/6/5 2538/6/5
f 2545/6/5 2538/6/5 2537/6/5
f 2545/6/5 2537/6/5 2536/6/5
f 2545/6/5 2536/6/5 2535/6/5
f 2545/6/5 2535/6/5 2534/6/5
f 2545/6/5 2534/6/5 2533/6/5
f 2545/6/5 2533/6/5 2532/6/5
f 2545/6/5 2532/6/5 2531/6/5
f 2545/6/5 2531/6/5 2530/6/5
f 2545/6/5 2530/6/5 2529/6/5
f 2545/6/5 2529/6/5 2528/6/5
f 2545/6/5 2528/6/5 2527/6/5
f 2546/9/5 2543/9/5 2542/9/5
f 2546/6/5 2542/6/5 2545/6/5
f 2547/9/5 2543/9/5 2546/9/5
f 2548/9/5 2545/9/5 2544/9/5
f 2549/6/5 2546/6/5 2545/6/5
f 2549/9/5 2545/9/5 2548/9/5
f 2549/6/5 2547/6/5 2546/6/5
f 2550/10/5 2549/10/5 2548/10/5
f 2551/6/5 2547/6/5 2549/6/5
f 2551/10/5 2549/10/5 2550/10/5
f 2552/9/5 2543/9/5 2547/9/5
f 2552/6/5 2547/6/5 2551/6/5
f 2553/9/5 2543/9/5 2552/9/5
f 2554/6/5 2552/6/5 2551/6/5
f 2554/8/5 2553/8/5 2552/8/5
f 2555/8/5 2553/8/5 2554/8/5
f 2556/9/5 2551/9/5 2550/9/5
f 2557/6/5 2554/6/5 2551/6/5
f 2557/9/5 2551/9/5 2556/9/5
f 2558/9/5 2555/9/5 2554/9/5
f 2558/6/5 2554/6/5 2557/6/5
f 2559/9/5 2555/9/5 2558/9/5
f 2563/8/5 2557/8/5 2556/8/5
f 2564/6/5 2558/6/5 2557/6/5
f 2564/8/5 2557/8/5 2563/8/5
f 2565/10/5 2559/10/5 2558/10/5
f 2565/6/5 2558/6/5 2564/6/5
f 2566/10/5 2559/10/5 2565/10/5
f 2567/10/5 2561/10/5 2560/10/5
f 2568/8/5 2562/8/5 2561/8/5
f 2568/10/5 2561/10/5 2567/10/5
f 2569/10/5 2563/10/5 2562/10/5
f 2569/8/5 2562/8/5 2568/8/5
f 2570/6/5 2564/6/5 2563/6/5
f 2570/10/5 2563/10/5 2569/10/5
f 2570/6/5 2565/6/5 2564/6/5
f 2571/9/5 2568/9/5 2567/9/5
f 2572/6/5 2569/6/5 2568/6/5
f 2572/9/5 2568/9/5 2571/9/5
f 2572/6/5 2570/6/5 2569/6/5
f 2573/6/5 2565/6/5 2570/6/5
f 2573/6/5 2570/6/5 2572/6/5
f 2573/9/5 2566/9/5 2565/9/5
f 2574/9/5 2566/9/5 2573/9/5
f 2575/6/5 2573/6/5 2572/6/5
f 2575/8/5 2574/8/5 2573/8/5
f 2576/8/5 2574/8/5 2575/8/5
f 2577/10/5 2572/10/5 2571/10/5
f 2578/6/5 2575/6/5 2572/6/5
f 2578/10/5 2572/10/5 2577/10/5
f 2579/9/5 2578/9/5 2577/9/5
f 2580/6/5 2575/6/5 2578/6/5
f 2580/9/5 2578/9/5 2579/9/5
f 2581/8/5 2580/8/5 2579/8/5
f 2582/6/5 2575/6/5 2580/6/5
f 2582/8/5 2580/8/5 2581/8/5
f 2583/9/5 2576/9/5 2575/9/5
f 2583/6/5 2575/6/5 2582/6/5
f 2584/9/5 2576/9/5 2583/9/5
f 2585/10/5 2582/10/5 2581/10/5
f 2586/6/5 2583/6/5 2582/6/5
f 2586/10/5 2582/10/5 2585/10/5
f 2587/8/5 2584/8/5 2583/8/5
f 2587/6/5 2583/6/5 2586/6/5
f 2588/8/5 2584/8/5 2587/8/5
f 2589/9/5 2586/9/5 2585/9/5
f 2590/6/5 2587/6/5 2586/6/5
f 2590/9/5 2586/9/5 2589/9/5
f 2591/9/5 2588/9/5 2587/9/5
f 2591/6/5 2587/6/5 2590/6/5
f 2592/9/5 2588/9/5 2591/9/5
f 2593/6/5 2591/6/5 2590/6/5
f 2593/10/5 2592/10/5 2591/10/5
f 2594/10/5 2592/10/5 2593/10/5
f 2595/10/5 2590/10/5 2589/10/5
f 2596/6/5 2593/6/5 2590/6/5
f 2596/10/5 2590/10/5 2595/10/5
f 2597/6/5 2593/6/5 2596/6/5
f 2598/9/5 2596/9/5 2595/9/5
f 2599/10/5 2597/10/5 2596/10/5
f 2599/9/5 2596/9/5 2598/9/5
f 2600/6/5 2593/6/5 2597/6/5
f 2600/10/5 2597/10/5 2599/10/5
f 2601/6/5 2593/6/5 2600/6/5
f 2602/10/5 2601/10/5 2600/10/5
f 2603/6/5 2593/6/5 2601/6/5
f 2603/10/5 2601/10/5 2602/10/5
f 2604/9/5 2594/9/5 2593/9/5
f 2604/6/5 2593/6/5 2603/6/5
f 2605/9/5 2594/9/5 2604/9/5
f 2606/6/5 2604/6/5 2603/6/5
f 2606/8/5 2605/8/5 2604/8/5
f 2607/8/5 2605/8/5 2606/8/5
f 2608/9/5 2603/9/5 2602/9/5
f 2609/6/5 2606/6/5 2603/6/5
f 2609/9/5 2603/9/5 2608/9/5
f 2610/8/5 2609/8/5 2608/8/5
f 2611/6/5 2606/6/5 2609/6/5
f 2611/8/5 2609/8/5 2610/8/5
f 2612/9/5 2607/9/5 2606/9/5
f 2612/6/5 2606/6/5 2611/6/5
f 2613/9/5 2607/9/5 2612/9/5
f 2614/9/5 2611/9/5 2610/9/5
f 2615/6/5 2612/6/5 2611/6/5
f 2615/9/5 2611/9/5 2614/9/5
f 2616/10/5 2613/10/5 2612/10/5
f 2616/6/5 2612/6/5 2615/6/5
f 2617/10/5 2613/10/5 2616/10/5
f 2618/10/5 2615/10/5 2614/10/5
f 2619/9/5 2616/9/5 2615/9/5
f 2619/10/5 2615/10/5 2618/10/5
f 2620/9/5 2616/9/5 2619/9/5
f 2621/9/5 2616/9/5 2620/9/5
f 2622/9/5 2616/9/5 2621/9/5
f 2623/9/5 2616/9/5 2622/9/5
f 2624/9/5 2616/9/5 2623/9/5
f 2625/9/5 2616/9/5 2624/9/5
f 2626/9/5 2616/9/5 2625/9/5
f 2627/9/5 2616/9/5 2626/9/5
f 2628/9/5 2616/9/5 2627/9/5
f 2629/9/5 2616/9/5 2628/9/5
f 2630/9/5 2616/9/5 2629/9/5
f 2631/9/5 2616/9/5 2630/9/5
f 2632/9/5 2616/9/5 2631/9/5
f 2633/9/5 2616/9/5 2632/9/5
f 2634/9/5 2616/9/5 2633/9/5
f 2635/8/5 2617/8/5 2616/8/5
f 2635/9/5 2616/9/5 2634/9/5
f 2636/8/5 2617/8/5 2635/8/5
f 2637/9/5 2620/9/5 2619/9/5
f 2638/8/5 2621/8/5 2620/8/5
f 2638/9/5 2620/9/5 2637/9/5
f 2639/9/5 2622/9/5 2621/9/5
f 2639/8/5 2621/8/5 2638/8/5
f 2640/10/5 2623/10/5 2622/10/5
f 2640/9/5 2622/9/5 2639/9/5
f 2641/9/5 2624/9/5 2623/9/5
f 2641/10/5 2623/10/5 2640/10/5
f 2642/8/5 2625/8/5 2624/8/5
f 2642/9/5 2624/9/5 2641/9/5
f 2643/9/5 2626/9/5 2625/9/5
f 2643/8/5 2625/8/5 2642/8/5
f 2644/10/5 2627/10/5 2626/10/5
f 2644/9/5 2626/9/5 2643/9/5
f 2645/9/5 2628/9/5 2627/9/5
f 2645/10/5 2627/10/5 2644/10/5
f 2646/8/5 2629/8/5 2628/8/5
f 2646/9/5 2628/9/5 2645/9/5
f 2647/9/5 2630/9/5 2629/9/5
f 2647/8/5 2629/8/5 2646/8/5
f 2648/10/5 2631/10/5 2630/10/5
f 2648/9/5 2630/9/5 2647/9/5
f 2649/9/5 2632/9/5 2631/9/5
f 2649/10/5 2631/10/5 2648/10/5
f 2650/8/5 2633/8/5 2632/8/5
f 2650/9/5 2632/9/5 2649/9/5
f 2651/9/5 2634/9/5 2633/9/5
f 2651/8/5 2633/8/5 2650/8/5
f 2652/9/5 2634/9/5 2651/9/5
f 2681/7/5 2654/7/5 2653/7/5
f 2682/6/5 2655/6/5 2654/6/5
f 2682/7/5 2654/7/5 2681/7/5
f 2683/7/5 2656/7/5 2655/7/5
f 2683/6/5 2655/6/5 2682/6/5
f 2684/6/5 2657/6/5 2656/6/5
f 2684/7/5 2656/7/5 2683/7/5
f 2685/7/5 2658/7/5 2657/7/5
f 2685/6/5 2657/6/5 2684/6/5
f 2686/6/5 2659/6/5 2658/6/5
f 2686/7/5 2658/7/5 2685/7/5
f 2687/7/5 2660/7/5 2659/7/5
f 2687/6/5 2659/6/5 2686/6/5
f 2688/6/5 2661/6/5 2660/6/5
f 2688/7/5 2660/7/5 2687/7/5
f 2689/7/5 2662/7/5 2661/7/5
f 2689/6/5 2661/6/5 2688/6/5
f 2690/6/5 2663/6/5 2662/6/5
f 2690/7/5 2662/7/5 2689/7/5
f 2691/7/5 2664/7/5 2663/7/5
f 2691/6/5 2663/6/5 2690/6/5
f 2692/6/5 2665/6/5 2664/6/5
f 2692/7/5 2664/7/5 2691/7/5
f 2693/7/5 2666/7/5 2665/7/5
f 2693/6/5 2665/6/5 2692/6/5
f 2694/6/5 2667/6/5 2666/6/5
f 2694/7/5 2666/7/5 2693/7/5
f 2695/7/5 2668/7/5 2667/7/5
f 2695/6/5 2667/6/5 2694/6/5
f 2696/6/5 2669/6/5 2668/6/5
f 2696/7/5 2668/7/5 2695/7/5
f 2697/7/5 2670/7/5 2669/7/5
f 2697/6/5 2669/6/5 2696/6/5
f 2698/6/5 2671/6/5 2670/6/5
f 2698/7/5 2670/7/5 2697/7/5
f 2699/7/5 2672/7/5 2671/7/5
f 2699/6/5 2671/6/5 2698/6/5
f 2700/6/5 2673/6/5 2672/6/5
f 2700/7/5 2672/7/5 2699/7/5
f 2701/7/5 2674/7/5 2673/7/5
f 2701/6/5 2673/6/5 2700/6/5
f 2702/6/5 2675/6/5 2674/6/5
f 2702/7/5 2674/7/5 2701/7/5
f 2703/7/5 2676/7/5 2675/7/5
f 2703/6/5 2675/6/5 2702/6/5
f 2704/6/5 2677/6/5 2676/6/5
f 2704/7/5 2676/7/5 2703/7/5
f 2705/7/5 2678/7/5 2677/7/5
f 2705/6/5 2677/6/5 2704/6/5
f 2706/6/5 2679/6/5 2678/6/5
f 2706/7/5 2678/7/5 2705/7/5
f 2707/7/5 2680/7/5 2679/7/5
f 2707/6/5 2679/6/5 2706/6/5
f 2708/7/5 2680/7/5 2707/7/5
f 2712/9/5 2710/9/5 2709/9/5
f 2713/1/5 2711/1/5 2710/1/5
f 2713/9/5 2710/9/5 2712/9/5
f 2714/1/5 2711/1/5 2713/1/5
f 2718/9/5 2716/9/5 2715/9/5
f 2718/9/5 2717/9/5 2716/9/5
f 2719/9/5 2717/9/5 2718/9/5
f 2722/9/5 2721/9/5 2720/9/5
f 2723/9/5 2721/9/5 2722/9/5
f 2724/9/5 2721/9/5 2723/9/5
f 2728/9/5 2726/9/5 2725/9/5
f 2729/1/5 2727/1/5 2726/1/5
f 2729/9/5 2726/9/5 2728/9/5
f 2730/1/5 2727/1/5 2729/1/5
f 2734/9/5 2732/9/5 2731/9/5
f 2735/12/5 2733/12/5 2732/12/5
f 2735/9/5 2732/9/5 2734/9/5
f 2736/12/5 2733/12/5 2735/12/5
f 2739/4/5 2738/4/5 2737/4/5
f 2740/4/5 2738/4/5 2739/4/5
f 2741/4/5 2739/4/5 2737/4/5
f 2741/6/5 2740/6/5 2739/6/5
f 2742/6/5 2740/6/5 2741/6/5
f 2743/6/5 2740/6/5 2742/6/5
f 2744/6/5 2740/6/5 2743/6/5
f 2745/4/5 2738/4/5 2740/4/5
f 2745/6/5 2740/6/5 2744/6/5
f 2746/4/5 2741/4/5 2737/4/5
f 2747/6/5 2744/6/5 2743/6/5
f 2748/6/5 2744/6/5 2747/6/5
f 2749/4/5 2738/4/5 2745/4/5
f 2750/4/5 2746/4/5 2737/4/5
f 2751/4/5 2738/4/5 2749/4/5
f 2752/4/5 2750/4/5 2737/4/5
f 2758/4/5 2738/4/5 2751/4/5
f 2759/1/5 2756/1/5 2755/1/5
f 2760/1/5 2756/1/5 2759/1/5
f 2761/1/5 2759/1/5 2755/1/5
f 2762/1/5 2756/1/5 2760/1/5
f 2763/4/5 2752/4/5 2737/4/5
f 2763/6/5 2753/6/5 2752/6/5
f 2763/6/5 2754/6/5 2753/6/5
f 2764/6/5 2754/6/5 2763/6/5
f 2765/6/5 2754/6/5 2764/6/5
f 2766/1/5 2762/1/5 2761/1/5
f 2766/1/5 2761/1/5 2755/1/5
f 2767/1/5 2756/1/5 2762/1/5
f 2767/1/5 2762/1/5 2766/1/5
f 2768/6/5 2758/6/5 2757/6/5
f 2769/4/5 2738/4/5 2758/4/5
f 2769/6/5 2758/6/5 2768/6/5
f 2770/4/5 2763/4/5 2737/4/5
f 2773/4/5 2770/4/5 2737/4/5
f 2775/6/5 2772/6/5 2771/6/5
f 2776/6/5 2772/6/5 2775/6/5
f 2779/4/5 2738/4/5 2769/4/5
f 2780/6/5 2778/6/5 2777/6/5
f 2780/6/5 2779/6/5 2778/6/5
f 2780/6/5 2774/6/5 2773/6/5
f 2780/4/5 2773/4/5 2737/4/5
f 2780/6/5 2777/6/5 2776/6/5
f 2780/6/5 2776/6/5 2775/6/5
f 2780/6/5 2775/6/5 2774/6/5
f 2781/4/5 2738/4/5 2779/4/5
f 2781/6/5 2779/6/5 2780/6/5
f 2782/4/5 2780/4/5 2737/4/5
f 2782/4/5 2781/4/5 2780/4/5
f 2783/4/5 2738/4/5 2781/4/5
f 2783/4/5 2781/4/5 2782/4/5
f 2787/1/5 2786/1/5 2785/1/5
f 2788/1/5 2786/1/5 2787/1/5
f 2789/1/5 2786/1/5 2788/1/5
f 2790/1/5 2786/1/5 2789/1/5
f 2791/1/5 2789/1/5 2788/1/5
f 2792/1/5 2789/1/5 2791/1/5
f 2794/1/5 2786/1/5 2790/1/5
f 2795/1/5 2794/1/5 2793/1/5
f 2796/1/5 2786/1/5 2794/1/5
f 2796/1/5 2794/1/5 2795/1/5
f 2797/1/5 2795/1/5 2793/1/5
f 2797/5/5 2796/5/5 2795/5/5
f 2798/5/5 2796/5/5 2797/5/5
f 2799/1/5 2797/1/5 2793/1/5
f 2799/1/5 2798/1/5 2797/1/5
f 2800/1/5 2798/1/5 2799/1/5
f 2803/1/5 2802/1/5 2801/1/5
f 2804/1/5 2802/1/5 2803/1/5
f 2805/1/5 2787/1/5 2785/1/5
f 2806/1/5 2803/1/5 2801/1/5
f 2808/1/5 2798/1/5 2800/1/5
f 2809/5/5 2785/5/5 2784/5/5
f 2809/1/5 2806/1/5 2805/1/5
f 2809/1/5 2805/1/5 2785/1/5
f 2810/1/5 2806/1/5 2809/1/5
f 2811/1/5 2808/1/5 2807/1/5
f 2812/1/5 2798/1/5 2808/1/5
f 2812/1/5 2808/1/5 2811/1/5
f 2813/5/5 2809/5/5 2784/5/5
f 2813/5/5 2810/5/5 2809/5/5
f 2814/1/5 2806/1/5 2810/1/5
f 2814/5/5 2810/5/5 2813/5/5
f 2815/5/5 2804/5/5 2803/5/5
f 2815/1/5 2806/1/5 2814/1/5
f 2815/1/5 2803/1/5 2806/1/5
f 2816/1/5 2802/1/5 2804/1/5
f 2816/5/5 2804/5/5 2815/5/5
f 2817/1/5 2802/1/5 2816/1/5
f 2818/5/5 2812/5/5 2811/5/5
f 2819/5/5 2812/5/5 2818/5/5
f 2825/1/5 2821/1/5 2820/1/5
f 2826/1/5 2821/1/5 2825/1/5
f 2827/1/5 2823/1/5 2822/1/5
f 2828/1/5 2823/1/5 2827/1/5
f 2829/4/5 2824/4/5 2823/4/5
f 2829/1/5 2823/1/5 2828/1/5
f 2830/4/5 2824/4/5 2829/4/5
f 2831/1/5 2829/1/5 2828/1/5
f 2831/1/5 2830/1/5 2829/1/5
f 2832/1/5 2830/1/5 2831/1/5
f 2835/1/5 2834/1/5 2833/1/5
f 2836/1/5 2834/1/5 2835/1/5
f 2837/1/5 2825/1/5 2820/1/5
f 2840/1/5 2835/1/5 2833/1/5
f 2841/1/5 2838/1/5 2837/1/5
f 2841/1/5 2837/1/5 2820/1/5
f 2842/1/5 2838/1/5 2841/1/5
f 2844/1/5 2840/1/5 2839/1/5
f 2845/4/5 2836/4/5 2835/4/5
f 2845/1/5 2835/1/5 2840/1/5
f 2845/1/5 2840/1/5 2844/1/5
f 2846/4/5 2836/4/5 2845/4/5
f 2847/1/5 2844/1/5 2843/1/5
f 2848/1/5 2844/1/5 2847/1/5
f 2849/9/5 2848/9/5 2847/9/5
f 2850/9/5 2848/9/5 2849/9/5
f 2857/5/5 2852/5/5 2851/5/5
f 2858/1/5 2853/1/5 2852/1/5
f 2858/5/5 2852/5/5 2857/5/5
f 2859/5/5 2856/5/5 2855/5/5
f 2859/1/5 2855/1/5 2854/1/5
f 2860/5/5 2856/5/5 2859/5/5
f 2861/1/5 2858/1/5 2857/1/5
f 2862/1/5 2853/1/5 2858/1/5
f 2862/1/5 2858/1/5 2861/1/5
f 2863/1/5 2859/1/5 2854/1/5
f 2863/1/5 2860/1/5 2859/1/5
f 2864/1/5 2860/1/5 2863/1/5
f 2865/1/5 2860/1/5 2864/1/5
f 2866/1/5 2860/1/5 2865/1/5
f 2869/1/5 2861/1/5 2857/1/5
f 2872/1/5 2868/1/5 2867/1/5
f 2873/1/5 2870/1/5 2869/1/5
f 2873/1/5 2869/1/5 2857/1/5
f 2874/1/5 2870/1/5 2873/1/5
f 2875/1/5 2872/1/5 2871/1/5
f 2876/1/5 2868/1/5 2872/1/5
f 2876/1/5 2872/1/5 2875/1/5
f 2879/1/5 2878/1/5 2877/1/5
f 2880/1/5 2878/1/5 2879/1/5
f 2882/9/5 2881/9/5 2880/9/5
f 2883/9/5 2881/9/5 2882/9/5
f 2888/1/5 2885/1/5 2884/1/5
f 2889/1/5 2885/1/5 2888/1/5
f 2892/4/5 2887/4/5 2886/4/5
f 2892/4/5 2891/4/5 2890/4/5
f 2892/4/5 2890/4/5 2889/4/5
f 2892/4/5 2889/4/5 2888/4/5
f 2892/4/5 2888/4/5 2887/4/5
f 2893/4/5 2891/4/5 2892/4/5
f 2894/4/5 2891/4/5 2893/4/5
f 2895/4/5 2894/4/5 2893/4/5
f 2896/4/5 2894/4/5 2895/4/5
f 2901/9/5 2898/9/5 2897/9/5
f 2902/9/5 2898/9/5 2901/9/5
f 2903/4/5 2900/4/5 2899/4/5
f 2904/4/5 2892/4/5 2886/4/5
f 2907/4/5 2903/4/5 2899/4/5
f 2908/4/5 2905/4/5 2904/4/5
f 2909/4/5 2905/4/5 2908/4/5
f 2910/4/5 2907/4/5 2906/4/5
f 2911/4/5 2907/4/5 2910/4/5
f 2912/4/5 2904/4/5 2886/4/5
f 2912/4/5 2908/4/5 2904/4/5
f 2913/8/5 2909/8/5 2908/8/5
f 2913/4/5 2908/4/5 2912/4/5
f 2914/4/5 2905/4/5 2909/4/5
f 2914/8/5 2909/8/5 2913/8/5
f 2915/4/5 2905/4/5 2914/4/5
f 2916/4/5 2910/4/5 2906/4/5
f 2917/8/5 2911/8/5 2910/8/5
f 2917/4/5 2910/4/5 2916/4/5
f 2918/4/5 2907/4/5 2911/4/5
f 2918/8/5 2911/8/5 2917/8/5
f 2919/4/5 2903/4/5 2907/4/5
f 2919/4/5 2907/4/5 2918/4/5
f 2922/9/5 2918/9/5 2917/9/5
f 2923/9/5 2918/9/5 2922/9/5
f 2924/9/5 2921/9/5 2920/9/5
f 2925/9/5 2924/9/5 2920/9/5
f 2926/9/5 2924/9/5 2925/9/5
f 2930/1/5 2928/1/5 2927/1/5
f 2931/1/5 2928/1/5 2930/1/5
f 2932/5/5 2929/5/5 2928/5/5
f 2932/1/5 2928/1/5 2931/1/5
f 2933/5/5 2929/5/5 2932/5/5
f 2934/1/5 2932/1/5 2931/1/5
f 2934/9/5 2933/9/5 2932/9/5
f 2935/9/5 2933/9/5 2934/9/5
f 2937/8/5 2935/8/5 2934/8/5
f 2937/1/5 2934/1/5 2931/1/5
f 2938/9/5 2936/9/5 2935/9/5
f 2938/8/5 2935/8/5 2937/8/5
f 2939/1/5 2937/1/5 2931/1/5
f 2939/11/5 2938/11/5 2937/11/5
f 2940/9/5 2936/9/5 2938/9/5
f 2940/11/5 2938/11/5 2939/11/5
f 2941/1/5 2939/1/5 2931/1/5
f 2941/9/5 2940/9/5 2939/9/5
f 2942/9/5 2936/9/5 2940/9/5
f 2942/9/5 2940/9/5 2941/9/5
f 2943/9/5 2936/9/5 2942/9/5
f 2944/1/5 2941/1/5 2931/1/5
f 2944/8/5 2942/8/5 2941/8/5
f 2945/8/5 2942/8/5 2944/8/5
f 2946/1/5 2930/1/5 2927/1/5
f 2947/1/5 2944/1/5 2931/1/5
f 2948/1/5 2946/1/5 2927/1/5
f 2948/1/5 2947/1/5 2946/1/5
f 2949/1/5 2947/1/5 2948/1/5
f 2950/1/5 2947/1/5 2949/1/5
f 2951/1/5 2947/1/5 2950/1/5
f 2952/1/5 2944/1/5 2947/1/5
f 2952/1/5 2947/1/5 2951/1/5
f 2952/5/5 2945/5/5 2944/5/5
f 2953/5/5 2945/5/5 2952/5/5
f 2954/9/5 2950/9/5 2949/9/5
f 2955/11/5 2951/11/5 2950/11/5
f 2955/9/5 2950/9/5 2954/9/5
f 2956/11/5 2951/11/5 2955/11/5
f 2957/8/5 2955/8/5 2954/8/5
f 2958/9/5 2956/9/5 2955/9/5
f 2958/8/5 2955/8/5 2957/8/5
f 2959/9/5 2956/9/5 2958/9/5
f 2962/5/5 2961/5/5 2960/5/5
f 2963/5/5 2961/5/5 2962/5/5
f 2964/1/5 2963/1/5 2962/1/5
f 2965/1/5 2963/1/5 2964/1/5
f 2966/1/5 2964/1/5 2962/1/5
f 2967/1/5 2963/1/5 2965/1/5
f 2968/1/5 2966/1/5 2962/1/5
f 2968/1/5 2967/1/5 2966/1/5
f 2969/1/5 2963/1/5 2967/1/5
f 2969/1/5 2967/1/5 2968/1/5
f 2970/5/5 2969/5/5 2968/5/5
f 2971/5/5 2969/5/5 2970/5/5
f 2976/8/5 2973/8/5 2972/8/5
f 2977/9/5 2974/9/5 2973/9/5
f 2977/8/5 2973/8/5 2976/8/5
f 2978/9/5 2974/9/5 2977/9/5
f 2982/8/5 2979/8/5 2978/8/5
f 2983/8/5 2976/8/5 2975/8/5
f 2984/8/5 2976/8/5 2983/8/5
f 2985/9/5 2984/9/5 2983/9/5
f 2986/9/5 2984/9/5 2985/9/5
f 2987/1/5 2981/1/5 2980/1/5
f 2988/1/5 2981/1/5 2987/1/5
f 2989/8/5 2979/8/5 2982/8/5
f 2990/8/5 2986/8/5 2985/8/5
f 2991/8/5 2986/8/5 2990/8/5
f 2992/8/5 2979/8/5 2989/8/5
f 2993/11/5 2991/11/5 2990/11/5
f 2994/11/5 2991/11/5 2993/11/5
f 2995/8/5 2979/8/5 2992/8/5
f 2996/8/5 2979/8/5 2995/8/5
f 2997/8/5 2995/8/5 2994/8/5
f 2998/8/5 2995/8/5 2997/8/5
f 3001/4/5 3000/4/5 2999/4/5
f 3002/4/5 3000/4/5 3001/4/5
f 3005/8/5 3004/8/5 3003/8/5
f 3006/8/5 3004/8/5 3005/8/5
f 3007/9/6 3008/9/6 3009/9/6
f 3009/9/6 3008/9/6 3010/9/6
f 3010/9/6 3008/9/6 3011/9/6
f 3011/9/6 3008/9/6 3012/9/6
f 3012/9/6 3008/9/6 3013/9/6
f 3013/9/6 3008/9/6 3014/9/6
f 3014/9/6 3008/9/6 3015/9/6
f 3015/9/6 3008/9/6 3016/9/6
f 3016/9/6 3008/9/6 3017/9/6
f 3017/9/6 3008/9/6 3018/9/6
f 3018/9/6 3008/9/6 3019/9/6
f 3020/7/6 3021/7/6 3022/7/6
f 3020/7/6 3022/7/6 3023/7/6
f 3020/7/6 3023/7/6 3024/7/6
f 3020/7/6 3024/7/6 3025/7/6
f 3020/7/6 3025/7/6 3026/7/6
f 3020/7/6 3026/7/6 3027/7/6
f 3020/7/6 3027/7/6 3028/7/6
f 3020/7/6 3028/7/6 3029/7/6
f 3020/7/6 3029/7/6 3030/7/6
f 3030/7/6 3029/7/6 3031/7/6
f 3032/8/6 3033/8/6 3034/8/6
f 3034/8/6 3033/8/6 3035/8/6
f 3036/8/6 3037/8/6 3038/8/6
f 3038/8/6 3037/8/6 3039/8/6
f 3040/8/6 3041/8/6 3042/8/6
f 3042/8/6 3041/8/6 3043/8/6
f 3044/6/6 3045/6/6 3075/6/6
f 3072/6/6 3073/6/6 3076/6/6
f 3045/7/6 3046/7/6 3079/7/6
f 3075/6/6 3045/6/6 3079/6/6
f 3046/6/6 3047/6/6 3080/6/6
f 3079/7/6 3046/7/6 3080/7/6
f 3047/7/6 3048/7/6 3081/7/6
f 3080/6/6 3047/6/6 3081/6/6
f 3048/6/6 3049/6/6 3082/6/6
f 3081/7/6 3048/7/6 3082/7/6
f 3049/7/6 3050/7/6 3083/7/6
f 3082/6/6 3049/6/6 3083/6/6
f 3067/7/6 3068/7/6 3084/7/6
f 3068/6/6 3069/6/6 3084/6/6
f 3069/7/6 3070/7/6 3085/7/6
f 3084/6/6 3069/6/6 3085/6/6
f 3070/6/6 3071/6/6 3086/6/6
f 3085/7/6 3070/7/6 3086/7/6
f 3071/7/6 3072/7/6 3087/7/6
f 3086/6/6 3071/6/6 3087/6/6
f 3072/6/6 3076/6/6 3088/6/6
f 3087/7/6 3072/7/6 3088/7/6
f 3075/6/6 3079/6/6 3089/6/6
f 3083/7/6 3050/7/6 3090/7/6
f 3050/6/6 3051/6/6 3091/6/6
f 3090/7/6 3050/7/6 3091/7/6
f 3051/7/6 3052/7/6 3092/7/6
f 3091/6/6 3051/6/6 3092/6/6
f 3052/6/6 3053/6/6 3093/6/6
f 3092/7/6 3052/7/6 3093/7/6
f 3053/7/6 3054/7/6 3094/7/6
f 3093/6/6 3053/6/6 3094/6/6
f 3054/6/6 3055/6/6 3095/6/6
f 3094/7/6 3054/7/6 3095/7/6
f 3055/7/6 3056/7/6 3096/7/6
f 3095/6/6 3055/6/6 3096/6/6
f 3056/6/6 3057/6/6 3097/6/6
f 3096/7/6 3056/7/6 3097/7/6
f 3057/7/6 3058/7/6 3098/7/6
f 3097/6/6 3057/6/6 3098/6/6
f 3058/6/6 3059/6/6 3099/6/6
f 3098/7/6 3058/7/6 3099/7/6
f 3059/7/6 3060/7/6 3100/7/6
f 3099/6/6 3059/6/6 3100/6/6
f 3060/6/6 3061/6/6 3101/6/6
f 3100/7/6 3060/7/6 3101/7/6
f 3061/7/6 3062/7/6 3102/7/6
f 3101/6/6 3061/6/6 3102/6/6
f 3062/6/6 3063/6/6 3103/6/6
f 3102/7/6 3062/7/6 3103/7/6
f 3063/7/6 3064/7/6 3104/7/6
f 3103/6/6 3063/6/6 3104/6/6
f 3064/6/6 3065/6/6 3105/6/6
f 3104/7/6 3064/7/6 3105/7/6
f 3065/7/6 3066/7/6 3106/7/6
f 3105/6/6 3065/6/6 3106/6/6
f 3066/6/6 3067/6/6 3107/6/6
f 3106/7/6 3066/7/6 3107/7/6
f 3067/7/6 3084/7/6 3108/7/6
f 3107/6/6 3067/6/6 3108/6/6
f 3108/7/6 3084/7/6 3109/7/6
f 3075/6/6 3089/6/6 3110/6/6
f 3075/6/6 3110/6/6 3111/6/6
f 3088/6/6 3076/6/6 3117/6/6
f 3074/7/6 3075/7/6 3119/7/6
f 3075/6/6 3111/6/6 3120/6/6
f 3111/7/6 3112/7/6 3120/7/6
f 3112/6/6 3113/6/6 3121/6/6
f 3120/7/6 3112/7/6 3121/7/6
f 3121/6/6 3113/6/6 3122/6/6
f 3075/6/6 3120/6/6 3123/6/6
f 3075/6/6 3123/6/6 3124/6/6
f 3075/6/6 3124/6/6 3125/6/6
f 3075/6/6 3125/6/6 3127/6/6
f 3125/6/6 3126/6/6 3127/6/6
f 3127/6/6 3126/6/6 3128/6/6
f 3075/6/6 3127/6/6 3129/6/6
f 3075/6/6 3129/6/6 3130/6/6
f 3075/6/6 3130/6/6 3131/6/6
f 3118/7/6 3119/7/6 3134/7/6
f 3119/7/6 3075/7/6 3135/7/6
f 3134/7/6 3119/7/6 3135/7/6
f 3075/6/6 3131/6/6 3136/6/6
f 3131/7/6 3132/7/6 3136/7/6
f 3132/6/6 3133/6/6 3137/6/6
f 3136/7/6 3132/7/6 3137/7/6
f 3137/6/6 3133/6/6 3138/6/6
f 3114/1/6 3115/1/6 3139/1/6
f 3139/1/6 3115/1/6 3140/1/6
f 3116/7/6 3117/7/6 3141/7/6
f 3117/6/6 3076/6/6 3142/6/6
f 3141/7/6 3117/7/6 3142/7/6
f 3142/6/6 3076/6/6 3143/6/6
f 3143/6/6 3076/6/6 3164/6/6
f 3075/6/6 3136/6/6 3165/6/6
f 3144/7/6 3145/7/6 3169/7/6
f 3162/7/6 3163/7/6 3170/7/6
f 3164/6/6 3076/6/6 3174/6/6
f 3135/7/6 3075/7/6 3175/7/6
f 3075/6/6 3165/6/6 3176/6/6
f 3175/7/6 3075/7/6 3176/7/6
f 3076/7/6 3077/7/6 3177/7/6
f 3174/6/6 3076/6/6 3177/6/6
f 3077/6/6 3078/6/6 3178/6/6
f 3177/7/6 3077/7/6 3178/7/6
f 3178/6/6 3078/6/6 3179/6/6
f 3176/6/6 3165/6/6 3180/6/6
f 3165/7/6 3166/7/6 3181/7/6
f 3180/6/6 3165/6/6 3181/6/6
f 3166/6/6 3167/6/6 3182/6/6
f 3181/7/6 3166/7/6 3182/7/6
f 3167/7/6 3168/7/6 3183/7/6
f 3182/6/6 3167/6/6 3183/6/6
f 3168/6/6 3169/6/6 3184/6/6
f 3183/7/6 3168/7/6 3184/7/6
f 3169/7/6 3145/7/6 3185/7/6
f 3184/6/6 3169/6/6 3185/6/6
f 3145/6/6 3146/6/6 3186/6/6
f 3185/7/6 3145/7/6 3186/7/6
f 3146/7/6 3147/7/6 3187/7/6
f 3186/6/6 3146/6/6 3187/6/6
f 3147/6/6 3148/6/6 3188/6/6
f 3187/7/6 3147/7/6 3188/7/6
f 3148/7/6 3149/7/6 3189/7/6
f 3188/6/6 3148/6/6 3189/6/6
f 3149/6/6 3150/6/6 3190/6/6
f 3189/7/6 3149/7/6 3190/7/6
f 3150/7/6 3151/7/6 3191/7/6
f 3190/6/6 3150/6/6 3191/6/6
f 3151/6/6 3152/6/6 3192/6/6
f 3191/7/6 3151/7/6 3192/7/6
f 3152/7/6 3153/7/6 3193/7/6
f 3192/6/6 3152/6/6 3193/6/6
f 3153/6/6 3154/6/6 3194/6/6
f 3193/7/6 3153/7/6 3194/7/6
f 3154/7/6 3155/7/6 3195/7/6
f 3194/6/6 3154/6/6 3195/6/6
f 3155/6/6 3156/6/6 3196/6/6
f 3195/7/6 3155/7/6 3196/7/6
f 3156/7/6 3157/7/6 3197/7/6
f 3196/6/6 3156/6/6 3197/6/6
f 3157/6/6 3158/6/6 3198/6/6
f 3197/7/6 3157/7/6 3198/7/6
f 3158/7/6 3159/7/6 3199/7/6
f 3198/6/6 3158/6/6 3199/6/6
f 3159/6/6 3160/6/6 3200/6/6
f 3199/7/6 3159/7/6 3200/7/6
f 3160/7/6 3161/7/6 3201/7/6
f 3200/6/6 3160/6/6 3201/6/6
f 3161/6/6 3162/6/6 3202/6/6
f 3201/7/6 3161/7/6 3202/7/6
f 3162/7/6 3170/7/6 3203/7/6
f 3202/6/6 3162/6/6 3203/6/6
f 3170/6/6 3171/6/6 3204/6/6
f 3203/7/6 3170/7/6 3204/7/6
f 3171/7/6 3172/7/6 3205/7/6
f 3204/6/6 3171/6/6 3205/6/6
f 3172/6/6 3173/6/6 3206/6/6
f 3205/7/6 3172/7/6 3206/7/6
f 3173/7/6 3174/7/6 3207/7/6
f 3206/6/6 3173/6/6 3207/6/6
f 3174/6/6 3177/6/6 3208/6/6
f 3207/7/6 3174/7/6 3208/7/6
f 3208/6/6 3177/6/6 3209/6/6
f 3210/11/6 3211/11/6 3213/11/6
f 3211/9/6 3212/9/6 3214/9/6
f 3213/11/6 3211/11/6 3214/11/6
f 3213/9/6 3214/9/6 3215/9/6
f 3214/9/6 3212/9/6 3216/9/6
f 3215/9/6 3214/9/6 3216/9/6
f 3216/9/6 3212/9/6 3217/9/6
f 3218/8/6 3219/8/6 3221/8/6
f 3219/9/6 3220/9/6 3222/9/6
f 3221/8/6 3219/8/6 3222/8/6
f 3221/9/6 3222/9/6 3223/9/6
f 3222/9/6 3220/9/6 3224/9/6
f 3223/9/6 3222/9/6 3224/9/6
f 3225/8/6 3226/8/6 3228/8/6
f 3226/9/6 3227/9/6 3229/9/6
f 3228/8/6 3226/8/6 3229/8/6
f 3229/9/6 3227/9/6 3230/9/6
f 3231/9/6 3232/9/6 3233/9/6
f 3233/9/6 3232/9/6 3234/9/6
f 3235/11/6 3236/11/6 3238/11/6
f 3236/9/6 3237/9/6 3239/9/6
f 3238/11/6 3236/11/6 3239/11/6
f 3238/9/6 3239/9/6 3240/9/6
f 3239/9/6 3237/9/6 3241/9/6
f 3240/9/6 3239/9/6 3241/9/6
f 3242/8/6 3243/8/6 3244/8/6
f 3244/8/6 3243/8/6 3245/8/6
f 3242/8/6 3244/8/6 3248/8/6
f 3246/8/6 3247/8/6 3250/8/6
f 3250/8/6 3247/8/6 3251/8/6
f 3248/8/6 3249/8/6 3252/8/6
f 3242/8/6 3248/8/6 3252/8/6
f 3252/8/6 3249/8/6 3253/8/6
f 3253/8/6 3249/8/6 3254/8/6
f 3250/9/6 3251/9/6 3255/9/6
f 3255/9/6 3251/9/6 3256/9/6
f 3252/11/6 3253/11/6 3257/11/6
f 3253/9/6 3254/9/6 3258/9/6
f 3257/11/6 3253/11/6 3258/11/6
f 3258/9/6 3254/9/6 3259/9/6
f 3260/1/6 3261/1/6 3263/1/6
f 3262/1/6 3263/1/6 3266/1/6
f 3266/1/6 3263/1/6 3267/1/6
f 3263/1/6 3261/1/6 3268/1/6
f 3267/1/6 3263/1/6 3268/1/6
f 3268/1/6 3261/1/6 3269/1/6
f 3267/1/6 3268/1/6 3270/1/6
f 3269/1/6 3261/1/6 3271/1/6
f 3266/6/6 3267/6/6 3272/6/6
f 3270/1/6 3271/1/6 3273/1/6
f 3272/6/6 3267/6/6 3273/6/6
f 3267/1/6 3270/1/6 3273/1/6
f 3272/1/6 3273/1/6 3274/1/6
f 3273/1/6 3271/1/6 3275/1/6
f 3274/1/6 3273/1/6 3275/1/6
f 3264/1/6 3265/1/6 3276/1/6
f 3276/1/6 3265/1/6 3277/1/6
f 3275/1/6 3271/1/6 3278/1/6
f 3271/1/6 3261/1/6 3279/1/6
f 3278/1/6 3271/1/6 3279/1/6
f 3275/1/6 3278/1/6 3280/1/6
f 3278/6/6 3279/6/6 3281/6/6
f 3280/1/6 3278/1/6 3281/1/6
f 3279/1/6 3261/1/6 3282/1/6
f 3281/6/6 3279/6/6 3282/6/6
f 3282/1/6 3261/1/6 3283/1/6
f 3284/4/6 3285/4/6 3286/4/6
f 3286/4/6 3285/4/6 3287/4/6
f 3284/4/6 3286/4/6 3288/4/6
f 3287/4/6 3285/4/6 3289/4/6
f 3284/4/6 3288/4/6 3290/4/6
f 3288/4/6 3289/4/6 3290/4/6
f 3289/4/6 3285/4/6 3291/4/6
f 3290/4/6 3289/4/6 3291/4/6
f 3292/5/6 3293/5/6 3296/5/6
f 3296/5/6 3293/5/6 3297/5/6
f 3294/5/6 3295/5/6 3298/5/6
f 3298/5/6 3295/5/6 3299/5/6
f 3299/5/6 3295/5/6 3300/5/6
f 3300/5/6 3295/5/6 3301/5/6
f 3302/5/6 3303/5/6 3304/5/6
f 3304/5/6 3303/5/6 3305/5/6
f 3305/5/6 3303/5/6 3306/5/6
f 3292/5/6 3296/5/6 3311/5/6
f 3309/5/6 3310/5/6 3313/5/6
f 3307/5/6 3308/5/6 3315/5/6
f 3311/5/6 3312/5/6 3316/5/6
f 3313/5/6 3310/5/6 3317/5/6
f 3314/5/6 3315/5/6 3318/5/6
f 3311/5/6 3316/5/6 3319/5/6
f 3292/5/6 3311/5/6 3319/5/6
f 3319/5/6 3316/5/6 3320/5/6
f 3317/5/6 3310/5/6 3321/5/6
f 3321/5/6 3310/5/6 3322/5/6
f 3318/5/6 3315/5/6 3323/5/6
f 3315/5/6 3308/5/6 3324/5/6
f 3323/5/6 3315/5/6 3324/5/6
f 3325/4/6 3326/4/6 3333/4/6
f 3333/4/6 3326/4/6 3334/4/6
f 3327/1/6 3328/1/6 3335/1/6
f 3328/1/6 3329/1/6 3335/1/6
f 3329/1/6 3330/1/6 3335/1/6
f 3335/1/6 3330/1/6 3336/1/6
f 3331/4/6 3332/4/6 3337/4/6
f 3337/4/6 3332/4/6 3338/4/6
f 3335/1/6 3336/1/6 3339/1/6
f 3339/1/6 3336/1/6 3340/1/6
f 3338/4/6 3332/4/6 3341/4/6
f 3341/4/6 3332/4/6 3342/4/6
f 3342/8/6 3343/8/6 3344/8/6
f 3344/8/6 3343/8/6 3345/8/6
f 3344/9/6 3345/9/6 3346/9/6
f 3346/9/6 3345/9/6 3347/9/6
f 3348/8/6 3349/8/6 3350/8/6
f 3350/8/6 3349/8/6 3351/8/6
f 3350/9/6 3351/9/6 3354/9/6
f 3354/9/6 3351/9/6 3355/9/6
f 3356/1/6 3357/1/6 3358/1/6
f 3358/1/6 3357/1/6 3359/1/6
f 3325/4/6 3333/4/6 3360/4/6
f 3352/4/6 3353/4/6 3363/4/6
f 3353/4/6 3354/4/6 3363/4/6
f 3360/4/6 3361/4/6 3364/4/6
f 3325/4/6 3360/4/6 3364/4/6
f 3364/4/6 3361/4/6 3365/4/6
f 3362/4/6 3363/4/6 3369/4/6
f 3363/4/6 3354/4/6 3370/4/6
f 3369/4/6 3363/4/6 3370/4/6
f 3365/9/6 3366/9/6 3371/9/6
f 3366/8/6 3367/8/6 3372/8/6
f 3371/9/6 3366/9/6 3372/9/6
f 3372/8/6 3367/8/6 3373/8/6
f 3368/9/6 3369/9/6 3374/9/6
f 3374/9/6 3369/9/6 3375/9/6
f 3371/8/6 3372/8/6 3376/8/6
f 3372/9/6 3373/9/6 3377/9/6
f 3376/8/6 3372/8/6 3377/8/6
f 3377/9/6 3373/9/6 3378/9/6
f 3368/9/6 3374/9/6 3379/9/6
f 3374/8/6 3375/8/6 3380/8/6
f 3379/9/6 3374/9/6 3380/9/6
f 3380/8/6 3375/8/6 3381/8/6
f 3382/5/6 3383/5/6 3386/5/6
f 3386/5/6 3383/5/6 3387/5/6
f 3384/5/6 3385/5/6 3388/5/6
f 3388/5/6 3385/5/6 3389/5/6
f 3389/5/6 3385/5/6 3390/5/6
f 3390/5/6 3385/5/6 3391/5/6
f 3382/5/6 3386/5/6 3394/5/6
f 3392/5/6 3393/5/6 3397/5/6
f 3394/5/6 3395/5/6 3398/5/6
f 3382/5/6 3394/5/6 3398/5/6
f 3398/5/6 3395/5/6 3399/5/6
f 3396/5/6 3397/5/6 3400/5/6
f 3397/5/6 3393/5/6 3401/5/6
f 3400/5/6 3397/5/6 3401/5/6
f 3402/4/6 3403/4/6 3406/4/6
f 3406/4/6 3403/4/6 3407/4/6
f 3404/4/6 3405/4/6 3408/4/6
f 3408/4/6 3405/4/6 3409/4/6
f 3409/4/6 3405/4/6 3410/4/6
f 3410/4/6 3405/4/6 3411/4/6
f 3410/8/6 3411/8/6 3414/8/6
f 3411/9/6 3412/9/6 3415/9/6
f 3414/8/6 3411/8/6 3415/8/6
f 3412/11/6 3413/11/6 3416/11/6
f 3415/9/6 3412/9/6 3416/9/6
f 3416/11/6 3413/11/6 3417/11/6
f 3418/9/6 3419/9/6 3422/9/6
f 3422/9/6 3419/9/6 3423/9/6
f 3419/8/6 3420/8/6 3424/8/6
f 3423/9/6 3419/9/6 3424/9/6
f 3420/9/6 3421/9/6 3425/9/6
f 3424/8/6 3420/8/6 3425/8/6
f 3425/9/6 3421/9/6 3426/9/6
f 3402/4/6 3406/4/6 3427/4/6
f 3422/4/6 3423/4/6 3432/4/6
f 3427/4/6 3428/4/6 3433/4/6
f 3428/8/6 3429/8/6 3433/8/6
f 3433/8/6 3429/8/6 3434/8/6
f 3430/8/6 3431/8/6 3435/8/6
f 3431/4/6 3432/4/6 3436/4/6
f 3435/8/6 3431/8/6 3436/8/6
f 3402/4/6 3427/4/6 3437/4/6
f 3427/4/6 3433/4/6 3437/4/6
f 3433/9/6 3434/9/6 3438/9/6
f 3437/4/6 3433/4/6 3438/4/6
f 3438/9/6 3434/9/6 3439/9/6
f 3435/9/6 3436/9/6 3440/9/6
f 3436/4/6 3432/4/6 3441/4/6
f 3440/9/6 3436/9/6 3441/9/6
f 3432/4/6 3423/4/6 3442/4/6
f 3441/4/6 3432/4/6 3442/4/6
f 3438/8/6 3439/8/6 3443/8/6
f 3443/8/6 3439/8/6 3444/8/6
f 3440/9/6 3441/9/6 3445/9/6
f 3445/9/6 3441/9/6 3446/9/6
f 3443/9/6 3444/9/6 3447/9/6
f 3447/9/6 3444/9/6 3448/9/6
f 3445/8/6 3446/8/6 3449/8/6
f 3449/8/6 3446/8/6 3450/8/6
f 3451/5/6 3452/5/6 3455/5/6
f 3453/5/6 3454/5/6 3455/5/6
f 3452/5/6 3453/5/6 3455/5/6
f 3455/5/6 3454/5/6 3456/5/6
f 3456/5/6 3454/5/6 3457/5/6
f 3457/5/6 3454/5/6 3458/5/6
f 3457/9/6 3458/9/6 3461/9/6
f 3458/9/6 3459/9/6 3461/9/6
f 3461/9/6 3459/9/6 3462/9/6
f 3462/9/6 3459/9/6 3463/9/6
f 3463/9/6 3459/9/6 3464/9/6
f 3459/8/6 3460/8/6 3465/8/6
f 3464/9/6 3459/9/6 3465/9/6
f 3465/8/6 3460/8/6 3466/8/6
f 3461/8/6 3462/8/6 3467/8/6
f 3462/9/6 3463/9/6 3468/9/6
f 3467/8/6 3462/8/6 3468/8/6
f 3463/8/6 3464/8/6 3469/8/6
f 3468/9/6 3463/9/6 3469/9/6
f 3464/9/6 3465/9/6 3470/9/6
f 3469/8/6 3464/8/6 3470/8/6
f 3465/11/6 3466/11/6 3471/11/6
f 3470/9/6 3465/9/6 3471/9/6
f 3471/11/6 3466/11/6 3472/11/6
f 3467/11/6 3468/11/6 3473/11/6
f 3468/9/6 3469/9/6 3474/9/6
f 3473/11/6 3468/11/6 3474/11/6
f 3469/9/6 3470/9/6 3474/9/6
f 3471/9/6 3472/9/6 3474/9/6
f 3470/9/6 3471/9/6 3474/9/6
f 3474/9/6 3472/9/6 3475/9/6
f 3475/9/6 3472/9/6 3476/9/6
f 3473/9/6 3474/9/6 3477/9/6
f 3474/9/6 3475/9/6 3477/9/6
f 3477/9/6 3475/9/6 3478/9/6
f 3475/8/6 3476/8/6 3479/8/6
f 3478/9/6 3475/9/6 3479/9/6
f 3476/9/6 3472/9/6 3480/9/6
f 3479/8/6 3476/8/6 3480/8/6
f 3480/9/6 3472/9/6 3481/9/6
f 3477/8/6 3478/8/6 3482/8/6
f 3478/9/6 3479/9/6 3483/9/6
f 3482/8/6 3478/8/6 3483/8/6
f 3479/9/6 3480/9/6 3483/9/6
f 3483/9/6 3480/9/6 3484/9/6
f 3480/8/6 3481/8/6 3485/8/6
f 3484/9/6 3480/9/6 3485/9/6
f 3485/8/6 3481/8/6 3486/8/6
f 3451/5/6 3455/5/6 3487/5/6
f 3483/5/6 3484/5/6 3492/5/6
f 3482/5/6 3483/5/6 3492/5/6
f 3451/5/6 3487/5/6 3493/5/6
f 3487/5/6 3488/5/6 3493/5/6
f 3488/9/6 3489/9/6 3494/9/6
f 3493/5/6 3488/5/6 3494/5/6
f 3494/9/6 3489/9/6 3495/9/6
f 3489/11/6 3490/11/6 3496/11/6
f 3495/9/6 3489/9/6 3496/9/6
f 3490/9/6 3491/9/6 3497/9/6
f 3496/11/6 3490/11/6 3497/11/6
f 3491/5/6 3492/5/6 3498/5/6
f 3497/9/6 3491/9/6 3498/9/6
f 3492/5/6 3484/5/6 3499/5/6
f 3498/5/6 3492/5/6 3499/5/6
f 3494/11/6 3495/11/6 3500/11/6
f 3495/8/6 3496/8/6 3501/8/6
f 3500/11/6 3495/11/6 3501/11/6
f 3496/9/6 3497/9/6 3502/9/6
f 3501/8/6 3496/8/6 3502/8/6
f 3497/11/6 3498/11/6 3503/11/6
f 3502/9/6 3497/9/6 3503/9/6
f 3503/11/6 3498/11/6 3504/11/6
f 3500/9/6 3501/9/6 3505/9/6
f 3501/9/6 3502/9/6 3505/9/6
f 3503/8/6 3504/8/6 3505/8/6
f 3502/9/6 3503/9/6 3505/9/6
f 3505/8/6 3504/8/6 3506/8/6
f 3500/9/6 3505/9/6 3507/9/6
f 3505/9/6 3506/9/6 3507/9/6
f 3507/9/6 3506/9/6 3508/9/6
f 3508/9/6 3506/9/6 3509/9/6
f 3509/9/6 3506/9/6 3510/9/6
f 3510/9/6 3506/9/6 3511/9/6
f 3507/8/6 3508/8/6 3512/8/6
f 3508/11/6 3509/11/6 3513/11/6
f 3512/8/6 3508/8/6 3513/8/6
f 3509/9/6 3510/9/6 3514/9/6
f 3513/11/6 3509/11/6 3514/11/6
f 3510/11/6 3511/11/6 3515/11/6
f 3514/9/6 3510/9/6 3515/9/6
f 3515/11/6 3511/11/6 3516/11/6
f 3517/5/6 3518/5/6 3521/5/6
f 3519/5/6 3520/5/6 3521/5/6
f 3518/5/6 3519/5/6 3521/5/6
f 3521/5/6 3520/5/6 3522/5/6
f 3517/5/6 3521/5/6 3523/5/6
f 3522/5/6 3520/5/6 3524/5/6
f 3517/5/6 3523/5/6 3525/5/6
f 3523/5/6 3524/5/6 3525/5/6
f 3524/5/6 3520/5/6 3526/5/6
f 3525/5/6 3524/5/6 3526/5/6
f 3527/4/6 3528/4/6 3529/4/6
f 3529/4/6 3528/4/6 3530/4/6
f 3531/8/6 3532/8/6 3533/8/6
f 3533/8/6 3532/8/6 3534/8/6
f 3535/8/6 3536/8/6 3538/8/6
f 3538/8/6 3536/8/6 3539/8/6
f 3537/8/6 3538/8/6 3541/8/6
f 3539/8/6 3540/8/6 3541/8/6
f 3538/8/6 3539/8/6 3541/8/6
f 3541/8/6 3540/8/6 3542/8/6
f 3542/8/6 3540/8/6 3543/8/6
f 3543/8/6 3540/8/6 3544/8/6
f 3544/8/6 3540/8/6 3545/8/6
f 3541/11/6 3542/11/6 3546/11/6
f 3542/8/6 3543/8/6 3547/8/6
f 3546/11/6 3542/11/6 3547/11/6
f 3544/11/6 3545/11/6 3548/11/6
f 3545/8/6 3540/8/6 3549/8/6
f 3548/11/6 3545/11/6 3549/11/6
f 3547/8/6 3543/8/6 3550/8/6
f 3546/8/6 3547/8/6 3550/8/6
f 3548/8/6 3549/8/6 3551/8/6
f 3549/8/6 3540/8/6 3552/8/6
f 3551/8/6 3549/8/6 3552/8/6
f 3552/8/6 3540/8/6 3553/8/6
f 3550/8/6 3551/8/6 3554/8/6
f 3546/8/6 3550/8/6 3554/8/6
f 3551/8/6 3552/8/6 3554/8/6
f 3554/8/6 3552/8/6 3555/8/6
f 3555/8/6 3552/8/6 3556/8/6
f 3552/9/6 3553/9/6 3557/9/6
f 3556/8/6 3552/8/6 3557/8/6
f 3557/9/6 3553/9/6 3558/9/6
f 3555/9/6 3556/9/6 3559/9/6
f 3556/8/6 3557/8/6 3560/8/6
f 3559/9/6 3556/9/6 3560/9/6
f 3560/8/6 3557/8/6 3561/8/6
