# MagicaVoxel @ Ephtracy

# group
o 

# material
mtllib choza.mtl
usemtl palette

# normals
vn -1 0 0
vn 1 0 0
vn 0 0 1
vn 0 0 -1
vn 0 -1 0
vn 0 1 0

# texcoords
vt 0.724609 0.5
vt 0.728516 0.5
vt 0.732422 0.5
vt 0.736328 0.5
vt 0.826172 0.5
vt 0.830078 0.5
vt 0.833984 0.5
vt 0.947266 0.5
vt 0.951172 0.5

# verts
v -5.8 5.6 0.6
v -5.8 5.6 0.2
v -5.8 5.6 5.96046e-08
v -5.8 5.6 -0.2
v -5.8 5.6 -0.4
v -5.8 5.6 -0.6
v -5.8 5.6 -0.8
v -5.8 5.6 -1
v -5.8 5.6 -1.2
v -5.8 5.6 -1.3
v -5.8 5.7 0.6
v -5.8 5.7 0.2
v -5.8 5.7 5.96046e-08
v -5.8 5.7 -0.2
v -5.8 5.7 -0.4
v -5.8 5.7 -0.6
v -5.8 5.7 -0.8
v -5.8 5.7 -1
v -5.8 5.7 -1.2
v -5.8 5.7 -1.3
v -5.7 4.8 0.4
v -5.7 4.8 0.2
v -5.7 4.8 5.96046e-08
v -5.7 4.8 -0.2
v -5.7 4.8 -0.4
v -5.7 4.8 -0.6
v -5.7 4.8 -0.8
v -5.7 4.8 -1
v -5.7 4.9 0.4
v -5.7 4.9 0.3
v -5.7 4.9 0.2
v -5.7 4.9 0.1
v -5.7 4.9 5.96046e-08
v -5.7 4.9 -0.1
v -5.7 4.9 -0.2
v -5.7 4.9 -0.3
v -5.7 4.9 -0.4
v -5.7 4.9 -0.5
v -5.7 4.9 -0.6
v -5.7 4.9 -0.7
v -5.7 4.9 -0.8
v -5.7 4.9 -0.9
v -5.7 5 0.4
v -5.7 5 0.3
v -5.7 5 0.2
v -5.7 5 0.1
v -5.7 5 5.96046e-08
v -5.7 5 -0.1
v -5.7 5 -0.2
v -5.7 5 -0.3
v -5.7 5 -0.4
v -5.7 5 -0.5
v -5.7 5 -0.6
v -5.7 5 -0.7
v -5.7 5 -0.8
v -5.7 5 -0.9
v -5.7 5.1 0.4
v -5.7 5.1 0.3
v -5.7 5.1 0.2
v -5.7 5.1 0.1
v -5.7 5.1 5.96046e-08
v -5.7 5.1 -0.1
v -5.7 5.1 -0.2
v -5.7 5.1 -0.3
v -5.7 5.1 -0.4
v -5.7 5.1 -0.5
v -5.7 5.1 -0.6
v -5.7 5.1 -0.7
v -5.7 5.1 -0.8
v -5.7 5.1 -0.9
v -5.7 5.2 0.4
v -5.7 5.2 0.3
v -5.7 5.2 0.2
v -5.7 5.2 0.1
v -5.7 5.2 5.96046e-08
v -5.7 5.2 -0.1
v -5.7 5.2 -0.2
v -5.7 5.2 -0.3
v -5.7 5.2 -0.4
v -5.7 5.2 -0.5
v -5.7 5.2 -0.6
v -5.7 5.2 -0.7
v -5.7 5.2 -0.8
v -5.7 5.2 -0.9
v -5.7 5.3 0.4
v -5.7 5.3 0.3
v -5.7 5.3 0.2
v -5.7 5.3 0.1
v -5.7 5.3 5.96046e-08
v -5.7 5.3 -0.1
v -5.7 5.3 -0.2
v -5.7 5.3 -0.3
v -5.7 5.3 -0.4
v -5.7 5.3 -0.5
v -5.7 5.3 -0.6
v -5.7 5.3 -0.7
v -5.7 5.3 -0.8
v -5.7 5.3 -0.9
v -5.7 5.4 0.4
v -5.7 5.4 0.3
v -5.7 5.4 0.2
v -5.7 5.4 0.1
v -5.7 5.4 5.96046e-08
v -5.7 5.4 -0.1
v -5.7 5.4 -0.2
v -5.7 5.4 -0.3
v -5.7 5.4 -0.4
v -5.7 5.4 -0.5
v -5.7 5.4 -0.6
v -5.7 5.4 -0.7
v -5.7 5.4 -0.8
v -5.7 5.4 -0.9
v -5.7 5.5 0.4
v -5.7 5.5 0.3
v -5.7 5.5 0.2
v -5.7 5.5 0.1
v -5.7 5.5 5.96046e-08
v -5.7 5.5 -0.1
v -5.7 5.5 -0.2
v -5.7 5.5 -0.3
v -5.7 5.5 -0.4
v -5.7 5.5 -0.5
v -5.7 5.5 -0.6
v -5.7 5.5 -0.7
v -5.7 5.5 -0.8
v -5.7 5.5 -0.9
v -5.7 5.6 0.4
v -5.7 5.6 0.3
v -5.7 5.6 0.2
v -5.7 5.6 0.1
v -5.7 5.6 5.96046e-08
v -5.7 5.6 -0.1
v -5.7 5.6 -0.2
v -5.7 5.6 -0.3
v -5.7 5.6 -0.4
v -5.7 5.6 -0.5
v -5.7 5.6 -0.6
v -5.7 5.6 -0.7
v -5.7 5.6 -0.8
v -5.7 5.6 -0.9
v -5.7 5.6 -1
v -5.7 5.7 0.6
v -5.7 5.7 0.3
v -5.7 5.7 0.2
v -5.7 5.7 0.1
v -5.7 5.7 5.96046e-08
v -5.7 5.7 -0.1
v -5.7 5.7 -0.2
v -5.7 5.7 -0.3
v -5.7 5.7 -0.4
v -5.7 5.7 -0.5
v -5.7 5.7 -0.6
v -5.7 5.7 -0.7
v -5.7 5.7 -0.8
v -5.7 5.7 -0.9
v -5.7 5.7 -1
v -5.7 5.7 -1.1
v -5.7 5.7 -1.2
v -5.7 5.7 -1.3
v -5.7 5.8 0.6
v -5.7 5.8 0.3
v -5.7 5.8 0.1
v -5.7 5.8 -0.1
v -5.7 5.8 -0.3
v -5.7 5.8 -0.5
v -5.7 5.8 -0.7
v -5.7 5.8 -0.9
v -5.7 5.8 -1.1
v -5.7 5.8 -1.3
v -5.6 4.8 0.5
v -5.6 4.8 0.4
v -5.6 4.8 -1
v -5.6 4.8 -1.2
v -5.6 4.9 0.4
v -5.6 4.9 -1
v -5.6 4.9 -1.2
v -5.6 5 0.4
v -5.6 5 -1
v -5.6 5 -1.1
v -5.6 5.1 0.4
v -5.6 5.1 -1
v -5.6 5.1 -1.1
v -5.6 5.1 -1.2
v -5.6 5.2 0.4
v -5.6 5.2 -1
v -5.6 5.2 -1.1
v -5.6 5.2 -1.2
v -5.6 5.3 0.4
v -5.6 5.3 -1
v -5.6 5.3 -1.1
v -5.6 5.4 0.4
v -5.6 5.4 -1
v -5.6 5.4 -1.1
v -5.6 5.5 0.4
v -5.6 5.5 -1
v -5.6 5.5 -1.1
v -5.6 5.5 -1.2
v -5.6 5.6 0.5
v -5.6 5.6 0.4
v -5.6 5.6 -1
v -5.6 5.6 -1.1
v -5.6 5.6 -1.2
v -5.6 5.8 0.6
v -5.6 5.8 0.4
v -5.6 5.8 0.3
v -5.6 5.8 0.2
v -5.6 5.8 0.1
v -5.6 5.8 5.96046e-08
v -5.6 5.8 -0.1
v -5.6 5.8 -0.2
v -5.6 5.8 -0.3
v -5.6 5.8 -0.4
v -5.6 5.8 -0.5
v -5.6 5.8 -0.6
v -5.6 5.8 -0.7
v -5.6 5.8 -0.8
v -5.6 5.8 -0.9
v -5.6 5.8 -1
v -5.6 5.8 -1.1
v -5.6 5.8 -1.2
v -5.6 5.8 -1.3
v -5.6 5.9 0.6
v -5.6 5.9 0.4
v -5.6 5.9 0.2
v -5.6 5.9 5.96046e-08
v -5.6 5.9 -0.2
v -5.6 5.9 -0.4
v -5.6 5.9 -0.6
v -5.6 5.9 -0.8
v -5.6 5.9 -1
v -5.6 5.9 -1.2
v -5.6 5.9 -1.3
v -5.5 5.9 0.6
v -5.5 5.9 0.5
v -5.5 5.9 0.4
v -5.5 5.9 0.3
v -5.5 5.9 0.2
v -5.5 5.9 0.1
v -5.5 5.9 5.96046e-08
v -5.5 5.9 -0.1
v -5.5 5.9 -0.2
v -5.5 5.9 -0.3
v -5.5 5.9 -0.4
v -5.5 5.9 -0.5
v -5.5 5.9 -0.6
v -5.5 5.9 -0.7
v -5.5 5.9 -0.8
v -5.5 5.9 -0.9
v -5.5 5.9 -1
v -5.5 5.9 -1.1
v -5.5 5.9 -1.2
v -5.5 5.9 -1.3
v -5.5 6 0.6
v -5.5 6 0.5
v -5.5 6 0.3
v -5.5 6 0.1
v -5.5 6 -0.1
v -5.5 6 -0.3
v -5.5 6 -0.5
v -5.5 6 -0.7
v -5.5 6 -0.9
v -5.5 6 -1.1
v -5.5 6 -1.3
v -5.4 6 0.6
v -5.4 6 0.5
v -5.4 6 0.4
v -5.4 6 0.3
v -5.4 6 0.2
v -5.4 6 0.1
v -5.4 6 5.96046e-08
v -5.4 6 -0.1
v -5.4 6 -0.2
v -5.4 6 -0.3
v -5.4 6 -0.4
v -5.4 6 -0.5
v -5.4 6 -0.6
v -5.4 6 -0.7
v -5.4 6 -0.8
v -5.4 6 -0.9
v -5.4 6 -1
v -5.4 6 -1.1
v -5.4 6 -1.2
v -5.4 6 -1.3
v -5.4 6.1 0.6
v -5.4 6.1 0.4
v -5.4 6.1 0.2
v -5.4 6.1 5.96046e-08
v -5.4 6.1 -0.2
v -5.4 6.1 -0.4
v -5.4 6.1 -0.6
v -5.4 6.1 -0.8
v -5.4 6.1 -1
v -5.4 6.1 -1.2
v -5.4 6.1 -1.3
v -5.3 5.2 -1.1
v -5.3 5.2 -1.2
v -5.3 5.3 -1.1
v -5.3 5.4 -1.1
v -5.3 5.5 -1.1
v -5.3 5.5 -1.2
v -5.3 6.1 0.6
v -5.3 6.1 0.5
v -5.3 6.1 0.4
v -5.3 6.1 0.3
v -5.3 6.1 0.2
v -5.3 6.1 0.1
v -5.3 6.1 5.96046e-08
v -5.3 6.1 -0.1
v -5.3 6.1 -0.2
v -5.3 6.1 -0.3
v -5.3 6.1 -0.4
v -5.3 6.1 -0.5
v -5.3 6.1 -0.6
v -5.3 6.1 -0.7
v -5.3 6.1 -0.8
v -5.3 6.1 -0.9
v -5.3 6.1 -1
v -5.3 6.1 -1.1
v -5.3 6.1 -1.2
v -5.3 6.1 -1.3
v -5.3 6.2 0.6
v -5.3 6.2 0.5
v -5.3 6.2 0.3
v -5.3 6.2 0.1
v -5.3 6.2 -0.1
v -5.3 6.2 -0.3
v -5.3 6.2 -0.5
v -5.3 6.2 -0.7
v -5.3 6.2 -0.9
v -5.3 6.2 -1.1
v -5.3 6.2 -1.3
v -5.2 5.7 -1
v -5.2 5.7 -1.1
v -5.2 5.8 -1
v -5.2 5.8 -1.1
v -5.2 5.9 -1
v -5.2 5.9 -1.1
v -5.2 6 -1
v -5.2 6 -1.1
v -5.2 6.1 -1
v -5.2 6.1 -1.1
v -5.2 6.2 0.6
v -5.2 6.2 0.5
v -5.2 6.2 0.4
v -5.2 6.2 0.3
v -5.2 6.2 0.2
v -5.2 6.2 0.1
v -5.2 6.2 5.96046e-08
v -5.2 6.2 -0.1
v -5.2 6.2 -0.2
v -5.2 6.2 -0.3
v -5.2 6.2 -0.4
v -5.2 6.2 -0.5
v -5.2 6.2 -0.6
v -5.2 6.2 -0.7
v -5.2 6.2 -0.8
v -5.2 6.2 -0.9
v -5.2 6.2 -1
v -5.2 6.2 -1.1
v -5.2 6.2 -1.2
v -5.2 6.2 -1.3
v -5.2 6.3 0.6
v -5.2 6.3 0.4
v -5.2 6.3 0.2
v -5.2 6.3 5.96046e-08
v -5.2 6.3 -0.2
v -5.2 6.3 -0.4
v -5.2 6.3 -0.6
v -5.2 6.3 -0.8
v -5.2 6.3 -1
v -5.2 6.3 -1.2
v -5.2 6.3 -1.3
v -5.1 6.3 0.6
v -5.1 6.3 0.5
v -5.1 6.3 0.4
v -5.1 6.3 0.3
v -5.1 6.3 0.2
v -5.1 6.3 0.1
v -5.1 6.3 5.96046e-08
v -5.1 6.3 -0.1
v -5.1 6.3 -0.2
v -5.1 6.3 -0.3
v -5.1 6.3 -0.4
v -5.1 6.3 -0.5
v -5.1 6.3 -0.6
v -5.1 6.3 -0.7
v -5.1 6.3 -0.8
v -5.1 6.3 -0.9
v -5.1 6.3 -1
v -5.1 6.3 -1.1
v -5.1 6.3 -1.2
v -5.1 6.3 -1.3
v -5.1 6.4 0.6
v -5.1 6.4 0.5
v -5.1 6.4 0.3
v -5.1 6.4 0.1
v -5.1 6.4 -0.1
v -5.1 6.4 -0.3
v -5.1 6.4 -0.5
v -5.1 6.4 -0.7
v -5.1 6.4 -0.9
v -5.1 6.4 -1.1
v -5.1 6.4 -1.3
v -4.9 5.2 -1.1
v -4.9 5.2 -1.2
v -4.9 5.3 -1.1
v -4.9 5.3 -1.2
v -4.9 5.7 -1.1
v -4.9 5.7 -1.2
v -4.9 5.8 -1.1
v -4.9 5.8 -1.2
v -4.9 6 -1.1
v -4.9 6 -1.2
v -4.9 6.1 -1.1
v -4.9 6.1 -1.2
v -4.9 6.2 0.6
v -4.9 6.2 0.5
v -4.9 6.2 0.4
v -4.9 6.2 0.3
v -4.9 6.2 0.1
v -4.9 6.2 -0.1
v -4.9 6.2 -0.3
v -4.9 6.2 -0.5
v -4.9 6.2 -0.7
v -4.9 6.2 -0.9
v -4.9 6.2 -1.1
v -4.9 6.2 -1.2
v -4.9 6.2 -1.3
v -4.9 6.3 0.6
v -4.9 6.3 0.5
v -4.9 6.3 0.4
v -4.9 6.3 0.3
v -4.9 6.3 0.2
v -4.9 6.3 0.1
v -4.9 6.3 5.96046e-08
v -4.9 6.3 -0.1
v -4.9 6.3 -0.2
v -4.9 6.3 -0.3
v -4.9 6.3 -0.4
v -4.9 6.3 -0.5
v -4.9 6.3 -0.6
v -4.9 6.3 -0.7
v -4.9 6.3 -0.8
v -4.9 6.3 -0.9
v -4.9 6.3 -1
v -4.9 6.3 -1.1
v -4.9 6.3 -1.2
v -4.9 6.3 -1.3
v -4.8 4.8 -1.1
v -4.8 4.8 -1.2
v -4.8 4.9 -1.1
v -4.8 5 -1.1
v -4.8 5.1 -1.1
v -4.8 5.2 -1.1
v -4.8 5.2 -1.2
v -4.8 5.8 -1.1
v -4.8 5.8 -1.2
v -4.8 5.9 -1.1
v -4.8 6 -1.1
v -4.8 6 -1.2
v -4.8 6.1 0.6
v -4.8 6.1 0.5
v -4.8 6.1 0.4
v -4.8 6.1 0.2
v -4.8 6.1 5.96046e-08
v -4.8 6.1 -0.2
v -4.8 6.1 -0.4
v -4.8 6.1 -0.6
v -4.8 6.1 -0.8
v -4.8 6.1 -1
v -4.8 6.1 -1.1
v -4.8 6.1 -1.2
v -4.8 6.1 -1.3
v -4.8 6.2 0.6
v -4.8 6.2 0.5
v -4.8 6.2 0.4
v -4.8 6.2 0.3
v -4.8 6.2 0.2
v -4.8 6.2 0.1
v -4.8 6.2 5.96046e-08
v -4.8 6.2 -0.1
v -4.8 6.2 -0.2
v -4.8 6.2 -0.3
v -4.8 6.2 -0.4
v -4.8 6.2 -0.5
v -4.8 6.2 -0.6
v -4.8 6.2 -0.7
v -4.8 6.2 -0.8
v -4.8 6.2 -0.9
v -4.8 6.2 -1
v -4.8 6.2 -1.1
v -4.8 6.2 -1.2
v -4.8 6.2 -1.3
v -4.7 6 0.6
v -4.7 6 0.5
v -4.7 6 0.4
v -4.7 6 0.3
v -4.7 6 0.1
v -4.7 6 -0.1
v -4.7 6 -0.3
v -4.7 6 -0.5
v -4.7 6 -0.7
v -4.7 6 -0.9
v -4.7 6 -1.1
v -4.7 6 -1.2
v -4.7 6 -1.3
v -4.7 6.1 0.6
v -4.7 6.1 0.5
v -4.7 6.1 0.4
v -4.7 6.1 0.3
v -4.7 6.1 0.2
v -4.7 6.1 0.1
v -4.7 6.1 5.96046e-08
v -4.7 6.1 -0.1
v -4.7 6.1 -0.2
v -4.7 6.1 -0.3
v -4.7 6.1 -0.4
v -4.7 6.1 -0.5
v -4.7 6.1 -0.6
v -4.7 6.1 -0.7
v -4.7 6.1 -0.8
v -4.7 6.1 -0.9
v -4.7 6.1 -1
v -4.7 6.1 -1.1
v -4.7 6.1 -1.2
v -4.7 6.1 -1.3
v -4.6 5.9 0.6
v -4.6 5.9 0.5
v -4.6 5.9 0.4
v -4.6 5.9 0.2
v -4.6 5.9 5.96046e-08
v -4.6 5.9 -0.2
v -4.6 5.9 -0.4
v -4.6 5.9 -0.6
v -4.6 5.9 -0.8
v -4.6 5.9 -1
v -4.6 5.9 -1.1
v -4.6 5.9 -1.2
v -4.6 5.9 -1.3
v -4.6 6 0.6
v -4.6 6 0.5
v -4.6 6 0.4
v -4.6 6 0.3
v -4.6 6 0.2
v -4.6 6 0.1
v -4.6 6 5.96046e-08
v -4.6 6 -0.1
v -4.6 6 -0.2
v -4.6 6 -0.3
v -4.6 6 -0.4
v -4.6 6 -0.5
v -4.6 6 -0.6
v -4.6 6 -0.7
v -4.6 6 -0.8
v -4.6 6 -0.9
v -4.6 6 -1
v -4.6 6 -1.1
v -4.6 6 -1.2
v -4.6 6 -1.3
v -4.5 4.8 0.4
v -4.5 4.8 0.3
v -4.5 4.8 -0.9
v -4.5 4.8 -1
v -4.5 5.2 -1
v -4.5 5.2 -1.1
v -4.5 5.2 -1.2
v -4.5 5.3 -1
v -4.5 5.3 -1.1
v -4.5 5.3 -1.2
v -4.5 5.4 -1
v -4.5 5.4 -1.1
v -4.5 5.4 -1.2
v -4.5 5.5 -1
v -4.5 5.5 -1.1
v -4.5 5.5 -1.2
v -4.5 5.7 0.6
v -4.5 5.7 0.5
v -4.5 5.7 0.4
v -4.5 5.7 0.3
v -4.5 5.7 -0.9
v -4.5 5.7 -1
v -4.5 5.7 -1.1
v -4.5 5.7 -1.2
v -4.5 5.7 -1.3
v -4.5 5.8 0.6
v -4.5 5.8 0.5
v -4.5 5.8 0.3
v -4.5 5.8 0.1
v -4.5 5.8 -0.1
v -4.5 5.8 -0.3
v -4.5 5.8 -0.5
v -4.5 5.8 -0.7
v -4.5 5.8 -0.9
v -4.5 5.8 -1.1
v -4.5 5.8 -1.2
v -4.5 5.9 0.6
v -4.5 5.9 0.5
v -4.5 5.9 0.4
v -4.5 5.9 0.3
v -4.5 5.9 0.2
v -4.5 5.9 0.1
v -4.5 5.9 5.96046e-08
v -4.5 5.9 -0.1
v -4.5 5.9 -0.2
v -4.5 5.9 -0.3
v -4.5 5.9 -0.4
v -4.5 5.9 -0.5
v -4.5 5.9 -0.6
v -4.5 5.9 -0.7
v -4.5 5.9 -0.8
v -4.5 5.9 -0.9
v -4.5 5.9 -1
v -4.5 5.9 -1.1
v -4.5 5.9 -1.2
v -4.5 5.9 -1.3
v -4.4 4.8 0.3
v -4.4 4.8 0.2
v -4.4 4.8 5.96046e-08
v -4.4 4.8 -0.2
v -4.4 4.8 -0.4
v -4.4 4.8 -0.6
v -4.4 4.8 -0.8
v -4.4 4.8 -0.9
v -4.4 4.9 0.3
v -4.4 4.9 0.2
v -4.4 4.9 0.1
v -4.4 4.9 5.96046e-08
v -4.4 4.9 -0.1
v -4.4 4.9 -0.2
v -4.4 4.9 -0.3
v -4.4 4.9 -0.4
v -4.4 4.9 -0.5
v -4.4 4.9 -0.6
v -4.4 4.9 -0.7
v -4.4 4.9 -0.8
v -4.4 5 0.3
v -4.4 5 0.2
v -4.4 5 0.1
v -4.4 5 5.96046e-08
v -4.4 5 -0.1
v -4.4 5 -0.2
v -4.4 5 -0.3
v -4.4 5 -0.4
v -4.4 5 -0.5
v -4.4 5 -0.6
v -4.4 5 -0.7
v -4.4 5 -0.8
v -4.4 5.1 0.3
v -4.4 5.1 0.2
v -4.4 5.1 0.1
v -4.4 5.1 5.96046e-08
v -4.4 5.1 -0.1
v -4.4 5.1 -0.2
v -4.4 5.1 -0.3
v -4.4 5.1 -0.4
v -4.4 5.1 -0.5
v -4.4 5.1 -0.6
v -4.4 5.1 -0.7
v -4.4 5.1 -0.8
v -4.4 5.2 0.3
v -4.4 5.2 0.2
v -4.4 5.2 0.1
v -4.4 5.2 5.96046e-08
v -4.4 5.2 -0.1
v -4.4 5.2 -0.2
v -4.4 5.2 -0.3
v -4.4 5.2 -0.4
v -4.4 5.2 -0.5
v -4.4 5.2 -0.6
v -4.4 5.2 -0.7
v -4.4 5.2 -0.8
v -4.4 5.3 0.3
v -4.4 5.3 0.2
v -4.4 5.3 0.1
v -4.4 5.3 5.96046e-08
v -4.4 5.3 -0.1
v -4.4 5.3 -0.2
v -4.4 5.3 -0.3
v -4.4 5.3 -0.4
v -4.4 5.3 -0.5
v -4.4 5.3 -0.6
v -4.4 5.3 -0.7
v -4.4 5.3 -0.8
v -4.4 5.4 0.3
v -4.4 5.4 0.2
v -4.4 5.4 0.1
v -4.4 5.4 5.96046e-08
v -4.4 5.4 -0.1
v -4.4 5.4 -0.2
v -4.4 5.4 -0.3
v -4.4 5.4 -0.4
v -4.4 5.4 -0.5
v -4.4 5.4 -0.6
v -4.4 5.4 -0.7
v -4.4 5.4 -0.8
v -4.4 5.5 0.3
v -4.4 5.5 0.2
v -4.4 5.5 0.1
v -4.4 5.5 5.96046e-08
v -4.4 5.5 -0.1
v -4.4 5.5 -0.2
v -4.4 5.5 -0.3
v -4.4 5.5 -0.4
v -4.4 5.5 -0.5
v -4.4 5.5 -0.6
v -4.4 5.5 -0.7
v -4.4 5.5 -0.8
v -4.4 5.6 0.6
v -4.4 5.6 0.5
v -4.4 5.6 0.1
v -4.4 5.6 -0.1
v -4.4 5.6 -0.3
v -4.4 5.6 -0.5
v -4.4 5.6 -0.7
v -4.4 5.6 -0.9
v -4.4 5.6 -1.2
v -4.4 5.6 -1.3
v -4.4 5.7 0.6
v -4.4 5.7 0.5
v -4.4 5.7 0.3
v -4.4 5.7 -0.9
v -4.4 5.7 -1.2
v -4.4 5.7 -1.3
v -5.6 4.8 0.3
v -5.6 4.8 0.2
v -5.6 4.8 5.96046e-08
v -5.6 4.8 -0.2
v -5.6 4.8 -0.4
v -5.6 4.8 -0.6
v -5.6 4.8 -0.8
v -5.6 4.8 -0.9
v -5.6 4.9 0.2
v -5.6 4.9 0.1
v -5.6 4.9 5.96046e-08
v -5.6 4.9 -0.1
v -5.6 4.9 -0.2
v -5.6 4.9 -0.3
v -5.6 4.9 -0.4
v -5.6 4.9 -0.5
v -5.6 4.9 -0.6
v -5.6 4.9 -0.7
v -5.6 4.9 -0.8
v -5.6 4.9 -0.9
v -5.6 5 0.2
v -5.6 5 0.1
v -5.6 5 5.96046e-08
v -5.6 5 -0.1
v -5.6 5 -0.2
v -5.6 5 -0.3
v -5.6 5 -0.4
v -5.6 5 -0.5
v -5.6 5 -0.6
v -5.6 5 -0.7
v -5.6 5 -0.8
v -5.6 5 -0.9
v -5.6 5.1 0.2
v -5.6 5.1 0.1
v -5.6 5.1 5.96046e-08
v -5.6 5.1 -0.1
v -5.6 5.1 -0.2
v -5.6 5.1 -0.3
v -5.6 5.1 -0.4
v -5.6 5.1 -0.5
v -5.6 5.1 -0.6
v -5.6 5.1 -0.7
v -5.6 5.1 -0.8
v -5.6 5.1 -0.9
v -5.6 5.2 0.2
v -5.6 5.2 0.1
v -5.6 5.2 5.96046e-08
v -5.6 5.2 -0.1
v -5.6 5.2 -0.2
v -5.6 5.2 -0.3
v -5.6 5.2 -0.4
v -5.6 5.2 -0.5
v -5.6 5.2 -0.6
v -5.6 5.2 -0.7
v -5.6 5.2 -0.8
v -5.6 5.2 -0.9
v -5.6 5.3 0.2
v -5.6 5.3 0.1
v -5.6 5.3 5.96046e-08
v -5.6 5.3 -0.1
v -5.6 5.3 -0.2
v -5.6 5.3 -0.3
v -5.6 5.3 -0.4
v -5.6 5.3 -0.5
v -5.6 5.3 -0.6
v -5.6 5.3 -0.7
v -5.6 5.3 -0.8
v -5.6 5.3 -0.9
v -5.6 5.4 0.2
v -5.6 5.4 0.1
v -5.6 5.4 5.96046e-08
v -5.6 5.4 -0.1
v -5.6 5.4 -0.2
v -5.6 5.4 -0.3
v -5.6 5.4 -0.4
v -5.6 5.4 -0.5
v -5.6 5.4 -0.6
v -5.6 5.4 -0.7
v -5.6 5.4 -0.8
v -5.6 5.4 -0.9
v -5.6 5.5 0.2
v -5.6 5.5 0.1
v -5.6 5.5 5.96046e-08
v -5.6 5.5 -0.1
v -5.6 5.5 -0.2
v -5.6 5.5 -0.3
v -5.6 5.5 -0.4
v -5.6 5.5 -0.5
v -5.6 5.5 -0.6
v -5.6 5.5 -0.7
v -5.6 5.5 -0.8
v -5.6 5.5 -0.9
v -5.6 5.6 0.6
v -5.6 5.6 0.5
v -5.6 5.6 0.1
v -5.6 5.6 -0.1
v -5.6 5.6 -0.3
v -5.6 5.6 -0.5
v -5.6 5.6 -0.7
v -5.6 5.6 -0.9
v -5.6 5.6 -1.2
v -5.6 5.6 -1.3
v -5.6 5.7 0.6
v -5.6 5.7 0.5
v -5.6 5.7 0.3
v -5.6 5.7 -0.9
v -5.6 5.7 -1.2
v -5.6 5.7 -1.3
v -5.5 4.8 0.4
v -5.5 4.8 0.3
v -5.5 4.8 -0.9
v -5.5 4.8 -1
v -5.5 4.9 0.4
v -5.5 5 0.4
v -5.5 5.1 0.4
v -5.5 5.2 0.4
v -5.5 5.2 -1
v -5.5 5.2 -1.1
v -5.5 5.2 -1.2
v -5.5 5.3 0.4
v -5.5 5.3 -1
v -5.5 5.3 -1.1
v -5.5 5.4 0.4
v -5.5 5.4 -1
v -5.5 5.4 -1.1
v -5.5 5.5 0.4
v -5.5 5.5 -1
v -5.5 5.5 -1.1
v -5.5 5.5 -1.2
v -5.5 5.6 0.4
v -5.5 5.7 0.6
v -5.5 5.7 0.5
v -5.5 5.7 0.4
v -5.5 5.7 0.3
v -5.5 5.7 -0.9
v -5.5 5.7 -1
v -5.5 5.7 -1.1
v -5.5 5.7 -1.2
v -5.5 5.7 -1.3
v -5.5 5.8 0.5
v -5.5 5.8 0.4
v -5.5 5.8 0.2
v -5.5 5.8 5.96046e-08
v -5.5 5.8 -0.2
v -5.5 5.8 -0.4
v -5.5 5.8 -0.6
v -5.5 5.8 -0.8
v -5.5 5.8 -1
v -5.5 5.8 -1.1
v -5.5 5.8 -1.2
v -5.5 5.8 -1.3
v -5.5 5.9 0.6
v -5.5 5.9 0.5
v -5.5 5.9 0.4
v -5.5 5.9 0.3
v -5.5 5.9 0.2
v -5.5 5.9 0.1
v -5.5 5.9 5.96046e-08
v -5.5 5.9 -0.1
v -5.5 5.9 -0.2
v -5.5 5.9 -0.3
v -5.5 5.9 -0.4
v -5.5 5.9 -0.5
v -5.5 5.9 -0.6
v -5.5 5.9 -0.7
v -5.5 5.9 -0.8
v -5.5 5.9 -0.9
v -5.5 5.9 -1
v -5.5 5.9 -1.1
v -5.5 5.9 -1.2
v -5.5 5.9 -1.3
v -5.4 5.9 0.6
v -5.4 5.9 0.5
v -5.4 5.9 0.4
v -5.4 5.9 0.3
v -5.4 5.9 0.1
v -5.4 5.9 -0.1
v -5.4 5.9 -0.3
v -5.4 5.9 -0.5
v -5.4 5.9 -0.7
v -5.4 5.9 -0.9
v -5.4 5.9 -1.1
v -5.4 5.9 -1.2
v -5.4 5.9 -1.3
v -5.4 6 0.6
v -5.4 6 0.5
v -5.4 6 0.4
v -5.4 6 0.3
v -5.4 6 0.2
v -5.4 6 0.1
v -5.4 6 5.96046e-08
v -5.4 6 -0.1
v -5.4 6 -0.2
v -5.4 6 -0.3
v -5.4 6 -0.4
v -5.4 6 -0.5
v -5.4 6 -0.6
v -5.4 6 -0.7
v -5.4 6 -0.8
v -5.4 6 -0.9
v -5.4 6 -1
v -5.4 6 -1.1
v -5.4 6 -1.2
v -5.4 6 -1.3
v -5.3 6 0.6
v -5.3 6 0.5
v -5.3 6 0.4
v -5.3 6 0.2
v -5.3 6 5.96046e-08
v -5.3 6 -0.2
v -5.3 6 -0.4
v -5.3 6 -0.6
v -5.3 6 -0.8
v -5.3 6 -1
v -5.3 6 -1.1
v -5.3 6 -1.2
v -5.3 6 -1.3
v -5.3 6.1 0.6
v -5.3 6.1 0.5
v -5.3 6.1 0.4
v -5.3 6.1 0.3
v -5.3 6.1 0.2
v -5.3 6.1 0.1
v -5.3 6.1 5.96046e-08
v -5.3 6.1 -0.1
v -5.3 6.1 -0.2
v -5.3 6.1 -0.3
v -5.3 6.1 -0.4
v -5.3 6.1 -0.5
v -5.3 6.1 -0.6
v -5.3 6.1 -0.7
v -5.3 6.1 -0.8
v -5.3 6.1 -0.9
v -5.3 6.1 -1
v -5.3 6.1 -1.1
v -5.3 6.1 -1.2
v -5.3 6.1 -1.3
v -5.2 4.8 -1.1
v -5.2 4.8 -1.2
v -5.2 4.9 -1.1
v -5.2 5 -1.1
v -5.2 5.1 -1.1
v -5.2 5.2 -1.1
v -5.2 5.2 -1.2
v -5.2 5.8 -1.1
v -5.2 5.8 -1.2
v -5.2 5.9 -1.1
v -5.2 6 -1.1
v -5.2 6 -1.2
v -5.2 6.1 0.6
v -5.2 6.1 0.5
v -5.2 6.1 0.4
v -5.2 6.1 0.3
v -5.2 6.1 0.1
v -5.2 6.1 -0.1
v -5.2 6.1 -0.3
v -5.2 6.1 -0.5
v -5.2 6.1 -0.7
v -5.2 6.1 -0.9
v -5.2 6.1 -1
v -5.2 6.1 -1.1
v -5.2 6.1 -1.2
v -5.2 6.1 -1.3
v -5.2 6.2 0.6
v -5.2 6.2 0.5
v -5.2 6.2 0.4
v -5.2 6.2 0.3
v -5.2 6.2 0.2
v -5.2 6.2 0.1
v -5.2 6.2 5.96046e-08
v -5.2 6.2 -0.1
v -5.2 6.2 -0.2
v -5.2 6.2 -0.3
v -5.2 6.2 -0.4
v -5.2 6.2 -0.5
v -5.2 6.2 -0.6
v -5.2 6.2 -0.7
v -5.2 6.2 -0.8
v -5.2 6.2 -0.9
v -5.2 6.2 -1
v -5.2 6.2 -1.1
v -5.2 6.2 -1.2
v -5.2 6.2 -1.3
v -5.1 5.2 -1.1
v -5.1 5.2 -1.2
v -5.1 5.3 -1.1
v -5.1 5.3 -1.2
v -5.1 5.7 -1.1
v -5.1 5.7 -1.2
v -5.1 5.8 -1.1
v -5.1 5.8 -1.2
v -5.1 6 -1.1
v -5.1 6 -1.2
v -5.1 6.1 -1.1
v -5.1 6.1 -1.2
v -5.1 6.2 0.6
v -5.1 6.2 0.5
v -5.1 6.2 0.4
v -5.1 6.2 0.2
v -5.1 6.2 5.96046e-08
v -5.1 6.2 -0.2
v -5.1 6.2 -0.4
v -5.1 6.2 -0.6
v -5.1 6.2 -0.8
v -5.1 6.2 -1
v -5.1 6.2 -1.1
v -5.1 6.2 -1.2
v -5.1 6.2 -1.3
v -5.1 6.3 0.6
v -5.1 6.3 0.5
v -5.1 6.3 0.4
v -5.1 6.3 0.3
v -5.1 6.3 0.2
v -5.1 6.3 0.1
v -5.1 6.3 5.96046e-08
v -5.1 6.3 -0.1
v -5.1 6.3 -0.2
v -5.1 6.3 -0.3
v -5.1 6.3 -0.4
v -5.1 6.3 -0.5
v -5.1 6.3 -0.6
v -5.1 6.3 -0.7
v -5.1 6.3 -0.8
v -5.1 6.3 -0.9
v -5.1 6.3 -1
v -5.1 6.3 -1.1
v -5.1 6.3 -1.2
v -5.1 6.3 -1.3
v -4.9 6.3 0.6
v -4.9 6.3 0.5
v -4.9 6.3 0.4
v -4.9 6.3 0.3
v -4.9 6.3 0.2
v -4.9 6.3 0.1
v -4.9 6.3 5.96046e-08
v -4.9 6.3 -0.1
v -4.9 6.3 -0.2
v -4.9 6.3 -0.3
v -4.9 6.3 -0.4
v -4.9 6.3 -0.5
v -4.9 6.3 -0.6
v -4.9 6.3 -0.7
v -4.9 6.3 -0.8
v -4.9 6.3 -0.9
v -4.9 6.3 -1
v -4.9 6.3 -1.1
v -4.9 6.3 -1.2
v -4.9 6.3 -1.3
v -4.9 6.4 0.6
v -4.9 6.4 0.4
v -4.9 6.4 0.2
v -4.9 6.4 5.96046e-08
v -4.9 6.4 -0.2
v -4.9 6.4 -0.4
v -4.9 6.4 -0.6
v -4.9 6.4 -0.8
v -4.9 6.4 -1
v -4.9 6.4 -1.2
v -4.9 6.4 -1.3
v -4.8 5.7 -1
v -4.8 5.7 -1.1
v -4.8 5.8 -1
v -4.8 5.8 -1.1
v -4.8 5.9 -1
v -4.8 5.9 -1.1
v -4.8 6 -1
v -4.8 6 -1.1
v -4.8 6.1 -1
v -4.8 6.1 -1.1
v -4.8 6.2 0.6
v -4.8 6.2 0.5
v -4.8 6.2 0.4
v -4.8 6.2 0.3
v -4.8 6.2 0.2
v -4.8 6.2 0.1
v -4.8 6.2 5.96046e-08
v -4.8 6.2 -0.1
v -4.8 6.2 -0.2
v -4.8 6.2 -0.3
v -4.8 6.2 -0.4
v -4.8 6.2 -0.5
v -4.8 6.2 -0.6
v -4.8 6.2 -0.7
v -4.8 6.2 -0.8
v -4.8 6.2 -0.9
v -4.8 6.2 -1
v -4.8 6.2 -1.1
v -4.8 6.2 -1.2
v -4.8 6.2 -1.3
v -4.8 6.3 0.6
v -4.8 6.3 0.5
v -4.8 6.3 0.3
v -4.8 6.3 0.1
v -4.8 6.3 -0.1
v -4.8 6.3 -0.3
v -4.8 6.3 -0.5
v -4.8 6.3 -0.7
v -4.8 6.3 -0.9
v -4.8 6.3 -1.1
v -4.8 6.3 -1.3
v -4.7 5.2 -1.1
v -4.7 5.2 -1.2
v -4.7 5.3 -1.1
v -4.7 5.3 -1.2
v -4.7 5.4 -1.1
v -4.7 5.4 -1.2
v -4.7 5.5 -1.1
v -4.7 5.5 -1.2
v -4.7 6.1 0.6
v -4.7 6.1 0.5
v -4.7 6.1 0.4
v -4.7 6.1 0.3
v -4.7 6.1 0.2
v -4.7 6.1 0.1
v -4.7 6.1 5.96046e-08
v -4.7 6.1 -0.1
v -4.7 6.1 -0.2
v -4.7 6.1 -0.3
v -4.7 6.1 -0.4
v -4.7 6.1 -0.5
v -4.7 6.1 -0.6
v -4.7 6.1 -0.7
v -4.7 6.1 -0.8
v -4.7 6.1 -0.9
v -4.7 6.1 -1
v -4.7 6.1 -1.1
v -4.7 6.1 -1.2
v -4.7 6.1 -1.3
v -4.7 6.2 0.6
v -4.7 6.2 0.4
v -4.7 6.2 0.2
v -4.7 6.2 5.96046e-08
v -4.7 6.2 -0.2
v -4.7 6.2 -0.4
v -4.7 6.2 -0.6
v -4.7 6.2 -0.8
v -4.7 6.2 -1
v -4.7 6.2 -1.2
v -4.7 6.2 -1.3
v -4.6 6 0.6
v -4.6 6 0.5
v -4.6 6 0.4
v -4.6 6 0.3
v -4.6 6 0.2
v -4.6 6 0.1
v -4.6 6 5.96046e-08
v -4.6 6 -0.1
v -4.6 6 -0.2
v -4.6 6 -0.3
v -4.6 6 -0.4
v -4.6 6 -0.5
v -4.6 6 -0.6
v -4.6 6 -0.7
v -4.6 6 -0.8
v -4.6 6 -0.9
v -4.6 6 -1
v -4.6 6 -1.1
v -4.6 6 -1.2
v -4.6 6 -1.3
v -4.6 6.1 0.6
v -4.6 6.1 0.5
v -4.6 6.1 0.3
v -4.6 6.1 0.1
v -4.6 6.1 -0.1
v -4.6 6.1 -0.3
v -4.6 6.1 -0.5
v -4.6 6.1 -0.7
v -4.6 6.1 -0.9
v -4.6 6.1 -1.1
v -4.6 6.1 -1.3
v -4.5 5.9 0.6
v -4.5 5.9 0.5
v -4.5 5.9 0.4
v -4.5 5.9 0.3
v -4.5 5.9 0.2
v -4.5 5.9 0.1
v -4.5 5.9 5.96046e-08
v -4.5 5.9 -0.1
v -4.5 5.9 -0.2
v -4.5 5.9 -0.3
v -4.5 5.9 -0.4
v -4.5 5.9 -0.5
v -4.5 5.9 -0.6
v -4.5 5.9 -0.7
v -4.5 5.9 -0.8
v -4.5 5.9 -0.9
v -4.5 5.9 -1
v -4.5 5.9 -1.1
v -4.5 5.9 -1.2
v -4.5 5.9 -1.3
v -4.5 6 0.6
v -4.5 6 0.4
v -4.5 6 0.2
v -4.5 6 5.96046e-08
v -4.5 6 -0.2
v -4.5 6 -0.4
v -4.5 6 -0.6
v -4.5 6 -0.8
v -4.5 6 -1
v -4.5 6 -1.2
v -4.5 6 -1.3
v -4.4 4.8 0.5
v -4.4 4.8 0.4
v -4.4 4.8 -1
v -4.4 4.8 -1.1
v -4.4 4.8 -1.2
v -4.4 4.9 0.5
v -4.4 4.9 0.4
v -4.4 4.9 -1
v -4.4 4.9 -1.1
v -4.4 4.9 -1.2
v -4.4 5 0.5
v -4.4 5 0.4
v -4.4 5 -1
v -4.4 5.1 0.5
v -4.4 5.1 0.4
v -4.4 5.1 -1
v -4.4 5.1 -1.1
v -4.4 5.1 -1.2
v -4.4 5.2 0.5
v -4.4 5.2 0.4
v -4.4 5.2 -1
v -4.4 5.2 -1.1
v -4.4 5.2 -1.2
v -4.4 5.3 0.5
v -4.4 5.3 0.4
v -4.4 5.3 -1
v -4.4 5.3 -1.1
v -4.4 5.3 -1.2
v -4.4 5.4 0.5
v -4.4 5.4 0.4
v -4.4 5.4 -1
v -4.4 5.4 -1.1
v -4.4 5.4 -1.2
v -4.4 5.5 0.5
v -4.4 5.5 0.4
v -4.4 5.5 -1
v -4.4 5.5 -1.1
v -4.4 5.5 -1.2
v -4.4 5.6 0.5
v -4.4 5.6 0.4
v -4.4 5.6 -1
v -4.4 5.6 -1.1
v -4.4 5.6 -1.2
v -4.4 5.8 0.6
v -4.4 5.8 0.5
v -4.4 5.8 0.4
v -4.4 5.8 0.3
v -4.4 5.8 0.2
v -4.4 5.8 0.1
v -4.4 5.8 5.96046e-08
v -4.4 5.8 -0.1
v -4.4 5.8 -0.2
v -4.4 5.8 -0.3
v -4.4 5.8 -0.4
v -4.4 5.8 -0.5
v -4.4 5.8 -0.6
v -4.4 5.8 -0.7
v -4.4 5.8 -0.8
v -4.4 5.8 -0.9
v -4.4 5.8 -1
v -4.4 5.8 -1.1
v -4.4 5.8 -1.2
v -4.4 5.8 -1.3
v -4.4 5.9 0.6
v -4.4 5.9 0.5
v -4.4 5.9 0.3
v -4.4 5.9 0.1
v -4.4 5.9 -0.1
v -4.4 5.9 -0.3
v -4.4 5.9 -0.5
v -4.4 5.9 -0.7
v -4.4 5.9 -0.9
v -4.4 5.9 -1.1
v -4.4 5.9 -1.3
v -4.3 4.8 0.4
v -4.3 4.8 0.2
v -4.3 4.8 5.96046e-08
v -4.3 4.8 -0.2
v -4.3 4.8 -0.4
v -4.3 4.8 -0.6
v -4.3 4.8 -0.8
v -4.3 4.8 -1
v -4.3 4.9 0.3
v -4.3 4.9 0.2
v -4.3 4.9 0.1
v -4.3 4.9 5.96046e-08
v -4.3 4.9 -0.1
v -4.3 4.9 -0.2
v -4.3 4.9 -0.3
v -4.3 4.9 -0.4
v -4.3 4.9 -0.5
v -4.3 4.9 -0.6
v -4.3 4.9 -0.7
v -4.3 4.9 -0.8
v -4.3 4.9 -0.9
v -4.3 4.9 -1
v -4.3 5 0.3
v -4.3 5 0.2
v -4.3 5 0.1
v -4.3 5 5.96046e-08
v -4.3 5 -0.1
v -4.3 5 -0.2
v -4.3 5 -0.3
v -4.3 5 -0.4
v -4.3 5 -0.5
v -4.3 5 -0.6
v -4.3 5 -0.7
v -4.3 5 -0.8
v -4.3 5 -0.9
v -4.3 5 -1
v -4.3 5.1 0.3
v -4.3 5.1 0.2
v -4.3 5.1 0.1
v -4.3 5.1 5.96046e-08
v -4.3 5.1 -0.1
v -4.3 5.1 -0.2
v -4.3 5.1 -0.3
v -4.3 5.1 -0.4
v -4.3 5.1 -0.5
v -4.3 5.1 -0.6
v -4.3 5.1 -0.7
v -4.3 5.1 -0.8
v -4.3 5.1 -0.9
v -4.3 5.1 -1
v -4.3 5.2 0.3
v -4.3 5.2 0.2
v -4.3 5.2 0.1
v -4.3 5.2 5.96046e-08
v -4.3 5.2 -0.1
v -4.3 5.2 -0.2
v -4.3 5.2 -0.3
v -4.3 5.2 -0.4
v -4.3 5.2 -0.5
v -4.3 5.2 -0.6
v -4.3 5.2 -0.7
v -4.3 5.2 -0.8
v -4.3 5.2 -0.9
v -4.3 5.2 -1
v -4.3 5.3 0.3
v -4.3 5.3 0.2
v -4.3 5.3 0.1
v -4.3 5.3 5.96046e-08
v -4.3 5.3 -0.1
v -4.3 5.3 -0.2
v -4.3 5.3 -0.3
v -4.3 5.3 -0.4
v -4.3 5.3 -0.5
v -4.3 5.3 -0.6
v -4.3 5.3 -0.7
v -4.3 5.3 -0.8
v -4.3 5.3 -0.9
v -4.3 5.3 -1
v -4.3 5.4 0.3
v -4.3 5.4 0.2
v -4.3 5.4 0.1
v -4.3 5.4 5.96046e-08
v -4.3 5.4 -0.1
v -4.3 5.4 -0.2
v -4.3 5.4 -0.3
v -4.3 5.4 -0.4
v -4.3 5.4 -0.5
v -4.3 5.4 -0.6
v -4.3 5.4 -0.7
v -4.3 5.4 -0.8
v -4.3 5.4 -0.9
v -4.3 5.4 -1
v -4.3 5.5 0.3
v -4.3 5.5 0.2
v -4.3 5.5 0.1
v -4.3 5.5 5.96046e-08
v -4.3 5.5 -0.1
v -4.3 5.5 -0.2
v -4.3 5.5 -0.3
v -4.3 5.5 -0.4
v -4.3 5.5 -0.5
v -4.3 5.5 -0.6
v -4.3 5.5 -0.7
v -4.3 5.5 -0.8
v -4.3 5.5 -0.9
v -4.3 5.5 -1
v -4.3 5.6 0.4
v -4.3 5.6 0.3
v -4.3 5.6 0.1
v -4.3 5.6 -0.1
v -4.3 5.6 -0.3
v -4.3 5.6 -0.5
v -4.3 5.6 -0.7
v -4.3 5.6 -0.9
v -4.3 5.6 -1
v -4.3 5.7 0.6
v -4.3 5.7 0.5
v -4.3 5.7 0.4
v -4.3 5.7 0.3
v -4.3 5.7 0.2
v -4.3 5.7 0.1
v -4.3 5.7 5.96046e-08
v -4.3 5.7 -0.1
v -4.3 5.7 -0.2
v -4.3 5.7 -0.3
v -4.3 5.7 -0.4
v -4.3 5.7 -0.5
v -4.3 5.7 -0.6
v -4.3 5.7 -0.7
v -4.3 5.7 -0.8
v -4.3 5.7 -0.9
v -4.3 5.7 -1
v -4.3 5.7 -1.1
v -4.3 5.7 -1.2
v -4.3 5.7 -1.3
v -4.3 5.8 0.6
v -4.3 5.8 0.4
v -4.3 5.8 0.2
v -4.3 5.8 5.96046e-08
v -4.3 5.8 -0.2
v -4.3 5.8 -0.4
v -4.3 5.8 -0.6
v -4.3 5.8 -0.8
v -4.3 5.8 -1
v -4.3 5.8 -1.2
v -4.3 5.8 -1.3
v -4.2 5.6 0.6
v -4.2 5.6 0.5
v -4.2 5.6 0.3
v -4.2 5.6 0.1
v -4.2 5.6 -0.1
v -4.2 5.6 -0.3
v -4.2 5.6 -0.5
v -4.2 5.6 -0.7
v -4.2 5.6 -0.9
v -4.2 5.6 -1.1
v -4.2 5.6 -1.3
v -4.2 5.7 0.6
v -4.2 5.7 0.5
v -4.2 5.7 0.3
v -4.2 5.7 0.1
v -4.2 5.7 -0.1
v -4.2 5.7 -0.3
v -4.2 5.7 -0.5
v -4.2 5.7 -0.7
v -4.2 5.7 -0.9
v -4.2 5.7 -1.1
v -4.2 5.7 -1.3
v -5.8 5.6 0.6
v -5.8 5.7 0.6
v -5.7 5.7 0.6
v -5.7 5.8 0.6
v -5.6 5.6 0.6
v -5.6 5.7 0.6
v -5.6 5.8 0.6
v -5.6 5.9 0.6
v -5.5 5.7 0.6
v -5.5 5.9 0.6
v -5.5 6 0.6
v -5.4 5.9 0.6
v -5.4 6 0.6
v -5.4 6.1 0.6
v -5.3 6 0.6
v -5.3 6.1 0.6
v -5.3 6.2 0.6
v -5.2 6.1 0.6
v -5.2 6.2 0.6
v -5.2 6.3 0.6
v -5.1 6.2 0.6
v -5.1 6.3 0.6
v -5.1 6.4 0.6
v -4.9 6.2 0.6
v -4.9 6.3 0.6
v -4.9 6.4 0.6
v -4.8 6.1 0.6
v -4.8 6.2 0.6
v -4.8 6.3 0.6
v -4.7 6 0.6
v -4.7 6.1 0.6
v -4.7 6.2 0.6
v -4.6 5.9 0.6
v -4.6 6 0.6
v -4.6 6.1 0.6
v -4.5 5.7 0.6
v -4.5 5.8 0.6
v -4.5 5.9 0.6
v -4.5 6 0.6
v -4.4 5.6 0.6
v -4.4 5.7 0.6
v -4.4 5.8 0.6
v -4.4 5.9 0.6
v -4.3 5.7 0.6
v -4.3 5.8 0.6
v -4.2 5.6 0.6
v -4.2 5.7 0.6
v -5.6 4.8 0.5
v -5.6 5.6 0.5
v -5.6 5.7 0.5
v -5.5 4.9 0.5
v -5.5 5 0.5
v -5.5 5.1 0.5
v -5.5 5.2 0.5
v -5.5 5.3 0.5
v -5.5 5.4 0.5
v -5.5 5.5 0.5
v -5.5 5.6 0.5
v -5.5 5.7 0.5
v -5.5 5.8 0.5
v -5.5 5.9 0.5
v -5.4 4.8 0.5
v -5.4 4.9 0.5
v -5.4 5 0.5
v -5.4 5.1 0.5
v -5.4 5.2 0.5
v -5.4 5.3 0.5
v -5.4 5.4 0.5
v -5.4 5.5 0.5
v -5.4 5.6 0.5
v -5.4 5.7 0.5
v -5.4 5.8 0.5
v -5.4 5.9 0.5
v -5.4 6 0.5
v -5.3 4.9 0.5
v -5.3 5 0.5
v -5.3 5.1 0.5
v -5.3 5.2 0.5
v -5.3 5.3 0.5
v -5.3 5.4 0.5
v -5.3 5.5 0.5
v -5.3 5.6 0.5
v -5.3 5.7 0.5
v -5.3 5.8 0.5
v -5.3 5.9 0.5
v -5.3 6 0.5
v -5.3 6.1 0.5
v -5.2 4.8 0.5
v -5.2 4.9 0.5
v -5.2 5 0.5
v -5.2 5.1 0.5
v -5.2 5.2 0.5
v -5.2 5.3 0.5
v -5.2 5.4 0.5
v -5.2 5.5 0.5
v -5.2 5.6 0.5
v -5.2 5.7 0.5
v -5.2 5.8 0.5
v -5.2 5.9 0.5
v -5.2 6 0.5
v -5.2 6.1 0.5
v -5.2 6.2 0.5
v -5.1 4.9 0.5
v -5.1 5 0.5
v -5.1 5.1 0.5
v -5.1 5.2 0.5
v -5.1 5.3 0.5
v -5.1 5.4 0.5
v -5.1 5.5 0.5
v -5.1 5.6 0.5
v -5.1 5.7 0.5
v -5.1 5.8 0.5
v -5.1 5.9 0.5
v -5.1 6 0.5
v -5.1 6.1 0.5
v -5.1 6.2 0.5
v -5.1 6.3 0.5
v -5 4.8 0.5
v -5 4.9 0.5
v -5 5 0.5
v -5 5.1 0.5
v -5 5.2 0.5
v -5 5.3 0.5
v -5 5.4 0.5
v -5 5.5 0.5
v -5 5.6 0.5
v -5 5.7 0.5
v -5 5.8 0.5
v -5 5.9 0.5
v -5 6 0.5
v -5 6.1 0.5
v -5 6.2 0.5
v -5 6.3 0.5
v -4.9 4.9 0.5
v -4.9 5 0.5
v -4.9 5.1 0.5
v -4.9 5.2 0.5
v -4.9 5.3 0.5
v -4.9 5.4 0.5
v -4.9 5.5 0.5
v -4.9 5.6 0.5
v -4.9 5.7 0.5
v -4.9 5.8 0.5
v -4.9 5.9 0.5
v -4.9 6 0.5
v -4.9 6.1 0.5
v -4.9 6.2 0.5
v -4.9 6.3 0.5
v -4.8 4.8 0.5
v -4.8 4.9 0.5
v -4.8 5 0.5
v -4.8 5.1 0.5
v -4.8 5.2 0.5
v -4.8 5.3 0.5
v -4.8 5.4 0.5
v -4.8 5.5 0.5
v -4.8 5.6 0.5
v -4.8 5.7 0.5
v -4.8 5.8 0.5
v -4.8 5.9 0.5
v -4.8 6 0.5
v -4.8 6.1 0.5
v -4.8 6.2 0.5
v -4.7 4.9 0.5
v -4.7 5 0.5
v -4.7 5.1 0.5
v -4.7 5.2 0.5
v -4.7 5.3 0.5
v -4.7 5.4 0.5
v -4.7 5.5 0.5
v -4.7 5.6 0.5
v -4.7 5.7 0.5
v -4.7 5.8 0.5
v -4.7 5.9 0.5
v -4.7 6 0.5
v -4.7 6.1 0.5
v -4.6 4.8 0.5
v -4.6 4.9 0.5
v -4.6 5 0.5
v -4.6 5.1 0.5
v -4.6 5.2 0.5
v -4.6 5.3 0.5
v -4.6 5.4 0.5
v -4.6 5.5 0.5
v -4.6 5.6 0.5
v -4.6 5.7 0.5
v -4.6 5.8 0.5
v -4.6 5.9 0.5
v -4.6 6 0.5
v -4.5 4.9 0.5
v -4.5 5 0.5
v -4.5 5.1 0.5
v -4.5 5.2 0.5
v -4.5 5.3 0.5
v -4.5 5.4 0.5
v -4.5 5.5 0.5
v -4.5 5.6 0.5
v -4.5 5.7 0.5
v -4.5 5.8 0.5
v -4.5 5.9 0.5
v -4.4 4.8 0.5
v -4.4 4.9 0.5
v -4.4 5 0.5
v -4.4 5.1 0.5
v -4.4 5.2 0.5
v -4.4 5.3 0.5
v -4.4 5.4 0.5
v -4.4 5.5 0.5
v -4.4 5.6 0.5
v -4.4 5.7 0.5
v -5.7 4.8 0.4
v -5.7 4.9 0.4
v -5.7 5 0.4
v -5.7 5.1 0.4
v -5.7 5.2 0.4
v -5.7 5.3 0.4
v -5.7 5.4 0.4
v -5.7 5.5 0.4
v -5.7 5.6 0.4
v -5.6 4.8 0.4
v -5.6 4.9 0.4
v -5.6 5 0.4
v -5.6 5.1 0.4
v -5.6 5.2 0.4
v -5.6 5.3 0.4
v -5.6 5.4 0.4
v -5.6 5.5 0.4
v -5.6 5.6 0.4
v -4.4 4.8 0.4
v -4.4 4.9 0.4
v -4.4 5 0.4
v -4.4 5.1 0.4
v -4.4 5.2 0.4
v -4.4 5.3 0.4
v -4.4 5.4 0.4
v -4.4 5.5 0.4
v -4.4 5.6 0.4
v -4.3 4.8 0.4
v -4.3 5.6 0.4
v -5.6 4.8 -0.9
v -5.6 4.9 -0.9
v -5.6 5 -0.9
v -5.6 5.1 -0.9
v -5.6 5.2 -0.9
v -5.6 5.3 -0.9
v -5.6 5.4 -0.9
v -5.6 5.5 -0.9
v -5.6 5.6 -0.9
v -5.6 5.7 -0.9
v -5.5 4.8 -0.9
v -5.5 5.7 -0.9
v -4.5 4.8 -0.9
v -4.5 5.7 -0.9
v -4.4 4.8 -0.9
v -4.4 5.6 -0.9
v -4.4 5.7 -0.9
v -5.5 4.8 -1
v -5.5 5.2 -1
v -5.5 5.3 -1
v -5.5 5.4 -1
v -5.5 5.5 -1
v -5.5 5.7 -1
v -5.4 5.2 -1
v -5.4 5.3 -1
v -5.4 5.4 -1
v -5.4 5.5 -1
v -5.3 5.2 -1
v -5.3 5.3 -1
v -5.3 5.4 -1
v -5.3 5.5 -1
v -5.2 4.8 -1
v -5.2 4.9 -1
v -5.2 5 -1
v -5.2 5.1 -1
v -5.2 5.2 -1
v -5.2 5.7 -1
v -5.2 5.8 -1
v -5.2 5.9 -1
v -5.2 6 -1
v -5.2 6.1 -1
v -5.1 4.8 -1
v -5.1 4.9 -1
v -5.1 5 -1
v -5.1 5.1 -1
v -5.1 5.2 -1
v -5.1 5.3 -1
v -5.1 5.7 -1
v -5.1 5.8 -1
v -5.1 5.9 -1
v -5.1 6 -1
v -5.1 6.1 -1
v -5 4.8 -1
v -5 4.9 -1
v -5 5 -1
v -5 5.1 -1
v -5 5.2 -1
v -5 5.3 -1
v -5 5.7 -1
v -5 5.8 -1
v -5 5.9 -1
v -5 6 -1
v -5 6.1 -1
v -4.9 4.8 -1
v -4.9 4.9 -1
v -4.9 5 -1
v -4.9 5.1 -1
v -4.9 5.2 -1
v -4.9 5.3 -1
v -4.9 5.7 -1
v -4.9 5.8 -1
v -4.9 5.9 -1
v -4.9 6 -1
v -4.9 6.1 -1
v -4.8 4.9 -1
v -4.8 5 -1
v -4.8 5.1 -1
v -4.8 5.2 -1
v -4.8 5.7 -1
v -4.8 5.8 -1
v -4.8 5.9 -1
v -4.8 6 -1
v -4.8 6.1 -1
v -4.7 5.2 -1
v -4.7 5.3 -1
v -4.7 5.4 -1
v -4.7 5.5 -1
v -4.6 5.2 -1
v -4.6 5.3 -1
v -4.6 5.4 -1
v -4.6 5.5 -1
v -4.5 4.8 -1
v -4.5 5.2 -1
v -4.5 5.3 -1
v -4.5 5.4 -1
v -4.5 5.5 -1
v -4.5 5.7 -1
v -5.5 5.7 -1.1
v -5.5 5.8 -1.1
v -5.5 5.9 -1.1
v -5.4 5.8 -1.1
v -5.4 5.9 -1.1
v -5.4 6 -1.1
v -5.3 5.8 -1.1
v -5.3 6 -1.1
v -5.3 6.1 -1.1
v -5.2 5.7 -1.1
v -5.2 5.8 -1.1
v -5.2 5.9 -1.1
v -5.2 6 -1.1
v -5.2 6.1 -1.1
v -5.2 6.2 -1.1
v -5.1 6.1 -1.1
v -5.1 6.2 -1.1
v -5.1 6.3 -1.1
v -5 6.1 -1.1
v -4.9 6.1 -1.1
v -4.9 6.2 -1.1
v -4.9 6.3 -1.1
v -4.8 5.7 -1.1
v -4.8 5.8 -1.1
v -4.8 5.9 -1.1
v -4.8 6 -1.1
v -4.8 6.1 -1.1
v -4.8 6.2 -1.1
v -4.7 5.7 -1.1
v -4.7 5.8 -1.1
v -4.7 6 -1.1
v -4.7 6.1 -1.1
v -4.6 5.7 -1.1
v -4.6 5.8 -1.1
v -4.6 5.9 -1.1
v -4.6 6 -1.1
v -4.5 5.7 -1.1
v -4.5 5.8 -1.1
v -4.5 5.9 -1.1
v -5.5 4.8 0.4
v -5.5 4.9 0.4
v -5.5 5 0.4
v -5.5 5.1 0.4
v -5.5 5.2 0.4
v -5.5 5.3 0.4
v -5.5 5.4 0.4
v -5.5 5.5 0.4
v -5.5 5.6 0.4
v -5.5 5.7 0.4
v -5.5 5.8 0.4
v -5.5 5.9 0.4
v -5.4 4.8 0.4
v -5.4 4.9 0.4
v -5.4 5 0.4
v -5.4 5.1 0.4
v -5.4 5.2 0.4
v -5.4 5.3 0.4
v -5.4 5.4 0.4
v -5.4 5.5 0.4
v -5.4 5.6 0.4
v -5.4 5.7 0.4
v -5.4 5.8 0.4
v -5.4 5.9 0.4
v -5.4 6 0.4
v -5.3 4.9 0.4
v -5.3 5 0.4
v -5.3 5.1 0.4
v -5.3 5.2 0.4
v -5.3 5.3 0.4
v -5.3 5.4 0.4
v -5.3 5.5 0.4
v -5.3 5.6 0.4
v -5.3 5.7 0.4
v -5.3 5.8 0.4
v -5.3 5.9 0.4
v -5.3 6 0.4
v -5.3 6.1 0.4
v -5.2 4.8 0.4
v -5.2 4.9 0.4
v -5.2 5 0.4
v -5.2 5.1 0.4
v -5.2 5.2 0.4
v -5.2 5.3 0.4
v -5.2 5.4 0.4
v -5.2 5.5 0.4
v -5.2 5.6 0.4
v -5.2 5.7 0.4
v -5.2 5.8 0.4
v -5.2 5.9 0.4
v -5.2 6 0.4
v -5.2 6.1 0.4
v -5.2 6.2 0.4
v -5.1 4.9 0.4
v -5.1 5 0.4
v -5.1 5.1 0.4
v -5.1 5.2 0.4
v -5.1 5.3 0.4
v -5.1 5.4 0.4
v -5.1 5.5 0.4
v -5.1 5.6 0.4
v -5.1 5.7 0.4
v -5.1 5.8 0.4
v -5.1 5.9 0.4
v -5.1 6 0.4
v -5.1 6.1 0.4
v -5.1 6.2 0.4
v -5.1 6.3 0.4
v -5 4.8 0.4
v -5 4.9 0.4
v -5 5 0.4
v -5 5.1 0.4
v -5 5.2 0.4
v -5 5.3 0.4
v -5 5.4 0.4
v -5 5.5 0.4
v -5 5.6 0.4
v -5 5.7 0.4
v -5 5.8 0.4
v -5 5.9 0.4
v -5 6 0.4
v -5 6.1 0.4
v -5 6.2 0.4
v -5 6.3 0.4
v -4.9 4.9 0.4
v -4.9 5 0.4
v -4.9 5.1 0.4
v -4.9 5.2 0.4
v -4.9 5.3 0.4
v -4.9 5.4 0.4
v -4.9 5.5 0.4
v -4.9 5.6 0.4
v -4.9 5.7 0.4
v -4.9 5.8 0.4
v -4.9 5.9 0.4
v -4.9 6 0.4
v -4.9 6.1 0.4
v -4.9 6.2 0.4
v -4.9 6.3 0.4
v -4.8 4.8 0.4
v -4.8 4.9 0.4
v -4.8 5 0.4
v -4.8 5.1 0.4
v -4.8 5.2 0.4
v -4.8 5.3 0.4
v -4.8 5.4 0.4
v -4.8 5.5 0.4
v -4.8 5.6 0.4
v -4.8 5.7 0.4
v -4.8 5.8 0.4
v -4.8 5.9 0.4
v -4.8 6 0.4
v -4.8 6.1 0.4
v -4.8 6.2 0.4
v -4.7 4.9 0.4
v -4.7 5 0.4
v -4.7 5.1 0.4
v -4.7 5.2 0.4
v -4.7 5.3 0.4
v -4.7 5.4 0.4
v -4.7 5.5 0.4
v -4.7 5.6 0.4
v -4.7 5.7 0.4
v -4.7 5.8 0.4
v -4.7 5.9 0.4
v -4.7 6 0.4
v -4.7 6.1 0.4
v -4.6 4.8 0.4
v -4.6 4.9 0.4
v -4.6 5 0.4
v -4.6 5.1 0.4
v -4.6 5.2 0.4
v -4.6 5.3 0.4
v -4.6 5.4 0.4
v -4.6 5.5 0.4
v -4.6 5.6 0.4
v -4.6 5.7 0.4
v -4.6 5.8 0.4
v -4.6 5.9 0.4
v -4.6 6 0.4
v -4.5 4.8 0.4
v -4.5 5.7 0.4
v -4.5 5.9 0.4
v -5.6 4.8 0.3
v -5.6 5.7 0.3
v -5.5 4.8 0.3
v -5.5 5.7 0.3
v -4.5 4.8 0.3
v -4.5 5.7 0.3
v -4.4 4.8 0.3
v -4.4 4.9 0.3
v -4.4 5 0.3
v -4.4 5.1 0.3
v -4.4 5.2 0.3
v -4.4 5.3 0.3
v -4.4 5.4 0.3
v -4.4 5.5 0.3
v -4.4 5.7 0.3
v -5.7 4.8 -1
v -5.7 5.6 -1
v -5.6 4.8 -1
v -5.6 4.9 -1
v -5.6 5 -1
v -5.6 5.1 -1
v -5.6 5.2 -1
v -5.6 5.3 -1
v -5.6 5.4 -1
v -5.6 5.5 -1
v -5.6 5.6 -1
v -4.4 4.8 -1
v -4.4 4.9 -1
v -4.4 5 -1
v -4.4 5.1 -1
v -4.4 5.2 -1
v -4.4 5.3 -1
v -4.4 5.4 -1
v -4.4 5.5 -1
v -4.4 5.6 -1
v -4.3 4.8 -1
v -4.3 4.9 -1
v -4.3 5 -1
v -4.3 5.1 -1
v -4.3 5.2 -1
v -4.3 5.3 -1
v -4.3 5.4 -1
v -4.3 5.5 -1
v -4.3 5.6 -1
v -5.5 5.2 -1.1
v -5.5 5.3 -1.1
v -5.5 5.4 -1.1
v -5.5 5.5 -1.1
v -5.4 5.2 -1.1
v -5.4 5.3 -1.1
v -5.4 5.4 -1.1
v -5.4 5.5 -1.1
v -5.3 5.2 -1.1
v -5.3 5.3 -1.1
v -5.3 5.4 -1.1
v -5.3 5.5 -1.1
v -5.2 4.8 -1.1
v -5.2 4.9 -1.1
v -5.2 5 -1.1
v -5.2 5.1 -1.1
v -5.2 5.2 -1.1
v -5.2 5.8 -1.1
v -5.2 5.9 -1.1
v -5.2 6 -1.1
v -5.1 4.8 -1.1
v -5.1 4.9 -1.1
v -5.1 5 -1.1
v -5.1 5.1 -1.1
v -5.1 5.2 -1.1
v -5.1 5.3 -1.1
v -5.1 5.7 -1.1
v -5.1 5.8 -1.1
v -5.1 5.9 -1.1
v -5.1 6 -1.1
v -5.1 6.1 -1.1
v -5 4.8 -1.1
v -5 4.9 -1.1
v -5 5 -1.1
v -5 5.1 -1.1
v -5 5.2 -1.1
v -5 5.3 -1.1
v -5 5.7 -1.1
v -5 5.8 -1.1
v -5 5.9 -1.1
v -5 6 -1.1
v -5 6.1 -1.1
v -4.9 4.8 -1.1
v -4.9 4.9 -1.1
v -4.9 5 -1.1
v -4.9 5.1 -1.1
v -4.9 5.2 -1.1
v -4.9 5.3 -1.1
v -4.9 5.7 -1.1
v -4.9 5.8 -1.1
v -4.9 5.9 -1.1
v -4.9 6 -1.1
v -4.9 6.1 -1.1
v -4.8 4.8 -1.1
v -4.8 4.9 -1.1
v -4.8 5 -1.1
v -4.8 5.1 -1.1
v -4.8 5.2 -1.1
v -4.8 5.8 -1.1
v -4.8 5.9 -1.1
v -4.8 6 -1.1
v -4.7 5.2 -1.1
v -4.7 5.3 -1.1
v -4.7 5.4 -1.1
v -4.7 5.5 -1.1
v -4.6 5.2 -1.1
v -4.6 5.3 -1.1
v -4.6 5.4 -1.1
v -4.6 5.5 -1.1
v -4.5 5.2 -1.1
v -4.5 5.3 -1.1
v -4.5 5.4 -1.1
v -4.5 5.5 -1.1
v -5.6 4.8 -1.2
v -5.6 4.9 -1.2
v -5.6 5.1 -1.2
v -5.6 5.2 -1.2
v -5.6 5.5 -1.2
v -5.6 5.6 -1.2
v -5.6 5.7 -1.2
v -5.5 4.8 -1.2
v -5.5 4.9 -1.2
v -5.5 5 -1.2
v -5.5 5.1 -1.2
v -5.5 5.2 -1.2
v -5.5 5.5 -1.2
v -5.5 5.6 -1.2
v -5.5 5.7 -1.2
v -5.5 5.8 -1.2
v -5.5 5.9 -1.2
v -5.4 4.8 -1.2
v -5.4 4.9 -1.2
v -5.4 5 -1.2
v -5.4 5.1 -1.2
v -5.4 5.6 -1.2
v -5.4 5.7 -1.2
v -5.4 5.8 -1.2
v -5.4 5.9 -1.2
v -5.4 6 -1.2
v -5.3 4.9 -1.2
v -5.3 5.2 -1.2
v -5.3 5.5 -1.2
v -5.3 5.6 -1.2
v -5.3 5.7 -1.2
v -5.3 5.8 -1.2
v -5.3 6 -1.2
v -5.3 6.1 -1.2
v -5.2 4.8 -1.2
v -5.2 5.2 -1.2
v -5.2 5.3 -1.2
v -5.2 5.4 -1.2
v -5.2 5.5 -1.2
v -5.2 5.6 -1.2
v -5.2 5.7 -1.2
v -5.2 5.8 -1.2
v -5.2 6 -1.2
v -5.2 6.1 -1.2
v -5.2 6.2 -1.2
v -5.1 5.2 -1.2
v -5.1 5.3 -1.2
v -5.1 5.4 -1.2
v -5.1 5.5 -1.2
v -5.1 5.6 -1.2
v -5.1 5.7 -1.2
v -5.1 5.8 -1.2
v -5.1 6 -1.2
v -5.1 6.1 -1.2
v -5.1 6.2 -1.2
v -5.1 6.3 -1.2
v -4.9 5.2 -1.2
v -4.9 5.3 -1.2
v -4.9 5.4 -1.2
v -4.9 5.5 -1.2
v -4.9 5.6 -1.2
v -4.9 5.7 -1.2
v -4.9 5.8 -1.2
v -4.9 6 -1.2
v -4.9 6.1 -1.2
v -4.9 6.2 -1.2
v -4.9 6.3 -1.2
v -4.8 4.8 -1.2
v -4.8 5.2 -1.2
v -4.8 5.3 -1.2
v -4.8 5.4 -1.2
v -4.8 5.5 -1.2
v -4.8 5.6 -1.2
v -4.8 5.7 -1.2
v -4.8 5.8 -1.2
v -4.8 6 -1.2
v -4.8 6.1 -1.2
v -4.8 6.2 -1.2
v -4.7 4.9 -1.2
v -4.7 5.1 -1.2
v -4.7 5.2 -1.2
v -4.7 5.3 -1.2
v -4.7 5.4 -1.2
v -4.7 5.5 -1.2
v -4.7 5.6 -1.2
v -4.7 5.7 -1.2
v -4.7 5.8 -1.2
v -4.7 6 -1.2
v -4.7 6.1 -1.2
v -4.6 4.8 -1.2
v -4.6 4.9 -1.2
v -4.6 5 -1.2
v -4.6 5.1 -1.2
v -4.6 5.2 -1.2
v -4.6 5.6 -1.2
v -4.6 5.7 -1.2
v -4.6 5.8 -1.2
v -4.6 5.9 -1.2
v -4.6 6 -1.2
v -4.5 4.8 -1.2
v -4.5 4.9 -1.2
v -4.5 5 -1.2
v -4.5 5.1 -1.2
v -4.5 5.2 -1.2
v -4.5 5.3 -1.2
v -4.5 5.4 -1.2
v -4.5 5.5 -1.2
v -4.5 5.6 -1.2
v -4.5 5.7 -1.2
v -4.5 5.8 -1.2
v -4.5 5.9 -1.2
v -4.4 4.8 -1.2
v -4.4 4.9 -1.2
v -4.4 5.1 -1.2
v -4.4 5.2 -1.2
v -4.4 5.3 -1.2
v -4.4 5.4 -1.2
v -4.4 5.5 -1.2
v -4.4 5.6 -1.2
v -4.4 5.7 -1.2
v -5.8 5.6 -1.3
v -5.8 5.7 -1.3
v -5.7 5.7 -1.3
v -5.7 5.8 -1.3
v -5.6 5.6 -1.3
v -5.6 5.7 -1.3
v -5.6 5.8 -1.3
v -5.6 5.9 -1.3
v -5.5 5.7 -1.3
v -5.5 5.8 -1.3
v -5.5 5.9 -1.3
v -5.5 6 -1.3
v -5.4 5.9 -1.3
v -5.4 6 -1.3
v -5.4 6.1 -1.3
v -5.3 6 -1.3
v -5.3 6.1 -1.3
v -5.3 6.2 -1.3
v -5.2 6.1 -1.3
v -5.2 6.2 -1.3
v -5.2 6.3 -1.3
v -5.1 6.2 -1.3
v -5.1 6.3 -1.3
v -5.1 6.4 -1.3
v -4.9 6.2 -1.3
v -4.9 6.3 -1.3
v -4.9 6.4 -1.3
v -4.8 6.1 -1.3
v -4.8 6.2 -1.3
v -4.8 6.3 -1.3
v -4.7 6 -1.3
v -4.7 6.1 -1.3
v -4.7 6.2 -1.3
v -4.6 5.9 -1.3
v -4.6 6 -1.3
v -4.6 6.1 -1.3
v -4.5 5.7 -1.3
v -4.5 5.9 -1.3
v -4.5 6 -1.3
v -4.4 5.6 -1.3
v -4.4 5.7 -1.3
v -4.4 5.8 -1.3
v -4.4 5.9 -1.3
v -4.3 5.6 -1.3
v -4.3 5.7 -1.3
v -4.3 5.8 -1.3
v -4.2 5.6 -1.3
v -4.2 5.7 -1.3
v -5.6 4.8 0.5
v -5.4 4.8 0.5
v -5.2 4.8 0.5
v -5 4.8 0.5
v -4.8 4.8 0.5
v -4.6 4.8 0.5
v -4.4 4.8 0.5
v -5.7 4.8 0.4
v -5.6 4.8 0.4
v -5.5 4.8 0.4
v -5.4 4.8 0.4
v -5.2 4.8 0.4
v -5 4.8 0.4
v -4.8 4.8 0.4
v -4.6 4.8 0.4
v -4.5 4.8 0.4
v -4.4 4.8 0.4
v -4.3 4.8 0.4
v -5.6 4.8 0.3
v -5.5 4.8 0.3
v -4.5 4.8 0.3
v -4.4 4.8 0.3
v -5.7 4.8 0.2
v -5.6 4.8 0.2
v -4.4 4.8 0.2
v -4.3 4.8 0.2
v -5.7 4.8 5.96046e-08
v -5.6 4.8 5.96046e-08
v -4.4 4.8 5.96046e-08
v -4.3 4.8 5.96046e-08
v -5.7 4.8 -0.2
v -5.6 4.8 -0.2
v -4.4 4.8 -0.2
v -4.3 4.8 -0.2
v -5.7 4.8 -0.4
v -5.6 4.8 -0.4
v -4.4 4.8 -0.4
v -4.3 4.8 -0.4
v -5.7 4.8 -0.6
v -5.6 4.8 -0.6
v -4.4 4.8 -0.6
v -4.3 4.8 -0.6
v -5.7 4.8 -0.8
v -5.6 4.8 -0.8
v -4.4 4.8 -0.8
v -4.3 4.8 -0.8
v -5.6 4.8 -0.9
v -5.5 4.8 -0.9
v -4.5 4.8 -0.9
v -4.4 4.8 -0.9
v -5.7 4.8 -1
v -5.6 4.8 -1
v -5.5 4.8 -1
v -5.2 4.8 -1
v -5.1 4.8 -1
v -5 4.8 -1
v -4.9 4.8 -1
v -4.5 4.8 -1
v -4.4 4.8 -1
v -4.3 4.8 -1
v -5.4 4.8 -1.1
v -5.2 4.8 -1.1
v -5.1 4.8 -1.1
v -5 4.8 -1.1
v -4.9 4.8 -1.1
v -4.8 4.8 -1.1
v -4.6 4.8 -1.1
v -4.5 4.8 -1.1
v -4.4 4.8 -1.1
v -5.6 4.8 -1.2
v -5.5 4.8 -1.2
v -5.4 4.8 -1.2
v -5.2 4.8 -1.2
v -4.8 4.8 -1.2
v -4.6 4.8 -1.2
v -4.5 4.8 -1.2
v -4.4 4.8 -1.2
v -5.2 5.2 -1.1
v -5.1 5.2 -1.1
v -4.9 5.2 -1.1
v -4.8 5.2 -1.1
v -5.2 5.2 -1.2
v -5.1 5.2 -1.2
v -4.9 5.2 -1.2
v -4.8 5.2 -1.2
v -5.1 5.3 -1.1
v -5 5.3 -1.1
v -4.9 5.3 -1.1
v -5.1 5.3 -1.2
v -4.9 5.3 -1.2
v -5.5 5.5 -1.1
v -5.4 5.5 -1.1
v -5.3 5.5 -1.1
v -4.7 5.5 -1.1
v -4.6 5.5 -1.1
v -4.5 5.5 -1.1
v -5.5 5.5 -1.2
v -5.3 5.5 -1.2
v -4.7 5.5 -1.2
v -4.5 5.5 -1.2
v -5.8 5.6 0.6
v -5.6 5.6 0.6
v -4.4 5.6 0.6
v -4.2 5.6 0.6
v -5.6 5.6 0.5
v -4.4 5.6 0.5
v -4.3 5.6 0.5
v -4.2 5.6 0.5
v -5.7 5.6 0.4
v -5.6 5.6 0.4
v -4.4 5.6 0.4
v -4.3 5.6 0.4
v -5.7 5.6 0.3
v -4.3 5.6 0.3
v -4.2 5.6 0.3
v -5.8 5.6 0.2
v -5.7 5.6 0.2
v -5.7 5.6 0.1
v -4.3 5.6 0.1
v -4.2 5.6 0.1
v -5.8 5.6 5.96046e-08
v -5.7 5.6 5.96046e-08
v -5.7 5.6 -0.1
v -4.3 5.6 -0.1
v -4.2 5.6 -0.1
v -5.8 5.6 -0.2
v -5.7 5.6 -0.2
v -5.7 5.6 -0.3
v -4.3 5.6 -0.3
v -4.2 5.6 -0.3
v -5.8 5.6 -0.4
v -5.7 5.6 -0.4
v -5.7 5.6 -0.5
v -4.3 5.6 -0.5
v -4.2 5.6 -0.5
v -5.8 5.6 -0.6
v -5.7 5.6 -0.6
v -5.7 5.6 -0.7
v -4.3 5.6 -0.7
v -4.2 5.6 -0.7
v -5.8 5.6 -0.8
v -5.7 5.6 -0.8
v -5.7 5.6 -0.9
v -4.3 5.6 -0.9
v -4.2 5.6 -0.9
v -5.8 5.6 -1
v -5.7 5.6 -1
v -5.6 5.6 -1
v -4.4 5.6 -1
v -4.3 5.6 -1
v -5.6 5.6 -1.1
v -4.4 5.6 -1.1
v -4.3 5.6 -1.1
v -4.2 5.6 -1.1
v -5.8 5.6 -1.2
v -5.7 5.6 -1.2
v -5.6 5.6 -1.2
v -4.4 5.6 -1.2
v -5.8 5.6 -1.3
v -5.6 5.6 -1.3
v -4.4 5.6 -1.3
v -4.3 5.6 -1.3
v -4.2 5.6 -1.3
v -5.6 5.7 0.6
v -5.5 5.7 0.6
v -4.5 5.7 0.6
v -4.4 5.7 0.6
v -5.6 5.7 0.5
v -5.5 5.7 0.5
v -4.5 5.7 0.5
v -4.4 5.7 0.5
v -5.6 5.7 0.3
v -5.5 5.7 0.3
v -4.5 5.7 0.3
v -4.4 5.7 0.3
v -5.6 5.7 -0.9
v -5.5 5.7 -0.9
v -4.5 5.7 -0.9
v -4.4 5.7 -0.9
v -5.6 5.7 -1.2
v -5.5 5.7 -1.2
v -4.5 5.7 -1.2
v -4.4 5.7 -1.2
v -5.6 5.7 -1.3
v -5.5 5.7 -1.3
v -4.5 5.7 -1.3
v -4.4 5.7 -1.3
v -5.5 5.9 0.6
v -5.4 5.9 0.6
v -4.6 5.9 0.6
v -4.5 5.9 0.6
v -5.5 5.9 0.5
v -5.4 5.9 0.5
v -4.6 5.9 0.5
v -4.5 5.9 0.5
v -5.5 5.9 0.4
v -5.4 5.9 0.4
v -4.6 5.9 0.4
v -4.5 5.9 0.4
v -5.5 5.9 0.3
v -5.4 5.9 0.3
v -4.5 5.9 0.3
v -5.5 5.9 0.2
v -4.6 5.9 0.2
v -4.5 5.9 0.2
v -5.5 5.9 0.1
v -5.4 5.9 0.1
v -4.5 5.9 0.1
v -5.5 5.9 5.96046e-08
v -4.6 5.9 5.96046e-08
v -4.5 5.9 5.96046e-08
v -5.5 5.9 -0.1
v -5.4 5.9 -0.1
v -4.5 5.9 -0.1
v -5.5 5.9 -0.2
v -4.6 5.9 -0.2
v -4.5 5.9 -0.2
v -5.5 5.9 -0.3
v -5.4 5.9 -0.3
v -4.5 5.9 -0.3
v -5.5 5.9 -0.4
v -4.6 5.9 -0.4
v -4.5 5.9 -0.4
v -5.5 5.9 -0.5
v -5.4 5.9 -0.5
v -4.5 5.9 -0.5
v -5.5 5.9 -0.6
v -4.6 5.9 -0.6
v -4.5 5.9 -0.6
v -5.5 5.9 -0.7
v -5.4 5.9 -0.7
v -4.5 5.9 -0.7
v -5.5 5.9 -0.8
v -4.6 5.9 -0.8
v -4.5 5.9 -0.8
v -5.5 5.9 -0.9
v -5.4 5.9 -0.9
v -4.5 5.9 -0.9
v -5.5 5.9 -1
v -4.6 5.9 -1
v -4.5 5.9 -1
v -5.5 5.9 -1.1
v -5.4 5.9 -1.1
v -4.6 5.9 -1.1
v -4.5 5.9 -1.1
v -5.5 5.9 -1.2
v -5.4 5.9 -1.2
v -4.6 5.9 -1.2
v -4.5 5.9 -1.2
v -5.5 5.9 -1.3
v -5.4 5.9 -1.3
v -4.6 5.9 -1.3
v -4.5 5.9 -1.3
v -5.4 6 0.6
v -5.3 6 0.6
v -4.7 6 0.6
v -4.6 6 0.6
v -5.4 6 0.5
v -5.3 6 0.5
v -4.7 6 0.5
v -4.6 6 0.5
v -5.4 6 0.4
v -5.3 6 0.4
v -4.7 6 0.4
v -4.6 6 0.4
v -5.4 6 0.3
v -4.7 6 0.3
v -4.6 6 0.3
v -5.4 6 0.2
v -5.3 6 0.2
v -4.6 6 0.2
v -5.4 6 0.1
v -4.7 6 0.1
v -4.6 6 0.1
v -5.4 6 5.96046e-08
v -5.3 6 5.96046e-08
v -4.6 6 5.96046e-08
v -5.4 6 -0.1
v -4.7 6 -0.1
v -4.6 6 -0.1
v -5.4 6 -0.2
v -5.3 6 -0.2
v -4.6 6 -0.2
v -5.4 6 -0.3
v -4.7 6 -0.3
v -4.6 6 -0.3
v -5.4 6 -0.4
v -5.3 6 -0.4
v -4.6 6 -0.4
v -5.4 6 -0.5
v -4.7 6 -0.5
v -4.6 6 -0.5
v -5.4 6 -0.6
v -5.3 6 -0.6
v -4.6 6 -0.6
v -5.4 6 -0.7
v -4.7 6 -0.7
v -4.6 6 -0.7
v -5.4 6 -0.8
v -5.3 6 -0.8
v -4.6 6 -0.8
v -5.4 6 -0.9
v -4.7 6 -0.9
v -4.6 6 -0.9
v -5.4 6 -1
v -5.3 6 -1
v -4.6 6 -1
v -5.4 6 -1.1
v -5.3 6 -1.1
v -5.2 6 -1.1
v -5.1 6 -1.1
v -4.9 6 -1.1
v -4.8 6 -1.1
v -4.7 6 -1.1
v -4.6 6 -1.1
v -5.4 6 -1.2
v -5.3 6 -1.2
v -5.2 6 -1.2
v -5.1 6 -1.2
v -4.9 6 -1.2
v -4.8 6 -1.2
v -4.7 6 -1.2
v -4.6 6 -1.2
v -5.4 6 -1.3
v -5.3 6 -1.3
v -4.7 6 -1.3
v -4.6 6 -1.3
v -5.3 6.1 0.6
v -5.2 6.1 0.6
v -4.8 6.1 0.6
v -4.7 6.1 0.6
v -5.3 6.1 0.5
v -5.2 6.1 0.5
v -4.8 6.1 0.5
v -4.7 6.1 0.5
v -5.3 6.1 0.4
v -5.2 6.1 0.4
v -4.8 6.1 0.4
v -4.7 6.1 0.4
v -5.3 6.1 0.3
v -5.2 6.1 0.3
v -4.7 6.1 0.3
v -5.3 6.1 0.2
v -4.8 6.1 0.2
v -4.7 6.1 0.2
v -5.3 6.1 0.1
v -5.2 6.1 0.1
v -4.7 6.1 0.1
v -5.3 6.1 5.96046e-08
v -4.8 6.1 5.96046e-08
v -4.7 6.1 5.96046e-08
v -5.3 6.1 -0.1
v -5.2 6.1 -0.1
v -4.7 6.1 -0.1
v -5.3 6.1 -0.2
v -4.8 6.1 -0.2
v -4.7 6.1 -0.2
v -5.3 6.1 -0.3
v -5.2 6.1 -0.3
v -4.7 6.1 -0.3
v -5.3 6.1 -0.4
v -4.8 6.1 -0.4
v -4.7 6.1 -0.4
v -5.3 6.1 -0.5
v -5.2 6.1 -0.5
v -4.7 6.1 -0.5
v -5.3 6.1 -0.6
v -4.8 6.1 -0.6
v -4.7 6.1 -0.6
v -5.3 6.1 -0.7
v -5.2 6.1 -0.7
v -4.7 6.1 -0.7
v -5.3 6.1 -0.8
v -4.8 6.1 -0.8
v -4.7 6.1 -0.8
v -5.3 6.1 -0.9
v -5.2 6.1 -0.9
v -4.7 6.1 -0.9
v -5.3 6.1 -1
v -5.2 6.1 -1
v -4.8 6.1 -1
v -4.7 6.1 -1
v -5.3 6.1 -1.1
v -5.2 6.1 -1.1
v -5.1 6.1 -1.1
v -5 6.1 -1.1
v -4.9 6.1 -1.1
v -4.8 6.1 -1.1
v -4.7 6.1 -1.1
v -5.3 6.1 -1.2
v -5.2 6.1 -1.2
v -5.1 6.1 -1.2
v -4.9 6.1 -1.2
v -4.8 6.1 -1.2
v -4.7 6.1 -1.2
v -5.3 6.1 -1.3
v -5.2 6.1 -1.3
v -4.8 6.1 -1.3
v -4.7 6.1 -1.3
v -5.2 6.2 0.6
v -5.1 6.2 0.6
v -4.9 6.2 0.6
v -4.8 6.2 0.6
v -5.2 6.2 0.5
v -5.1 6.2 0.5
v -4.9 6.2 0.5
v -4.8 6.2 0.5
v -5.2 6.2 0.4
v -5.1 6.2 0.4
v -4.9 6.2 0.4
v -4.8 6.2 0.4
v -5.2 6.2 0.3
v -4.9 6.2 0.3
v -4.8 6.2 0.3
v -5.2 6.2 0.2
v -5.1 6.2 0.2
v -4.8 6.2 0.2
v -5.2 6.2 0.1
v -4.9 6.2 0.1
v -4.8 6.2 0.1
v -5.2 6.2 5.96046e-08
v -5.1 6.2 5.96046e-08
v -4.8 6.2 5.96046e-08
v -5.2 6.2 -0.1
v -4.9 6.2 -0.1
v -4.8 6.2 -0.1
v -5.2 6.2 -0.2
v -5.1 6.2 -0.2
v -4.8 6.2 -0.2
v -5.2 6.2 -0.3
v -4.9 6.2 -0.3
v -4.8 6.2 -0.3
v -5.2 6.2 -0.4
v -5.1 6.2 -0.4
v -4.8 6.2 -0.4
v -5.2 6.2 -0.5
v -4.9 6.2 -0.5
v -4.8 6.2 -0.5
v -5.2 6.2 -0.6
v -5.1 6.2 -0.6
v -4.8 6.2 -0.6
v -5.2 6.2 -0.7
v -4.9 6.2 -0.7
v -4.8 6.2 -0.7
v -5.2 6.2 -0.8
v -5.1 6.2 -0.8
v -4.8 6.2 -0.8
v -5.2 6.2 -0.9
v -4.9 6.2 -0.9
v -4.8 6.2 -0.9
v -5.2 6.2 -1
v -5.1 6.2 -1
v -4.8 6.2 -1
v -5.2 6.2 -1.1
v -5.1 6.2 -1.1
v -4.9 6.2 -1.1
v -4.8 6.2 -1.1
v -5.2 6.2 -1.2
v -5.1 6.2 -1.2
v -4.9 6.2 -1.2
v -4.8 6.2 -1.2
v -5.2 6.2 -1.3
v -5.1 6.2 -1.3
v -4.9 6.2 -1.3
v -4.8 6.2 -1.3
v -5.1 6.3 0.6
v -4.9 6.3 0.6
v -5.1 6.3 0.5
v -5 6.3 0.5
v -4.9 6.3 0.5
v -5.1 6.3 0.4
v -5 6.3 0.4
v -4.9 6.3 0.4
v -5.1 6.3 0.3
v -5 6.3 0.3
v -4.9 6.3 0.3
v -5.1 6.3 0.2
v -5 6.3 0.2
v -4.9 6.3 0.2
v -5.1 6.3 0.1
v -5 6.3 0.1
v -4.9 6.3 0.1
v -5.1 6.3 5.96046e-08
v -5 6.3 5.96046e-08
v -4.9 6.3 5.96046e-08
v -5.1 6.3 -0.1
v -5 6.3 -0.1
v -4.9 6.3 -0.1
v -5.1 6.3 -0.2
v -5 6.3 -0.2
v -4.9 6.3 -0.2
v -5.1 6.3 -0.3
v -5 6.3 -0.3
v -4.9 6.3 -0.3
v -5.1 6.3 -0.4
v -5 6.3 -0.4
v -4.9 6.3 -0.4
v -5.1 6.3 -0.5
v -5 6.3 -0.5
v -4.9 6.3 -0.5
v -5.1 6.3 -0.6
v -5 6.3 -0.6
v -4.9 6.3 -0.6
v -5.1 6.3 -0.7
v -5 6.3 -0.7
v -4.9 6.3 -0.7
v -5.1 6.3 -0.8
v -5 6.3 -0.8
v -4.9 6.3 -0.8
v -5.1 6.3 -0.9
v -5 6.3 -0.9
v -4.9 6.3 -0.9
v -5.1 6.3 -1
v -5 6.3 -1
v -4.9 6.3 -1
v -5.1 6.3 -1.1
v -4.9 6.3 -1.1
v -5.1 6.3 -1.2
v -4.9 6.3 -1.2
v -5.1 6.3 -1.3
v -4.9 6.3 -1.3
v -5.5 5.2 -1.1
v -5.4 5.2 -1.1
v -5.3 5.2 -1.1
v -4.7 5.2 -1.1
v -4.6 5.2 -1.1
v -4.5 5.2 -1.1
v -5.5 5.2 -1.2
v -5.3 5.2 -1.2
v -4.7 5.2 -1.2
v -4.6 5.2 -1.2
v -4.5 5.2 -1.2
v -5.8 5.7 0.6
v -5.7 5.7 0.6
v -4.3 5.7 0.6
v -4.2 5.7 0.6
v -4.3 5.7 0.5
v -4.2 5.7 0.5
v -4.3 5.7 0.4
v -5.7 5.7 0.3
v -4.3 5.7 0.3
v -4.2 5.7 0.3
v -5.8 5.7 0.2
v -5.7 5.7 0.2
v -4.3 5.7 0.2
v -5.7 5.7 0.1
v -4.3 5.7 0.1
v -4.2 5.7 0.1
v -5.8 5.7 5.96046e-08
v -5.7 5.7 5.96046e-08
v -4.3 5.7 5.96046e-08
v -5.7 5.7 -0.1
v -4.3 5.7 -0.1
v -4.2 5.7 -0.1
v -5.8 5.7 -0.2
v -5.7 5.7 -0.2
v -4.3 5.7 -0.2
v -5.7 5.7 -0.3
v -4.3 5.7 -0.3
v -4.2 5.7 -0.3
v -5.8 5.7 -0.4
v -5.7 5.7 -0.4
v -4.3 5.7 -0.4
v -5.7 5.7 -0.5
v -4.3 5.7 -0.5
v -4.2 5.7 -0.5
v -5.8 5.7 -0.6
v -5.7 5.7 -0.6
v -4.3 5.7 -0.6
v -5.7 5.7 -0.7
v -4.3 5.7 -0.7
v -4.2 5.7 -0.7
v -5.8 5.7 -0.8
v -5.7 5.7 -0.8
v -4.3 5.7 -0.8
v -5.7 5.7 -0.9
v -4.3 5.7 -0.9
v -4.2 5.7 -0.9
v -5.8 5.7 -1
v -5.7 5.7 -1
v -5.5 5.7 -1
v -5.2 5.7 -1
v -4.8 5.7 -1
v -4.5 5.7 -1
v -4.3 5.7 -1
v -5.7 5.7 -1.1
v -5.5 5.7 -1.1
v -5.2 5.7 -1.1
v -5.1 5.7 -1.1
v -5 5.7 -1.1
v -4.9 5.7 -1.1
v -4.8 5.7 -1.1
v -4.7 5.7 -1.1
v -4.6 5.7 -1.1
v -4.5 5.7 -1.1
v -4.3 5.7 -1.1
v -4.2 5.7 -1.1
v -5.8 5.7 -1.2
v -5.7 5.7 -1.2
v -5.1 5.7 -1.2
v -4.9 5.7 -1.2
v -4.3 5.7 -1.2
v -5.8 5.7 -1.3
v -5.7 5.7 -1.3
v -4.3 5.7 -1.3
v -4.2 5.7 -1.3
v -5.7 5.8 0.6
v -5.6 5.8 0.6
v -4.4 5.8 0.6
v -4.3 5.8 0.6
v -4.4 5.8 0.5
v -5.6 5.8 0.4
v -4.4 5.8 0.4
v -4.3 5.8 0.4
v -5.7 5.8 0.3
v -5.6 5.8 0.3
v -4.4 5.8 0.3
v -5.6 5.8 0.2
v -4.4 5.8 0.2
v -4.3 5.8 0.2
v -5.7 5.8 0.1
v -5.6 5.8 0.1
v -4.4 5.8 0.1
v -5.6 5.8 5.96046e-08
v -4.4 5.8 5.96046e-08
v -4.3 5.8 5.96046e-08
v -5.7 5.8 -0.1
v -5.6 5.8 -0.1
v -4.4 5.8 -0.1
v -5.6 5.8 -0.2
v -4.4 5.8 -0.2
v -4.3 5.8 -0.2
v -5.7 5.8 -0.3
v -5.6 5.8 -0.3
v -4.4 5.8 -0.3
v -5.6 5.8 -0.4
v -4.4 5.8 -0.4
v -4.3 5.8 -0.4
v -5.7 5.8 -0.5
v -5.6 5.8 -0.5
v -4.4 5.8 -0.5
v -5.6 5.8 -0.6
v -4.4 5.8 -0.6
v -4.3 5.8 -0.6
v -5.7 5.8 -0.7
v -5.6 5.8 -0.7
v -4.4 5.8 -0.7
v -5.6 5.8 -0.8
v -4.4 5.8 -0.8
v -4.3 5.8 -0.8
v -5.7 5.8 -0.9
v -5.6 5.8 -0.9
v -4.4 5.8 -0.9
v -5.6 5.8 -1
v -4.4 5.8 -1
v -4.3 5.8 -1
v -5.7 5.8 -1.1
v -5.6 5.8 -1.1
v -5.2 5.8 -1.1
v -5.1 5.8 -1.1
v -4.9 5.8 -1.1
v -4.8 5.8 -1.1
v -4.4 5.8 -1.1
v -5.6 5.8 -1.2
v -5.2 5.8 -1.2
v -5.1 5.8 -1.2
v -4.9 5.8 -1.2
v -4.8 5.8 -1.2
v -4.4 5.8 -1.2
v -4.3 5.8 -1.2
v -5.7 5.8 -1.3
v -5.6 5.8 -1.3
v -4.4 5.8 -1.3
v -4.3 5.8 -1.3
v -5.6 5.9 0.6
v -5.5 5.9 0.6
v -4.5 5.9 0.6
v -4.4 5.9 0.6
v -5.5 5.9 0.5
v -4.5 5.9 0.5
v -4.4 5.9 0.5
v -5.6 5.9 0.4
v -5.5 5.9 0.4
v -4.5 5.9 0.4
v -5.5 5.9 0.3
v -4.5 5.9 0.3
v -4.4 5.9 0.3
v -5.6 5.9 0.2
v -5.5 5.9 0.2
v -4.5 5.9 0.2
v -5.5 5.9 0.1
v -4.5 5.9 0.1
v -4.4 5.9 0.1
v -5.6 5.9 5.96046e-08
v -5.5 5.9 5.96046e-08
v -4.5 5.9 5.96046e-08
v -5.5 5.9 -0.1
v -4.5 5.9 -0.1
v -4.4 5.9 -0.1
v -5.6 5.9 -0.2
v -5.5 5.9 -0.2
v -4.5 5.9 -0.2
v -5.5 5.9 -0.3
v -4.5 5.9 -0.3
v -4.4 5.9 -0.3
v -5.6 5.9 -0.4
v -5.5 5.9 -0.4
v -4.5 5.9 -0.4
v -5.5 5.9 -0.5
v -4.5 5.9 -0.5
v -4.4 5.9 -0.5
v -5.6 5.9 -0.6
v -5.5 5.9 -0.6
v -4.5 5.9 -0.6
v -5.5 5.9 -0.7
v -4.5 5.9 -0.7
v -4.4 5.9 -0.7
v -5.6 5.9 -0.8
v -5.5 5.9 -0.8
v -4.5 5.9 -0.8
v -5.5 5.9 -0.9
v -4.5 5.9 -0.9
v -4.4 5.9 -0.9
v -5.6 5.9 -1
v -5.5 5.9 -1
v -4.5 5.9 -1
v -5.5 5.9 -1.1
v -4.5 5.9 -1.1
v -4.4 5.9 -1.1
v -5.6 5.9 -1.2
v -5.5 5.9 -1.2
v -4.5 5.9 -1.2
v -5.6 5.9 -1.3
v -5.5 5.9 -1.3
v -4.5 5.9 -1.3
v -4.4 5.9 -1.3
v -5.5 6 0.6
v -5.4 6 0.6
v -4.6 6 0.6
v -4.5 6 0.6
v -5.5 6 0.5
v -5.4 6 0.5
v -4.6 6 0.5
v -5.4 6 0.4
v -4.6 6 0.4
v -4.5 6 0.4
v -5.5 6 0.3
v -5.4 6 0.3
v -4.6 6 0.3
v -5.4 6 0.2
v -4.6 6 0.2
v -4.5 6 0.2
v -5.5 6 0.1
v -5.4 6 0.1
v -4.6 6 0.1
v -5.4 6 5.96046e-08
v -4.6 6 5.96046e-08
v -4.5 6 5.96046e-08
v -5.5 6 -0.1
v -5.4 6 -0.1
v -4.6 6 -0.1
v -5.4 6 -0.2
v -4.6 6 -0.2
v -4.5 6 -0.2
v -5.5 6 -0.3
v -5.4 6 -0.3
v -4.6 6 -0.3
v -5.4 6 -0.4
v -4.6 6 -0.4
v -4.5 6 -0.4
v -5.5 6 -0.5
v -5.4 6 -0.5
v -4.6 6 -0.5
v -5.4 6 -0.6
v -4.6 6 -0.6
v -4.5 6 -0.6
v -5.5 6 -0.7
v -5.4 6 -0.7
v -4.6 6 -0.7
v -5.4 6 -0.8
v -4.6 6 -0.8
v -4.5 6 -0.8
v -5.5 6 -0.9
v -5.4 6 -0.9
v -4.6 6 -0.9
v -5.4 6 -1
v -4.6 6 -1
v -4.5 6 -1
v -5.5 6 -1.1
v -5.4 6 -1.1
v -4.6 6 -1.1
v -5.4 6 -1.2
v -4.6 6 -1.2
v -4.5 6 -1.2
v -5.5 6 -1.3
v -5.4 6 -1.3
v -4.6 6 -1.3
v -4.5 6 -1.3
v -5.4 6.1 0.6
v -5.3 6.1 0.6
v -4.7 6.1 0.6
v -4.6 6.1 0.6
v -5.3 6.1 0.5
v -4.7 6.1 0.5
v -4.6 6.1 0.5
v -5.4 6.1 0.4
v -5.3 6.1 0.4
v -4.7 6.1 0.4
v -5.3 6.1 0.3
v -4.7 6.1 0.3
v -4.6 6.1 0.3
v -5.4 6.1 0.2
v -5.3 6.1 0.2
v -4.7 6.1 0.2
v -5.3 6.1 0.1
v -4.7 6.1 0.1
v -4.6 6.1 0.1
v -5.4 6.1 5.96046e-08
v -5.3 6.1 5.96046e-08
v -4.7 6.1 5.96046e-08
v -5.3 6.1 -0.1
v -4.7 6.1 -0.1
v -4.6 6.1 -0.1
v -5.4 6.1 -0.2
v -5.3 6.1 -0.2
v -4.7 6.1 -0.2
v -5.3 6.1 -0.3
v -4.7 6.1 -0.3
v -4.6 6.1 -0.3
v -5.4 6.1 -0.4
v -5.3 6.1 -0.4
v -4.7 6.1 -0.4
v -5.3 6.1 -0.5
v -4.7 6.1 -0.5
v -4.6 6.1 -0.5
v -5.4 6.1 -0.6
v -5.3 6.1 -0.6
v -4.7 6.1 -0.6
v -5.3 6.1 -0.7
v -4.7 6.1 -0.7
v -4.6 6.1 -0.7
v -5.4 6.1 -0.8
v -5.3 6.1 -0.8
v -4.7 6.1 -0.8
v -5.3 6.1 -0.9
v -4.7 6.1 -0.9
v -4.6 6.1 -0.9
v -5.4 6.1 -1
v -5.3 6.1 -1
v -5.2 6.1 -1
v -5.1 6.1 -1
v -5 6.1 -1
v -4.9 6.1 -1
v -4.8 6.1 -1
v -4.7 6.1 -1
v -5.3 6.1 -1.1
v -5.2 6.1 -1.1
v -5.1 6.1 -1.1
v -5 6.1 -1.1
v -4.9 6.1 -1.1
v -4.8 6.1 -1.1
v -4.7 6.1 -1.1
v -4.6 6.1 -1.1
v -5.4 6.1 -1.2
v -5.3 6.1 -1.2
v -4.7 6.1 -1.2
v -5.4 6.1 -1.3
v -5.3 6.1 -1.3
v -4.7 6.1 -1.3
v -4.6 6.1 -1.3
v -5.3 6.2 0.6
v -5.2 6.2 0.6
v -4.8 6.2 0.6
v -4.7 6.2 0.6
v -5.3 6.2 0.5
v -5.2 6.2 0.5
v -4.8 6.2 0.5
v -5.2 6.2 0.4
v -4.8 6.2 0.4
v -4.7 6.2 0.4
v -5.3 6.2 0.3
v -5.2 6.2 0.3
v -4.8 6.2 0.3
v -5.2 6.2 0.2
v -4.8 6.2 0.2
v -4.7 6.2 0.2
v -5.3 6.2 0.1
v -5.2 6.2 0.1
v -4.8 6.2 0.1
v -5.2 6.2 5.96046e-08
v -4.8 6.2 5.96046e-08
v -4.7 6.2 5.96046e-08
v -5.3 6.2 -0.1
v -5.2 6.2 -0.1
v -4.8 6.2 -0.1
v -5.2 6.2 -0.2
v -4.8 6.2 -0.2
v -4.7 6.2 -0.2
v -5.3 6.2 -0.3
v -5.2 6.2 -0.3
v -4.8 6.2 -0.3
v -5.2 6.2 -0.4
v -4.8 6.2 -0.4
v -4.7 6.2 -0.4
v -5.3 6.2 -0.5
v -5.2 6.2 -0.5
v -4.8 6.2 -0.5
v -5.2 6.2 -0.6
v -4.8 6.2 -0.6
v -4.7 6.2 -0.6
v -5.3 6.2 -0.7
v -5.2 6.2 -0.7
v -4.8 6.2 -0.7
v -5.2 6.2 -0.8
v -4.8 6.2 -0.8
v -4.7 6.2 -0.8
v -5.3 6.2 -0.9
v -5.2 6.2 -0.9
v -4.8 6.2 -0.9
v -5.2 6.2 -1
v -4.8 6.2 -1
v -4.7 6.2 -1
v -5.3 6.2 -1.1
v -5.2 6.2 -1.1
v -4.8 6.2 -1.1
v -5.2 6.2 -1.2
v -4.8 6.2 -1.2
v -4.7 6.2 -1.2
v -5.3 6.2 -1.3
v -5.2 6.2 -1.3
v -4.8 6.2 -1.3
v -4.7 6.2 -1.3
v -5.2 6.3 0.6
v -5.1 6.3 0.6
v -4.9 6.3 0.6
v -4.8 6.3 0.6
v -5.1 6.3 0.5
v -4.9 6.3 0.5
v -4.8 6.3 0.5
v -5.2 6.3 0.4
v -5.1 6.3 0.4
v -4.9 6.3 0.4
v -5.1 6.3 0.3
v -4.9 6.3 0.3
v -4.8 6.3 0.3
v -5.2 6.3 0.2
v -5.1 6.3 0.2
v -4.9 6.3 0.2
v -5.1 6.3 0.1
v -4.9 6.3 0.1
v -4.8 6.3 0.1
v -5.2 6.3 5.96046e-08
v -5.1 6.3 5.96046e-08
v -4.9 6.3 5.96046e-08
v -5.1 6.3 -0.1
v -4.9 6.3 -0.1
v -4.8 6.3 -0.1
v -5.2 6.3 -0.2
v -5.1 6.3 -0.2
v -4.9 6.3 -0.2
v -5.1 6.3 -0.3
v -4.9 6.3 -0.3
v -4.8 6.3 -0.3
v -5.2 6.3 -0.4
v -5.1 6.3 -0.4
v -4.9 6.3 -0.4
v -5.1 6.3 -0.5
v -4.9 6.3 -0.5
v -4.8 6.3 -0.5
v -5.2 6.3 -0.6
v -5.1 6.3 -0.6
v -4.9 6.3 -0.6
v -5.1 6.3 -0.7
v -4.9 6.3 -0.7
v -4.8 6.3 -0.7
v -5.2 6.3 -0.8
v -5.1 6.3 -0.8
v -4.9 6.3 -0.8
v -5.1 6.3 -0.9
v -4.9 6.3 -0.9
v -4.8 6.3 -0.9
v -5.2 6.3 -1
v -5.1 6.3 -1
v -4.9 6.3 -1
v -5.1 6.3 -1.1
v -4.9 6.3 -1.1
v -4.8 6.3 -1.1
v -5.2 6.3 -1.2
v -5.1 6.3 -1.2
v -4.9 6.3 -1.2
v -5.2 6.3 -1.3
v -5.1 6.3 -1.3
v -4.9 6.3 -1.3
v -4.8 6.3 -1.3
v -5.1 6.4 0.6
v -4.9 6.4 0.6
v -5.1 6.4 0.5
v -5 6.4 0.5
v -5 6.4 0.4
v -4.9 6.4 0.4
v -5.1 6.4 0.3
v -5 6.4 0.3
v -5 6.4 0.2
v -4.9 6.4 0.2
v -5.1 6.4 0.1
v -5 6.4 0.1
v -5 6.4 5.96046e-08
v -4.9 6.4 5.96046e-08
v -5.1 6.4 -0.1
v -5 6.4 -0.1
v -5 6.4 -0.2
v -4.9 6.4 -0.2
v -5.1 6.4 -0.3
v -5 6.4 -0.3
v -5 6.4 -0.4
v -4.9 6.4 -0.4
v -5.1 6.4 -0.5
v -5 6.4 -0.5
v -5 6.4 -0.6
v -4.9 6.4 -0.6
v -5.1 6.4 -0.7
v -5 6.4 -0.7
v -5 6.4 -0.8
v -4.9 6.4 -0.8
v -5.1 6.4 -0.9
v -5 6.4 -0.9
v -5 6.4 -1
v -4.9 6.4 -1
v -5.1 6.4 -1.1
v -5 6.4 -1.1
v -5 6.4 -1.2
v -4.9 6.4 -1.2
v -5.1 6.4 -1.3
v -4.9 6.4 -1.3

# faces
f 11/8/1 2/8/1 1/8/1
f 12/9/1 3/9/1 2/9/1
f 12/8/1 2/8/1 11/8/1
f 13/8/1 4/8/1 3/8/1
f 13/9/1 3/9/1 12/9/1
f 14/9/1 5/9/1 4/9/1
f 14/8/1 4/8/1 13/8/1
f 15/8/1 6/8/1 5/8/1
f 15/9/1 5/9/1 14/9/1
f 16/9/1 7/9/1 6/9/1
f 16/8/1 6/8/1 15/8/1
f 17/8/1 8/8/1 7/8/1
f 17/9/1 7/9/1 16/9/1
f 18/9/1 9/9/1 8/9/1
f 18/8/1 8/8/1 17/8/1
f 19/8/1 10/8/1 9/8/1
f 19/9/1 9/9/1 18/9/1
f 20/8/1 10/8/1 19/8/1
f 29/2/1 22/2/1 21/2/1
f 30/2/1 22/2/1 29/2/1
f 31/1/1 23/1/1 22/1/1
f 31/2/1 22/2/1 30/2/1
f 32/1/1 23/1/1 31/1/1
f 33/2/1 24/2/1 23/2/1
f 33/1/1 23/1/1 32/1/1
f 34/2/1 24/2/1 33/2/1
f 35/1/1 25/1/1 24/1/1
f 35/2/1 24/2/1 34/2/1
f 36/1/1 25/1/1 35/1/1
f 37/2/1 26/2/1 25/2/1
f 37/1/1 25/1/1 36/1/1
f 38/2/1 26/2/1 37/2/1
f 39/1/1 27/1/1 26/1/1
f 39/2/1 26/2/1 38/2/1
f 40/1/1 27/1/1 39/1/1
f 41/2/1 28/2/1 27/2/1
f 41/1/1 27/1/1 40/1/1
f 42/2/1 28/2/1 41/2/1
f 43/1/1 30/1/1 29/1/1
f 44/2/1 32/2/1 31/2/1
f 44/1/1 30/1/1 43/1/1
f 44/2/1 31/2/1 30/2/1
f 45/2/1 32/2/1 44/2/1
f 46/1/1 34/1/1 33/1/1
f 46/2/1 32/2/1 45/2/1
f 46/1/1 33/1/1 32/1/1
f 47/1/1 34/1/1 46/1/1
f 48/2/1 36/2/1 35/2/1
f 48/1/1 34/1/1 47/1/1
f 48/2/1 35/2/1 34/2/1
f 49/2/1 36/2/1 48/2/1
f 50/1/1 38/1/1 37/1/1
f 50/2/1 36/2/1 49/2/1
f 50/1/1 37/1/1 36/1/1
f 51/1/1 38/1/1 50/1/1
f 52/2/1 40/2/1 39/2/1
f 52/1/1 38/1/1 51/1/1
f 52/2/1 39/2/1 38/2/1
f 53/2/1 40/2/1 52/2/1
f 54/1/1 42/1/1 41/1/1
f 54/2/1 40/2/1 53/2/1
f 54/1/1 41/1/1 40/1/1
f 55/1/1 42/1/1 54/1/1
f 56/2/1 28/2/1 42/2/1
f 56/1/1 42/1/1 55/1/1
f 57/2/1 45/2/1 44/2/1
f 57/2/1 44/2/1 43/2/1
f 58/2/1 45/2/1 57/2/1
f 59/1/1 47/1/1 46/1/1
f 59/2/1 45/2/1 58/2/1
f 59/1/1 46/1/1 45/1/1
f 60/1/1 47/1/1 59/1/1
f 61/2/1 49/2/1 48/2/1
f 61/1/1 47/1/1 60/1/1
f 61/2/1 48/2/1 47/2/1
f 62/2/1 49/2/1 61/2/1
f 63/1/1 51/1/1 50/1/1
f 63/2/1 49/2/1 62/2/1
f 63/1/1 50/1/1 49/1/1
f 64/1/1 51/1/1 63/1/1
f 65/2/1 53/2/1 52/2/1
f 65/1/1 51/1/1 64/1/1
f 65/2/1 52/2/1 51/2/1
f 66/2/1 53/2/1 65/2/1
f 67/1/1 55/1/1 54/1/1
f 67/2/1 53/2/1 66/2/1
f 67/1/1 54/1/1 53/1/1
f 68/1/1 55/1/1 67/1/1
f 69/2/1 56/2/1 55/2/1
f 69/1/1 55/1/1 68/1/1
f 70/2/1 28/2/1 56/2/1
f 70/2/1 56/2/1 69/2/1
f 71/1/1 58/1/1 57/1/1
f 72/2/1 60/2/1 59/2/1
f 72/1/1 58/1/1 71/1/1
f 72/2/1 59/2/1 58/2/1
f 73/2/1 60/2/1 72/2/1
f 74/1/1 62/1/1 61/1/1
f 74/2/1 60/2/1 73/2/1
f 74/1/1 61/1/1 60/1/1
f 75/1/1 62/1/1 74/1/1
f 76/2/1 64/2/1 63/2/1
f 76/1/1 62/1/1 75/1/1
f 76/2/1 63/2/1 62/2/1
f 77/2/1 64/2/1 76/2/1
f 78/1/1 66/1/1 65/1/1
f 78/2/1 64/2/1 77/2/1
f 78/1/1 65/1/1 64/1/1
f 79/1/1 66/1/1 78/1/1
f 80/2/1 68/2/1 67/2/1
f 80/1/1 66/1/1 79/1/1
f 80/2/1 67/2/1 66/2/1
f 81/2/1 68/2/1 80/2/1
f 82/1/1 69/1/1 68/1/1
f 82/2/1 68/2/1 81/2/1
f 82/1/1 70/1/1 69/1/1
f 83/1/1 70/1/1 82/1/1
f 84/2/1 28/2/1 70/2/1
f 84/1/1 70/1/1 83/1/1
f 85/2/1 73/2/1 72/2/1
f 85/2/1 72/2/1 71/2/1
f 86/2/1 73/2/1 85/2/1
f 87/1/1 75/1/1 74/1/1
f 87/2/1 73/2/1 86/2/1
f 87/1/1 74/1/1 73/1/1
f 88/1/1 75/1/1 87/1/1
f 89/2/1 77/2/1 76/2/1
f 89/1/1 75/1/1 88/1/1
f 89/2/1 76/2/1 75/2/1
f 90/2/1 77/2/1 89/2/1
f 91/1/1 79/1/1 78/1/1
f 91/2/1 77/2/1 90/2/1
f 91/1/1 78/1/1 77/1/1
f 92/1/1 79/1/1 91/1/1
f 93/2/1 81/2/1 80/2/1
f 93/1/1 79/1/1 92/1/1
f 93/2/1 80/2/1 79/2/1
f 94/2/1 81/2/1 93/2/1
f 95/1/1 83/1/1 82/1/1
f 95/2/1 81/2/1 94/2/1
f 95/1/1 82/1/1 81/1/1
f 96/1/1 83/1/1 95/1/1
f 97/2/1 84/2/1 83/2/1
f 97/1/1 83/1/1 96/1/1
f 98/2/1 28/2/1 84/2/1
f 98/2/1 84/2/1 97/2/1
f 99/1/1 86/1/1 85/1/1
f 100/2/1 88/2/1 87/2/1
f 100/1/1 86/1/1 99/1/1
f 100/2/1 87/2/1 86/2/1
f 101/2/1 88/2/1 100/2/1
f 102/1/1 90/1/1 89/1/1
f 102/2/1 88/2/1 101/2/1
f 102/1/1 89/1/1 88/1/1
f 103/1/1 90/1/1 102/1/1
f 104/2/1 92/2/1 91/2/1
f 104/1/1 90/1/1 103/1/1
f 104/2/1 91/2/1 90/2/1
f 105/2/1 92/2/1 104/2/1
f 106/1/1 94/1/1 93/1/1
f 106/2/1 92/2/1 105/2/1
f 106/1/1 93/1/1 92/1/1
f 107/1/1 94/1/1 106/1/1
f 108/2/1 96/2/1 95/2/1
f 108/1/1 94/1/1 107/1/1
f 108/2/1 95/2/1 94/2/1
f 109/2/1 96/2/1 108/2/1
f 110/1/1 97/1/1 96/1/1
f 110/2/1 96/2/1 109/2/1
f 110/1/1 98/1/1 97/1/1
f 111/1/1 98/1/1 110/1/1
f 112/2/1 28/2/1 98/2/1
f 112/1/1 98/1/1 111/1/1
f 113/2/1 101/2/1 100/2/1
f 113/2/1 100/2/1 99/2/1
f 114/2/1 101/2/1 113/2/1
f 115/1/1 103/1/1 102/1/1
f 115/2/1 101/2/1 114/2/1
f 115/1/1 102/1/1 101/1/1
f 116/1/1 103/1/1 115/1/1
f 117/2/1 105/2/1 104/2/1
f 117/1/1 103/1/1 116/1/1
f 117/2/1 104/2/1 103/2/1
f 118/2/1 105/2/1 117/2/1
f 119/1/1 107/1/1 106/1/1
f 119/2/1 105/2/1 118/2/1
f 119/1/1 106/1/1 105/1/1
f 120/1/1 107/1/1 119/1/1
f 121/2/1 109/2/1 108/2/1
f 121/1/1 107/1/1 120/1/1
f 121/2/1 108/2/1 107/2/1
f 122/2/1 109/2/1 121/2/1
f 123/1/1 111/1/1 110/1/1
f 123/2/1 109/2/1 122/2/1
f 123/1/1 110/1/1 109/1/1
f 124/1/1 111/1/1 123/1/1
f 125/2/1 112/2/1 111/2/1
f 125/1/1 111/1/1 124/1/1
f 126/2/1 28/2/1 112/2/1
f 126/2/1 112/2/1 125/2/1
f 127/1/1 114/1/1 113/1/1
f 128/2/1 116/2/1 115/2/1
f 128/1/1 114/1/1 127/1/1
f 128/2/1 115/2/1 114/2/1
f 129/2/1 116/2/1 128/2/1
f 130/1/1 118/1/1 117/1/1
f 130/2/1 116/2/1 129/2/1
f 130/1/1 117/1/1 116/1/1
f 131/1/1 118/1/1 130/1/1
f 132/2/1 120/2/1 119/2/1
f 132/1/1 118/1/1 131/1/1
f 132/2/1 119/2/1 118/2/1
f 133/2/1 120/2/1 132/2/1
f 134/1/1 122/1/1 121/1/1
f 134/2/1 120/2/1 133/2/1
f 134/1/1 121/1/1 120/1/1
f 135/1/1 122/1/1 134/1/1
f 136/2/1 124/2/1 123/2/1
f 136/1/1 122/1/1 135/1/1
f 136/2/1 123/2/1 122/2/1
f 137/2/1 124/2/1 136/2/1
f 138/1/1 125/1/1 124/1/1
f 138/2/1 124/2/1 137/2/1
f 138/1/1 126/1/1 125/1/1
f 139/1/1 126/1/1 138/1/1
f 140/2/1 28/2/1 126/2/1
f 140/1/1 126/1/1 139/1/1
f 141/2/1 28/2/1 140/2/1
f 160/8/1 143/8/1 142/8/1
f 161/9/1 144/9/1 143/9/1
f 161/8/1 143/8/1 160/8/1
f 161/9/1 145/9/1 144/9/1
f 162/8/1 146/8/1 145/8/1
f 162/9/1 145/9/1 161/9/1
f 162/8/1 147/8/1 146/8/1
f 163/9/1 148/9/1 147/9/1
f 163/8/1 147/8/1 162/8/1
f 163/9/1 149/9/1 148/9/1
f 164/8/1 150/8/1 149/8/1
f 164/9/1 149/9/1 163/9/1
f 164/8/1 151/8/1 150/8/1
f 165/9/1 152/9/1 151/9/1
f 165/8/1 151/8/1 164/8/1
f 165/9/1 153/9/1 152/9/1
f 166/8/1 155/8/1 154/8/1
f 166/9/1 153/9/1 165/9/1
f 166/8/1 154/8/1 153/8/1
f 167/9/1 156/9/1 155/9/1
f 167/8/1 155/8/1 166/8/1
f 167/9/1 157/9/1 156/9/1
f 168/8/1 159/8/1 158/8/1
f 168/9/1 157/9/1 167/9/1
f 168/8/1 158/8/1 157/8/1
f 169/8/1 159/8/1 168/8/1
f 174/1/1 171/1/1 170/1/1
f 175/1/1 173/1/1 172/1/1
f 176/1/1 173/1/1 175/1/1
f 177/1/1 174/1/1 170/1/1
f 178/2/1 176/2/1 175/2/1
f 179/2/1 176/2/1 178/2/1
f 180/1/1 177/1/1 170/1/1
f 181/1/1 179/1/1 178/1/1
f 182/2/1 176/2/1 179/2/1
f 182/1/1 179/1/1 181/1/1
f 183/2/1 176/2/1 182/2/1
f 184/1/1 180/1/1 170/1/1
f 185/2/1 182/2/1 181/2/1
f 186/1/1 183/1/1 182/1/1
f 186/2/1 182/2/1 185/2/1
f 187/1/1 183/1/1 186/1/1
f 188/1/1 184/1/1 170/1/1
f 189/1/1 186/1/1 185/1/1
f 190/2/1 187/2/1 186/2/1
f 190/1/1 186/1/1 189/1/1
f 191/1/1 188/1/1 170/1/1
f 192/2/1 190/2/1 189/2/1
f 193/2/1 187/2/1 190/2/1
f 193/2/1 190/2/1 192/2/1
f 194/1/1 191/1/1 170/1/1
f 195/1/1 193/1/1 192/1/1
f 196/2/1 187/2/1 193/2/1
f 196/1/1 193/1/1 195/1/1
f 197/2/1 187/2/1 196/2/1
f 198/1/1 194/1/1 170/1/1
f 199/1/1 194/1/1 198/1/1
f 200/2/1 196/2/1 195/2/1
f 201/1/1 197/1/1 196/1/1
f 201/2/1 196/2/1 200/2/1
f 202/1/1 197/1/1 201/1/1
f 222/8/1 204/8/1 203/8/1
f 223/9/1 205/9/1 204/9/1
f 223/8/1 204/8/1 222/8/1
f 223/9/1 206/9/1 205/9/1
f 224/8/1 207/8/1 206/8/1
f 224/9/1 206/9/1 223/9/1
f 224/8/1 208/8/1 207/8/1
f 225/9/1 209/9/1 208/9/1
f 225/8/1 208/8/1 224/8/1
f 225/9/1 210/9/1 209/9/1
f 226/8/1 211/8/1 210/8/1
f 226/9/1 210/9/1 225/9/1
f 226/8/1 212/8/1 211/8/1
f 227/9/1 214/9/1 213/9/1
f 227/8/1 212/8/1 226/8/1
f 227/9/1 213/9/1 212/9/1
f 228/8/1 216/8/1 215/8/1
f 228/9/1 214/9/1 227/9/1
f 228/8/1 215/8/1 214/8/1
f 229/9/1 218/9/1 217/9/1
f 229/8/1 216/8/1 228/8/1
f 229/9/1 217/9/1 216/9/1
f 230/8/1 220/8/1 219/8/1
f 230/9/1 218/9/1 229/9/1
f 230/8/1 219/8/1 218/8/1
f 231/9/1 221/9/1 220/9/1
f 231/8/1 220/8/1 230/8/1
f 232/9/1 221/9/1 231/9/1
f 253/8/1 234/8/1 233/8/1
f 254/9/1 235/9/1 234/9/1
f 254/8/1 234/8/1 253/8/1
f 254/9/1 236/9/1 235/9/1
f 255/8/1 237/8/1 236/8/1
f 255/9/1 236/9/1 254/9/1
f 255/8/1 238/8/1 237/8/1
f 256/9/1 239/9/1 238/9/1
f 256/8/1 238/8/1 255/8/1
f 256/9/1 240/9/1 239/9/1
f 257/8/1 241/8/1 240/8/1
f 257/9/1 240/9/1 256/9/1
f 257/8/1 242/8/1 241/8/1
f 258/9/1 243/9/1 242/9/1
f 258/8/1 242/8/1 257/8/1
f 258/9/1 244/9/1 243/9/1
f 259/8/1 245/8/1 244/8/1
f 259/9/1 244/9/1 258/9/1
f 259/8/1 246/8/1 245/8/1
f 260/9/1 248/9/1 247/9/1
f 260/8/1 246/8/1 259/8/1
f 260/9/1 247/9/1 246/9/1
f 261/8/1 250/8/1 249/8/1
f 261/9/1 248/9/1 260/9/1
f 261/8/1 249/8/1 248/8/1
f 262/9/1 252/9/1 251/9/1
f 262/8/1 250/8/1 261/8/1
f 262/9/1 251/9/1 250/9/1
f 263/9/1 252/9/1 262/9/1
f 284/9/1 265/9/1 264/9/1
f 284/9/1 266/9/1 265/9/1
f 285/8/1 267/8/1 266/8/1
f 285/9/1 266/9/1 284/9/1
f 285/8/1 268/8/1 267/8/1
f 286/9/1 269/9/1 268/9/1
f 286/8/1 268/8/1 285/8/1
f 286/9/1 270/9/1 269/9/1
f 287/8/1 271/8/1 270/8/1
f 287/9/1 270/9/1 286/9/1
f 287/8/1 272/8/1 271/8/1
f 288/9/1 273/9/1 272/9/1
f 288/8/1 272/8/1 287/8/1
f 288/9/1 274/9/1 273/9/1
f 289/8/1 275/8/1 274/8/1
f 289/9/1 274/9/1 288/9/1
f 289/8/1 276/8/1 275/8/1
f 290/9/1 278/9/1 277/9/1
f 290/8/1 276/8/1 289/8/1
f 290/9/1 277/9/1 276/9/1
f 291/8/1 280/8/1 279/8/1
f 291/9/1 278/9/1 290/9/1
f 291/8/1 279/8/1 278/8/1
f 292/9/1 282/9/1 281/9/1
f 292/8/1 280/8/1 291/8/1
f 292/9/1 281/9/1 280/9/1
f 293/8/1 283/8/1 282/8/1
f 293/9/1 282/9/1 292/9/1
f 294/8/1 283/8/1 293/8/1
f 297/2/1 296/2/1 295/2/1
f 298/2/1 296/2/1 297/2/1
f 299/2/1 296/2/1 298/2/1
f 300/2/1 296/2/1 299/2/1
f 321/9/1 302/9/1 301/9/1
f 322/8/1 303/8/1 302/8/1
f 322/9/1 302/9/1 321/9/1
f 322/8/1 304/8/1 303/8/1
f 323/9/1 305/9/1 304/9/1
f 323/8/1 304/8/1 322/8/1
f 323/9/1 306/9/1 305/9/1
f 324/8/1 307/8/1 306/8/1
f 324/9/1 306/9/1 323/9/1
f 324/8/1 308/8/1 307/8/1
f 325/9/1 309/9/1 308/9/1
f 325/8/1 308/8/1 324/8/1
f 325/9/1 310/9/1 309/9/1
f 326/8/1 311/8/1 310/8/1
f 326/9/1 310/9/1 325/9/1
f 326/8/1 312/8/1 311/8/1
f 327/9/1 314/9/1 313/9/1
f 327/8/1 312/8/1 326/8/1
f 327/9/1 313/9/1 312/9/1
f 328/8/1 316/8/1 315/8/1
f 328/9/1 314/9/1 327/9/1
f 328/8/1 315/8/1 314/8/1
f 329/9/1 318/9/1 317/9/1
f 329/8/1 316/8/1 328/8/1
f 329/9/1 317/9/1 316/9/1
f 330/8/1 319/8/1 318/8/1
f 330/9/1 318/9/1 329/9/1
f 330/8/1 320/8/1 319/8/1
f 331/8/1 320/8/1 330/8/1
f 334/7/1 333/7/1 332/7/1
f 335/7/1 333/7/1 334/7/1
f 336/5/1 335/5/1 334/5/1
f 337/5/1 335/5/1 336/5/1
f 338/6/1 337/6/1 336/6/1
f 339/6/1 337/6/1 338/6/1
f 340/7/1 339/7/1 338/7/1
f 341/7/1 339/7/1 340/7/1
f 362/8/1 343/8/1 342/8/1
f 362/8/1 344/8/1 343/8/1
f 363/9/1 345/9/1 344/9/1
f 363/8/1 344/8/1 362/8/1
f 363/9/1 346/9/1 345/9/1
f 364/8/1 347/8/1 346/8/1
f 364/9/1 346/9/1 363/9/1
f 364/8/1 348/8/1 347/8/1
f 365/9/1 349/9/1 348/9/1
f 365/8/1 348/8/1 364/8/1
f 365/9/1 350/9/1 349/9/1
f 366/8/1 351/8/1 350/8/1
f 366/9/1 350/9/1 365/9/1
f 366/8/1 352/8/1 351/8/1
f 367/9/1 354/9/1 353/9/1
f 367/8/1 352/8/1 366/8/1
f 367/9/1 353/9/1 352/9/1
f 368/8/1 356/8/1 355/8/1
f 368/9/1 354/9/1 367/9/1
f 368/8/1 355/8/1 354/8/1
f 369/9/1 358/9/1 357/9/1
f 369/8/1 356/8/1 368/8/1
f 369/9/1 357/9/1 356/9/1
f 370/8/1 359/8/1 358/8/1
f 370/9/1 358/9/1 369/9/1
f 370/8/1 360/8/1 359/8/1
f 371/9/1 361/9/1 360/9/1
f 371/8/1 360/8/1 370/8/1
f 372/9/1 361/9/1 371/9/1
f 393/8/1 374/8/1 373/8/1
f 394/9/1 375/9/1 374/9/1
f 394/8/1 374/8/1 393/8/1
f 394/9/1 376/9/1 375/9/1
f 395/8/1 377/8/1 376/8/1
f 395/9/1 376/9/1 394/9/1
f 395/8/1 378/8/1 377/8/1
f 396/9/1 379/9/1 378/9/1
f 396/8/1 378/8/1 395/8/1
f 396/9/1 380/9/1 379/9/1
f 397/8/1 381/8/1 380/8/1
f 397/9/1 380/9/1 396/9/1
f 397/8/1 382/8/1 381/8/1
f 398/9/1 383/9/1 382/9/1
f 398/8/1 382/8/1 397/8/1
f 398/9/1 384/9/1 383/9/1
f 399/8/1 385/8/1 384/8/1
f 399/9/1 384/9/1 398/9/1
f 399/8/1 386/8/1 385/8/1
f 400/9/1 388/9/1 387/9/1
f 400/8/1 386/8/1 399/8/1
f 400/9/1 387/9/1 386/9/1
f 401/8/1 390/8/1 389/8/1
f 401/9/1 388/9/1 400/9/1
f 401/8/1 389/8/1 388/8/1
f 402/9/1 392/9/1 391/9/1
f 402/8/1 390/8/1 401/8/1
f 402/9/1 391/9/1 390/9/1
f 403/9/1 392/9/1 402/9/1
f 406/1/1 405/1/1 404/1/1
f 407/1/1 405/1/1 406/1/1
f 410/1/1 409/1/1 408/1/1
f 411/1/1 409/1/1 410/1/1
f 414/1/1 413/1/1 412/1/1
f 415/1/1 413/1/1 414/1/1
f 429/9/1 417/9/1 416/9/1
f 430/9/1 417/9/1 429/9/1
f 431/8/1 419/8/1 418/8/1
f 432/9/1 420/9/1 419/9/1
f 432/8/1 419/8/1 431/8/1
f 433/9/1 420/9/1 432/9/1
f 434/8/1 421/8/1 420/8/1
f 434/9/1 420/9/1 433/9/1
f 435/8/1 421/8/1 434/8/1
f 436/9/1 422/9/1 421/9/1
f 436/8/1 421/8/1 435/8/1
f 437/9/1 422/9/1 436/9/1
f 438/8/1 423/8/1 422/8/1
f 438/9/1 422/9/1 437/9/1
f 439/8/1 423/8/1 438/8/1
f 440/9/1 424/9/1 423/9/1
f 440/8/1 423/8/1 439/8/1
f 441/9/1 424/9/1 440/9/1
f 442/8/1 425/8/1 424/8/1
f 442/9/1 424/9/1 441/9/1
f 443/8/1 425/8/1 442/8/1
f 444/9/1 426/9/1 425/9/1
f 444/8/1 425/8/1 443/8/1
f 445/9/1 426/9/1 444/9/1
f 446/9/1 426/9/1 445/9/1
f 447/8/1 428/8/1 427/8/1
f 448/8/1 428/8/1 447/8/1
f 451/1/1 450/1/1 449/1/1
f 452/1/1 450/1/1 451/1/1
f 453/1/1 450/1/1 452/1/1
f 454/1/1 450/1/1 453/1/1
f 455/1/1 450/1/1 454/1/1
f 458/1/1 457/1/1 456/1/1
f 459/1/1 457/1/1 458/1/1
f 460/1/1 457/1/1 459/1/1
f 474/9/1 462/9/1 461/9/1
f 475/9/1 462/9/1 474/9/1
f 476/8/1 464/8/1 463/8/1
f 477/8/1 464/8/1 476/8/1
f 478/9/1 465/9/1 464/9/1
f 478/8/1 464/8/1 477/8/1
f 479/9/1 465/9/1 478/9/1
f 480/8/1 466/8/1 465/8/1
f 480/9/1 465/9/1 479/9/1
f 481/8/1 466/8/1 480/8/1
f 482/9/1 467/9/1 466/9/1
f 482/8/1 466/8/1 481/8/1
f 483/9/1 467/9/1 482/9/1
f 484/8/1 468/8/1 467/8/1
f 484/9/1 467/9/1 483/9/1
f 485/8/1 468/8/1 484/8/1
f 486/9/1 469/9/1 468/9/1
f 486/8/1 468/8/1 485/8/1
f 487/9/1 469/9/1 486/9/1
f 488/8/1 470/8/1 469/8/1
f 488/9/1 469/9/1 487/9/1
f 489/8/1 470/8/1 488/8/1
f 490/9/1 471/9/1 470/9/1
f 490/8/1 470/8/1 489/8/1
f 491/9/1 471/9/1 490/9/1
f 492/8/1 473/8/1 472/8/1
f 493/8/1 473/8/1 492/8/1
f 507/8/1 495/8/1 494/8/1
f 508/8/1 495/8/1 507/8/1
f 509/9/1 497/9/1 496/9/1
f 510/8/1 498/8/1 497/8/1
f 510/9/1 497/9/1 509/9/1
f 511/8/1 498/8/1 510/8/1
f 512/9/1 499/9/1 498/9/1
f 512/8/1 498/8/1 511/8/1
f 513/9/1 499/9/1 512/9/1
f 514/8/1 500/8/1 499/8/1
f 514/9/1 499/9/1 513/9/1
f 515/8/1 500/8/1 514/8/1
f 516/9/1 501/9/1 500/9/1
f 516/8/1 500/8/1 515/8/1
f 517/9/1 501/9/1 516/9/1
f 518/8/1 502/8/1 501/8/1
f 518/9/1 501/9/1 517/9/1
f 519/8/1 502/8/1 518/8/1
f 520/9/1 503/9/1 502/9/1
f 520/8/1 502/8/1 519/8/1
f 521/9/1 503/9/1 520/9/1
f 522/8/1 504/8/1 503/8/1
f 522/9/1 503/9/1 521/9/1
f 523/8/1 504/8/1 522/8/1
f 524/8/1 504/8/1 523/8/1
f 525/9/1 506/9/1 505/9/1
f 526/9/1 506/9/1 525/9/1
f 540/8/1 528/8/1 527/8/1
f 541/8/1 528/8/1 540/8/1
f 542/9/1 530/9/1 529/9/1
f 543/9/1 530/9/1 542/9/1
f 544/8/1 531/8/1 530/8/1
f 544/9/1 530/9/1 543/9/1
f 545/8/1 531/8/1 544/8/1
f 546/9/1 532/9/1 531/9/1
f 546/8/1 531/8/1 545/8/1
f 547/9/1 532/9/1 546/9/1
f 548/8/1 533/8/1 532/8/1
f 548/9/1 532/9/1 547/9/1
f 549/8/1 533/8/1 548/8/1
f 550/9/1 534/9/1 533/9/1
f 550/8/1 533/8/1 549/8/1
f 551/9/1 534/9/1 550/9/1
f 552/8/1 535/8/1 534/8/1
f 552/9/1 534/9/1 551/9/1
f 553/8/1 535/8/1 552/8/1
f 554/9/1 536/9/1 535/9/1
f 554/8/1 535/8/1 553/8/1
f 555/9/1 536/9/1 554/9/1
f 556/8/1 537/8/1 536/8/1
f 556/9/1 536/9/1 555/9/1
f 557/8/1 537/8/1 556/8/1
f 558/9/1 539/9/1 538/9/1
f 559/9/1 539/9/1 558/9/1
f 564/2/1 563/2/1 562/2/1
f 567/2/1 564/2/1 562/2/1
f 568/2/1 566/2/1 565/2/1
f 569/2/1 566/2/1 568/2/1
f 570/2/1 567/2/1 562/2/1
f 571/1/1 569/1/1 568/1/1
f 572/1/1 569/1/1 571/1/1
f 573/2/1 570/2/1 562/2/1
f 574/2/1 572/2/1 571/2/1
f 575/2/1 572/2/1 574/2/1
f 578/2/1 561/2/1 560/2/1
f 579/2/1 561/2/1 578/2/1
f 580/2/1 573/2/1 562/2/1
f 581/2/1 573/2/1 580/2/1
f 585/8/1 577/8/1 576/8/1
f 586/8/1 577/8/1 585/8/1
f 587/8/1 582/8/1 581/8/1
f 587/8/1 581/8/1 580/8/1
f 587/8/1 579/8/1 578/8/1
f 587/8/1 580/8/1 579/8/1
f 588/8/1 582/8/1 587/8/1
f 589/8/1 582/8/1 588/8/1
f 590/8/1 582/8/1 589/8/1
f 591/8/1 582/8/1 590/8/1
f 592/8/1 582/8/1 591/8/1
f 593/8/1 582/8/1 592/8/1
f 594/8/1 582/8/1 593/8/1
f 595/8/1 584/8/1 583/8/1
f 596/9/1 586/9/1 585/9/1
f 597/9/1 586/9/1 596/9/1
f 598/8/1 587/8/1 578/8/1
f 599/9/1 588/9/1 587/9/1
f 599/8/1 587/8/1 598/8/1
f 600/9/1 588/9/1 599/9/1
f 601/8/1 589/8/1 588/8/1
f 601/9/1 588/9/1 600/9/1
f 602/8/1 589/8/1 601/8/1
f 603/9/1 590/9/1 589/9/1
f 603/8/1 589/8/1 602/8/1
f 604/9/1 590/9/1 603/9/1
f 605/8/1 591/8/1 590/8/1
f 605/9/1 590/9/1 604/9/1
f 606/8/1 591/8/1 605/8/1
f 607/9/1 592/9/1 591/9/1
f 607/8/1 591/8/1 606/8/1
f 608/9/1 592/9/1 607/9/1
f 609/8/1 593/8/1 592/8/1
f 609/9/1 592/9/1 608/9/1
f 610/8/1 593/8/1 609/8/1
f 611/9/1 594/9/1 593/9/1
f 611/8/1 593/8/1 610/8/1
f 612/9/1 594/9/1 611/9/1
f 613/9/1 594/9/1 612/9/1
f 614/8/1 584/8/1 595/8/1
f 615/8/1 584/8/1 614/8/1
f 624/1/1 617/1/1 616/1/1
f 625/2/1 618/2/1 617/2/1
f 625/1/1 617/1/1 624/1/1
f 626/2/1 618/2/1 625/2/1
f 627/1/1 619/1/1 618/1/1
f 627/2/1 618/2/1 626/2/1
f 628/1/1 619/1/1 627/1/1
f 629/2/1 620/2/1 619/2/1
f 629/1/1 619/1/1 628/1/1
f 630/2/1 620/2/1 629/2/1
f 631/1/1 621/1/1 620/1/1
f 631/2/1 620/2/1 630/2/1
f 632/1/1 621/1/1 631/1/1
f 633/2/1 622/2/1 621/2/1
f 633/1/1 621/1/1 632/1/1
f 634/2/1 622/2/1 633/2/1
f 635/1/1 623/1/1 622/1/1
f 635/2/1 622/2/1 634/2/1
f 636/2/1 626/2/1 625/2/1
f 636/2/1 625/2/1 624/2/1
f 637/2/1 626/2/1 636/2/1
f 638/1/1 628/1/1 627/1/1
f 638/2/1 626/2/1 637/2/1
f 638/1/1 627/1/1 626/1/1
f 639/1/1 628/1/1 638/1/1
f 640/2/1 630/2/1 629/2/1
f 640/1/1 628/1/1 639/1/1
f 640/2/1 629/2/1 628/2/1
f 641/2/1 630/2/1 640/2/1
f 642/1/1 632/1/1 631/1/1
f 642/2/1 630/2/1 641/2/1
f 642/1/1 631/1/1 630/1/1
f 643/1/1 632/1/1 642/1/1
f 644/2/1 634/2/1 633/2/1
f 644/1/1 632/1/1 643/1/1
f 644/2/1 633/2/1 632/2/1
f 645/2/1 634/2/1 644/2/1
f 646/1/1 635/1/1 634/1/1
f 646/2/1 634/2/1 645/2/1
f 647/1/1 623/1/1 635/1/1
f 647/1/1 635/1/1 646/1/1
f 648/1/1 637/1/1 636/1/1
f 649/2/1 639/2/1 638/2/1
f 649/1/1 637/1/1 648/1/1
f 649/2/1 638/2/1 637/2/1
f 650/2/1 639/2/1 649/2/1
f 651/1/1 641/1/1 640/1/1
f 651/2/1 639/2/1 650/2/1
f 651/1/1 640/1/1 639/1/1
f 652/1/1 641/1/1 651/1/1
f 653/2/1 643/2/1 642/2/1
f 653/1/1 641/1/1 652/1/1
f 653/2/1 642/2/1 641/2/1
f 654/2/1 643/2/1 653/2/1
f 655/1/1 645/1/1 644/1/1
f 655/2/1 643/2/1 654/2/1
f 655/1/1 644/1/1 643/1/1
f 656/1/1 645/1/1 655/1/1
f 657/2/1 646/2/1 645/2/1
f 657/1/1 645/1/1 656/1/1
f 657/2/1 647/2/1 646/2/1
f 658/2/1 647/2/1 657/2/1
f 659/1/1 623/1/1 647/1/1
f 659/2/1 647/2/1 658/2/1
f 660/2/1 650/2/1 649/2/1
f 660/2/1 649/2/1 648/2/1
f 661/2/1 650/2/1 660/2/1
f 662/1/1 652/1/1 651/1/1
f 662/2/1 650/2/1 661/2/1
f 662/1/1 651/1/1 650/1/1
f 663/1/1 652/1/1 662/1/1
f 664/2/1 654/2/1 653/2/1
f 664/1/1 652/1/1 663/1/1
f 664/2/1 653/2/1 652/2/1
f 665/2/1 654/2/1 664/2/1
f 666/1/1 656/1/1 655/1/1
f 666/2/1 654/2/1 665/2/1
f 666/1/1 655/1/1 654/1/1
f 667/1/1 656/1/1 666/1/1
f 668/2/1 658/2/1 657/2/1
f 668/1/1 656/1/1 667/1/1
f 668/2/1 657/2/1 656/2/1
f 669/2/1 658/2/1 668/2/1
f 670/1/1 659/1/1 658/1/1
f 670/2/1 658/2/1 669/2/1
f 671/1/1 623/1/1 659/1/1
f 671/1/1 659/1/1 670/1/1
f 672/1/1 661/1/1 660/1/1
f 673/2/1 663/2/1 662/2/1
f 673/1/1 661/1/1 672/1/1
f 673/2/1 662/2/1 661/2/1
f 674/2/1 663/2/1 673/2/1
f 675/1/1 665/1/1 664/1/1
f 675/2/1 663/2/1 674/2/1
f 675/1/1 664/1/1 663/1/1
f 676/1/1 665/1/1 675/1/1
f 677/2/1 667/2/1 666/2/1
f 677/1/1 665/1/1 676/1/1
f 677/2/1 666/2/1 665/2/1
f 678/2/1 667/2/1 677/2/1
f 679/1/1 669/1/1 668/1/1
f 679/2/1 667/2/1 678/2/1
f 679/1/1 668/1/1 667/1/1
f 680/1/1 669/1/1 679/1/1
f 681/2/1 670/2/1 669/2/1
f 681/1/1 669/1/1 680/1/1
f 681/2/1 671/2/1 670/2/1
f 682/2/1 671/2/1 681/2/1
f 683/1/1 623/1/1 671/1/1
f 683/2/1 671/2/1 682/2/1
f 684/2/1 674/2/1 673/2/1
f 684/2/1 673/2/1 672/2/1
f 685/2/1 674/2/1 684/2/1
f 686/1/1 676/1/1 675/1/1
f 686/2/1 674/2/1 685/2/1
f 686/1/1 675/1/1 674/1/1
f 687/1/1 676/1/1 686/1/1
f 688/2/1 678/2/1 677/2/1
f 688/1/1 676/1/1 687/1/1
f 688/2/1 677/2/1 676/2/1
f 689/2/1 678/2/1 688/2/1
f 690/1/1 680/1/1 679/1/1
f 690/2/1 678/2/1 689/2/1
f 690/1/1 679/1/1 678/1/1
f 691/1/1 680/1/1 690/1/1
f 692/2/1 682/2/1 681/2/1
f 692/1/1 680/1/1 691/1/1
f 692/2/1 681/2/1 680/2/1
f 693/2/1 682/2/1 692/2/1
f 694/1/1 683/1/1 682/1/1
f 694/2/1 682/2/1 693/2/1
f 695/1/1 623/1/1 683/1/1
f 695/1/1 683/1/1 694/1/1
f 696/1/1 685/1/1 684/1/1
f 697/2/1 687/2/1 686/2/1
f 697/1/1 685/1/1 696/1/1
f 697/2/1 686/2/1 685/2/1
f 698/2/1 687/2/1 697/2/1
f 699/1/1 689/1/1 688/1/1
f 699/2/1 687/2/1 698/2/1
f 699/1/1 688/1/1 687/1/1
f 700/1/1 689/1/1 699/1/1
f 701/2/1 691/2/1 690/2/1
f 701/1/1 689/1/1 700/1/1
f 701/2/1 690/2/1 689/2/1
f 702/2/1 691/2/1 701/2/1
f 703/1/1 693/1/1 692/1/1
f 703/2/1 691/2/1 702/2/1
f 703/1/1 692/1/1 691/1/1
f 704/1/1 693/1/1 703/1/1
f 705/2/1 694/2/1 693/2/1
f 705/1/1 693/1/1 704/1/1
f 705/2/1 695/2/1 694/2/1
f 706/2/1 695/2/1 705/2/1
f 707/1/1 623/1/1 695/1/1
f 707/2/1 695/2/1 706/2/1
f 710/1/1 700/1/1 699/1/1
f 710/2/1 698/2/1 697/2/1
f 710/2/1 697/2/1 696/2/1
f 710/1/1 699/1/1 698/1/1
f 711/2/1 702/2/1 701/2/1
f 711/1/1 700/1/1 710/1/1
f 711/2/1 701/2/1 700/2/1
f 712/1/1 704/1/1 703/1/1
f 712/2/1 702/2/1 711/2/1
f 712/1/1 703/1/1 702/1/1
f 713/2/1 706/2/1 705/2/1
f 713/1/1 704/1/1 712/1/1
f 713/2/1 705/2/1 704/2/1
f 714/1/1 707/1/1 706/1/1
f 714/2/1 706/2/1 713/2/1
f 715/1/1 623/1/1 707/1/1
f 715/1/1 707/1/1 714/1/1
f 718/8/1 709/8/1 708/8/1
f 719/8/1 709/8/1 718/8/1
f 720/2/1 711/2/1 710/2/1
f 720/2/1 712/2/1 711/2/1
f 720/2/1 714/2/1 713/2/1
f 720/2/1 715/2/1 714/2/1
f 720/2/1 710/2/1 696/2/1
f 720/2/1 713/2/1 712/2/1
f 721/2/1 715/2/1 720/2/1
f 722/8/1 717/8/1 716/8/1
f 723/8/1 717/8/1 722/8/1
f 724/2/2 725/2/2 732/2/2
f 725/1/2 726/1/2 732/1/2
f 732/1/2 726/1/2 733/1/2
f 726/2/2 727/2/2 734/2/2
f 733/1/2 726/1/2 734/1/2
f 734/2/2 727/2/2 735/2/2
f 727/1/2 728/1/2 736/1/2
f 735/2/2 727/2/2 736/2/2
f 736/1/2 728/1/2 737/1/2
f 728/2/2 729/2/2 738/2/2
f 737/1/2 728/1/2 738/1/2
f 738/2/2 729/2/2 739/2/2
f 729/1/2 730/1/2 740/1/2
f 739/2/2 729/2/2 740/2/2
f 740/1/2 730/1/2 741/1/2
f 730/2/2 731/2/2 742/2/2
f 741/1/2 730/1/2 742/1/2
f 742/2/2 731/2/2 743/2/2
f 732/2/2 733/2/2 744/2/2
f 724/2/2 732/2/2 744/2/2
f 734/1/2 735/1/2 745/1/2
f 744/2/2 733/2/2 745/2/2
f 733/1/2 734/1/2 745/1/2
f 745/1/2 735/1/2 746/1/2
f 736/2/2 737/2/2 747/2/2
f 746/1/2 735/1/2 747/1/2
f 735/2/2 736/2/2 747/2/2
f 747/2/2 737/2/2 748/2/2
f 738/1/2 739/1/2 749/1/2
f 748/2/2 737/2/2 749/2/2
f 737/1/2 738/1/2 749/1/2
f 749/1/2 739/1/2 750/1/2
f 740/2/2 741/2/2 751/2/2
f 750/1/2 739/1/2 751/1/2
f 739/2/2 740/2/2 751/2/2
f 751/2/2 741/2/2 752/2/2
f 742/1/2 743/1/2 753/1/2
f 752/2/2 741/2/2 753/2/2
f 741/1/2 742/1/2 753/1/2
f 753/1/2 743/1/2 754/1/2
f 754/1/2 743/1/2 755/1/2
f 724/2/2 744/2/2 756/2/2
f 745/1/2 746/1/2 756/1/2
f 744/1/2 745/1/2 756/1/2
f 756/1/2 746/1/2 757/1/2
f 747/2/2 748/2/2 758/2/2
f 757/1/2 746/1/2 758/1/2
f 746/2/2 747/2/2 758/2/2
f 758/2/2 748/2/2 759/2/2
f 749/1/2 750/1/2 760/1/2
f 759/2/2 748/2/2 760/2/2
f 748/1/2 749/1/2 760/1/2
f 760/1/2 750/1/2 761/1/2
f 751/2/2 752/2/2 762/2/2
f 761/1/2 750/1/2 762/1/2
f 750/2/2 751/2/2 762/2/2
f 762/2/2 752/2/2 763/2/2
f 753/1/2 754/1/2 764/1/2
f 763/2/2 752/2/2 764/2/2
f 752/1/2 753/1/2 764/1/2
f 764/1/2 754/1/2 765/1/2
f 754/2/2 755/2/2 766/2/2
f 765/1/2 754/1/2 766/1/2
f 766/2/2 755/2/2 767/2/2
f 756/2/2 757/2/2 768/2/2
f 724/2/2 756/2/2 768/2/2
f 758/1/2 759/1/2 769/1/2
f 768/2/2 757/2/2 769/2/2
f 757/1/2 758/1/2 769/1/2
f 769/1/2 759/1/2 770/1/2
f 760/2/2 761/2/2 771/2/2
f 770/1/2 759/1/2 771/1/2
f 759/2/2 760/2/2 771/2/2
f 771/2/2 761/2/2 772/2/2
f 762/1/2 763/1/2 773/1/2
f 772/2/2 761/2/2 773/2/2
f 761/1/2 762/1/2 773/1/2
f 773/1/2 763/1/2 774/1/2
f 764/2/2 765/2/2 775/2/2
f 774/1/2 763/1/2 775/1/2
f 763/2/2 764/2/2 775/2/2
f 775/2/2 765/2/2 776/2/2
f 766/1/2 767/1/2 777/1/2
f 776/2/2 765/2/2 777/2/2
f 765/1/2 766/1/2 777/1/2
f 777/1/2 767/1/2 778/1/2
f 778/1/2 767/1/2 779/1/2
f 724/2/2 768/2/2 780/2/2
f 769/1/2 770/1/2 780/1/2
f 768/1/2 769/1/2 780/1/2
f 780/1/2 770/1/2 781/1/2
f 771/2/2 772/2/2 782/2/2
f 781/1/2 770/1/2 782/1/2
f 770/2/2 771/2/2 782/2/2
f 782/2/2 772/2/2 783/2/2
f 773/1/2 774/1/2 784/1/2
f 783/2/2 772/2/2 784/2/2
f 772/1/2 773/1/2 784/1/2
f 784/1/2 774/1/2 785/1/2
f 775/2/2 776/2/2 786/2/2
f 785/1/2 774/1/2 786/1/2
f 774/2/2 775/2/2 786/2/2
f 786/2/2 776/2/2 787/2/2
f 777/1/2 778/1/2 788/1/2
f 787/2/2 776/2/2 788/2/2
f 776/1/2 777/1/2 788/1/2
f 788/1/2 778/1/2 789/1/2
f 778/2/2 779/2/2 790/2/2
f 789/1/2 778/1/2 790/1/2
f 790/2/2 779/2/2 791/2/2
f 780/2/2 781/2/2 792/2/2
f 724/2/2 780/2/2 792/2/2
f 782/1/2 783/1/2 793/1/2
f 792/2/2 781/2/2 793/2/2
f 781/1/2 782/1/2 793/1/2
f 793/1/2 783/1/2 794/1/2
f 784/2/2 785/2/2 795/2/2
f 794/1/2 783/1/2 795/1/2
f 783/2/2 784/2/2 795/2/2
f 795/2/2 785/2/2 796/2/2
f 786/1/2 787/1/2 797/1/2
f 796/2/2 785/2/2 797/2/2
f 785/1/2 786/1/2 797/1/2
f 797/1/2 787/1/2 798/1/2
f 788/2/2 789/2/2 799/2/2
f 798/1/2 787/1/2 799/1/2
f 787/2/2 788/2/2 799/2/2
f 799/2/2 789/2/2 800/2/2
f 790/1/2 791/1/2 801/1/2
f 800/2/2 789/2/2 801/2/2
f 789/1/2 790/1/2 801/1/2
f 801/1/2 791/1/2 802/1/2
f 802/1/2 791/1/2 803/1/2
f 724/2/2 792/2/2 804/2/2
f 793/1/2 794/1/2 804/1/2
f 792/1/2 793/1/2 804/1/2
f 804/1/2 794/1/2 805/1/2
f 795/2/2 796/2/2 806/2/2
f 805/1/2 794/1/2 806/1/2
f 794/2/2 795/2/2 806/2/2
f 806/2/2 796/2/2 807/2/2
f 797/1/2 798/1/2 808/1/2
f 807/2/2 796/2/2 808/2/2
f 796/1/2 797/1/2 808/1/2
f 808/1/2 798/1/2 809/1/2
f 799/2/2 800/2/2 810/2/2
f 809/1/2 798/1/2 810/1/2
f 798/2/2 799/2/2 810/2/2
f 810/2/2 800/2/2 811/2/2
f 801/1/2 802/1/2 812/1/2
f 811/2/2 800/2/2 812/2/2
f 800/1/2 801/1/2 812/1/2
f 812/1/2 802/1/2 813/1/2
f 802/2/2 803/2/2 814/2/2
f 813/1/2 802/1/2 814/1/2
f 814/2/2 803/2/2 815/2/2
f 806/1/2 807/1/2 818/1/2
f 804/2/2 805/2/2 818/2/2
f 805/1/2 806/1/2 818/1/2
f 808/2/2 809/2/2 819/2/2
f 818/1/2 807/1/2 819/1/2
f 807/2/2 808/2/2 819/2/2
f 810/1/2 811/1/2 820/1/2
f 819/2/2 809/2/2 820/2/2
f 809/1/2 810/1/2 820/1/2
f 812/2/2 813/2/2 821/2/2
f 820/1/2 811/1/2 821/1/2
f 811/2/2 812/2/2 821/2/2
f 813/1/2 814/1/2 822/1/2
f 821/2/2 813/2/2 822/2/2
f 814/1/2 815/1/2 822/1/2
f 822/1/2 815/1/2 823/1/2
f 816/8/2 817/8/2 826/8/2
f 826/8/2 817/8/2 827/8/2
f 822/2/2 823/2/2 828/2/2
f 821/2/2 822/2/2 828/2/2
f 724/2/2 804/2/2 828/2/2
f 819/2/2 820/2/2 828/2/2
f 818/2/2 819/2/2 828/2/2
f 820/2/2 821/2/2 828/2/2
f 804/2/2 818/2/2 828/2/2
f 828/2/2 823/2/2 829/2/2
f 824/8/2 825/8/2 830/8/2
f 830/8/2 825/8/2 831/8/2
f 832/2/2 833/2/2 836/2/2
f 836/2/2 833/2/2 837/2/2
f 837/2/2 833/2/2 838/2/2
f 838/2/2 833/2/2 839/2/2
f 834/2/2 835/2/2 840/2/2
f 839/2/2 833/2/2 843/2/2
f 834/2/2 840/2/2 844/2/2
f 841/2/2 842/2/2 845/2/2
f 843/2/2 833/2/2 846/2/2
f 834/2/2 844/2/2 847/2/2
f 845/2/2 842/2/2 848/2/2
f 846/2/2 833/2/2 849/2/2
f 834/2/2 847/2/2 850/2/2
f 848/2/2 842/2/2 851/2/2
f 851/2/2 842/2/2 852/2/2
f 849/2/2 833/2/2 853/2/2
f 853/2/2 833/2/2 856/2/2
f 856/2/2 833/2/2 857/2/2
f 834/2/2 850/2/2 858/2/2
f 858/2/2 850/2/2 859/2/2
f 854/8/2 855/8/2 863/8/2
f 856/8/2 857/8/2 864/8/2
f 859/8/2 860/8/2 864/8/2
f 858/8/2 859/8/2 864/8/2
f 857/8/2 858/8/2 864/8/2
f 864/8/2 860/8/2 865/8/2
f 865/8/2 860/8/2 866/8/2
f 866/8/2 860/8/2 867/8/2
f 867/8/2 860/8/2 868/8/2
f 868/8/2 860/8/2 869/8/2
f 869/8/2 860/8/2 870/8/2
f 870/8/2 860/8/2 871/8/2
f 871/8/2 860/8/2 872/8/2
f 861/8/2 862/8/2 873/8/2
f 873/8/2 862/8/2 874/8/2
f 854/8/2 863/8/2 875/8/2
f 875/8/2 863/8/2 876/8/2
f 864/9/2 865/9/2 877/9/2
f 877/9/2 865/9/2 878/9/2
f 865/8/2 866/8/2 879/8/2
f 878/9/2 865/9/2 879/9/2
f 879/8/2 866/8/2 880/8/2
f 866/9/2 867/9/2 881/9/2
f 880/8/2 866/8/2 881/8/2
f 881/9/2 867/9/2 882/9/2
f 867/8/2 868/8/2 883/8/2
f 882/9/2 867/9/2 883/9/2
f 883/8/2 868/8/2 884/8/2
f 868/9/2 869/9/2 885/9/2
f 884/8/2 868/8/2 885/8/2
f 885/9/2 869/9/2 886/9/2
f 869/8/2 870/8/2 887/8/2
f 886/9/2 869/9/2 887/9/2
f 887/8/2 870/8/2 888/8/2
f 870/9/2 871/9/2 889/9/2
f 888/8/2 870/8/2 889/8/2
f 889/9/2 871/9/2 890/9/2
f 871/8/2 872/8/2 891/8/2
f 890/9/2 871/9/2 891/9/2
f 891/8/2 872/8/2 892/8/2
f 873/9/2 874/9/2 893/9/2
f 893/9/2 874/9/2 894/9/2
f 895/8/2 896/8/2 908/8/2
f 908/8/2 896/8/2 909/8/2
f 897/9/2 898/9/2 910/9/2
f 898/8/2 899/8/2 911/8/2
f 910/9/2 898/9/2 911/9/2
f 911/8/2 899/8/2 912/8/2
f 899/9/2 900/9/2 913/9/2
f 912/8/2 899/8/2 913/8/2
f 913/9/2 900/9/2 914/9/2
f 900/8/2 901/8/2 915/8/2
f 914/9/2 900/9/2 915/9/2
f 915/8/2 901/8/2 916/8/2
f 901/9/2 902/9/2 917/9/2
f 916/8/2 901/8/2 917/8/2
f 917/9/2 902/9/2 918/9/2
f 902/8/2 903/8/2 919/8/2
f 918/9/2 902/9/2 919/9/2
f 919/8/2 903/8/2 920/8/2
f 903/9/2 904/9/2 921/9/2
f 920/8/2 903/8/2 921/8/2
f 921/9/2 904/9/2 922/9/2
f 904/8/2 905/8/2 923/8/2
f 922/9/2 904/9/2 923/9/2
f 923/8/2 905/8/2 924/8/2
f 924/8/2 905/8/2 925/8/2
f 906/9/2 907/9/2 926/9/2
f 926/9/2 907/9/2 927/9/2
f 928/9/2 929/9/2 941/9/2
f 941/9/2 929/9/2 942/9/2
f 930/8/2 931/8/2 943/8/2
f 943/8/2 931/8/2 944/8/2
f 931/9/2 932/9/2 945/9/2
f 944/8/2 931/8/2 945/8/2
f 945/9/2 932/9/2 946/9/2
f 932/8/2 933/8/2 947/8/2
f 946/9/2 932/9/2 947/9/2
f 947/8/2 933/8/2 948/8/2
f 933/9/2 934/9/2 949/9/2
f 948/8/2 933/8/2 949/8/2
f 949/9/2 934/9/2 950/9/2
f 934/8/2 935/8/2 951/8/2
f 950/9/2 934/9/2 951/9/2
f 951/8/2 935/8/2 952/8/2
f 935/9/2 936/9/2 953/9/2
f 952/8/2 935/8/2 953/8/2
f 953/9/2 936/9/2 954/9/2
f 936/8/2 937/8/2 955/8/2
f 954/9/2 936/9/2 955/9/2
f 955/8/2 937/8/2 956/8/2
f 937/9/2 938/9/2 957/9/2
f 956/8/2 937/8/2 957/8/2
f 957/9/2 938/9/2 958/9/2
f 939/8/2 940/8/2 959/8/2
f 959/8/2 940/8/2 960/8/2
f 961/1/2 962/1/2 963/1/2
f 963/1/2 962/1/2 964/1/2
f 964/1/2 962/1/2 965/1/2
f 965/1/2 962/1/2 966/1/2
f 966/1/2 962/1/2 967/1/2
f 968/1/2 969/1/2 970/1/2
f 970/1/2 969/1/2 971/1/2
f 971/1/2 969/1/2 972/1/2
f 973/9/2 974/9/2 987/9/2
f 987/9/2 974/9/2 988/9/2
f 975/8/2 976/8/2 989/8/2
f 976/9/2 977/9/2 990/9/2
f 989/8/2 976/8/2 990/8/2
f 990/9/2 977/9/2 991/9/2
f 977/8/2 978/8/2 992/8/2
f 991/9/2 977/9/2 992/9/2
f 992/8/2 978/8/2 993/8/2
f 978/9/2 979/9/2 994/9/2
f 993/8/2 978/8/2 994/8/2
f 994/9/2 979/9/2 995/9/2
f 979/8/2 980/8/2 996/8/2
f 995/9/2 979/9/2 996/9/2
f 996/8/2 980/8/2 997/8/2
f 980/9/2 981/9/2 998/9/2
f 997/8/2 980/8/2 998/8/2
f 998/9/2 981/9/2 999/9/2
f 981/8/2 982/8/2 1000/8/2
f 999/9/2 981/9/2 1000/9/2
f 1000/8/2 982/8/2 1001/8/2
f 983/9/2 984/9/2 1002/9/2
f 1001/8/2 982/8/2 1002/8/2
f 982/9/2 983/9/2 1002/9/2
f 1002/9/2 984/9/2 1003/9/2
f 1003/9/2 984/9/2 1004/9/2
f 985/8/2 986/8/2 1005/8/2
f 1005/8/2 986/8/2 1006/8/2
f 1007/1/2 1008/1/2 1009/1/2
f 1009/1/2 1008/1/2 1010/1/2
f 1011/1/2 1012/1/2 1013/1/2
f 1013/1/2 1012/1/2 1014/1/2
f 1015/1/2 1016/1/2 1017/1/2
f 1017/1/2 1016/1/2 1018/1/2
f 1019/8/2 1020/8/2 1032/8/2
f 1032/8/2 1020/8/2 1033/8/2
f 1021/9/2 1022/9/2 1034/9/2
f 1034/9/2 1022/9/2 1035/9/2
f 1022/8/2 1023/8/2 1036/8/2
f 1035/9/2 1022/9/2 1036/9/2
f 1036/8/2 1023/8/2 1037/8/2
f 1023/9/2 1024/9/2 1038/9/2
f 1037/8/2 1023/8/2 1038/8/2
f 1038/9/2 1024/9/2 1039/9/2
f 1024/8/2 1025/8/2 1040/8/2
f 1039/9/2 1024/9/2 1040/9/2
f 1040/8/2 1025/8/2 1041/8/2
f 1025/9/2 1026/9/2 1042/9/2
f 1041/8/2 1025/8/2 1042/8/2
f 1042/9/2 1026/9/2 1043/9/2
f 1026/8/2 1027/8/2 1044/8/2
f 1043/9/2 1026/9/2 1044/9/2
f 1044/8/2 1027/8/2 1045/8/2
f 1027/9/2 1028/9/2 1046/9/2
f 1045/8/2 1027/8/2 1046/8/2
f 1046/9/2 1028/9/2 1047/9/2
f 1028/8/2 1029/8/2 1048/8/2
f 1047/9/2 1028/9/2 1048/9/2
f 1048/8/2 1029/8/2 1049/8/2
f 1030/9/2 1031/9/2 1050/9/2
f 1050/9/2 1031/9/2 1051/9/2
f 1052/8/2 1053/8/2 1072/8/2
f 1053/8/2 1054/8/2 1072/8/2
f 1054/9/2 1055/9/2 1073/9/2
f 1072/8/2 1054/8/2 1073/8/2
f 1055/9/2 1056/9/2 1073/9/2
f 1056/8/2 1057/8/2 1074/8/2
f 1073/9/2 1056/9/2 1074/9/2
f 1057/8/2 1058/8/2 1074/8/2
f 1058/9/2 1059/9/2 1075/9/2
f 1074/8/2 1058/8/2 1075/8/2
f 1059/9/2 1060/9/2 1075/9/2
f 1060/8/2 1061/8/2 1076/8/2
f 1075/9/2 1060/9/2 1076/9/2
f 1061/8/2 1062/8/2 1076/8/2
f 1062/9/2 1063/9/2 1077/9/2
f 1076/8/2 1062/8/2 1077/8/2
f 1063/9/2 1064/9/2 1077/9/2
f 1065/8/2 1066/8/2 1078/8/2
f 1077/9/2 1064/9/2 1078/9/2
f 1064/8/2 1065/8/2 1078/8/2
f 1067/9/2 1068/9/2 1079/9/2
f 1078/8/2 1066/8/2 1079/8/2
f 1066/9/2 1067/9/2 1079/9/2
f 1069/8/2 1070/8/2 1080/8/2
f 1079/9/2 1068/9/2 1080/9/2
f 1068/8/2 1069/8/2 1080/8/2
f 1070/9/2 1071/9/2 1081/9/2
f 1080/8/2 1070/8/2 1081/8/2
f 1081/9/2 1071/9/2 1082/9/2
f 1083/7/2 1084/7/2 1085/7/2
f 1085/7/2 1084/7/2 1086/7/2
f 1085/6/2 1086/6/2 1087/6/2
f 1087/6/2 1086/6/2 1088/6/2
f 1087/5/2 1088/5/2 1089/5/2
f 1089/5/2 1088/5/2 1090/5/2
f 1089/7/2 1090/7/2 1091/7/2
f 1091/7/2 1090/7/2 1092/7/2
f 1093/9/2 1094/9/2 1113/9/2
f 1094/8/2 1095/8/2 1114/8/2
f 1113/9/2 1094/9/2 1114/9/2
f 1095/8/2 1096/8/2 1114/8/2
f 1096/9/2 1097/9/2 1115/9/2
f 1114/8/2 1096/8/2 1115/8/2
f 1097/9/2 1098/9/2 1115/9/2
f 1098/8/2 1099/8/2 1116/8/2
f 1115/9/2 1098/9/2 1116/9/2
f 1099/8/2 1100/8/2 1116/8/2
f 1100/9/2 1101/9/2 1117/9/2
f 1116/8/2 1100/8/2 1117/8/2
f 1101/9/2 1102/9/2 1117/9/2
f 1103/8/2 1104/8/2 1118/8/2
f 1117/9/2 1102/9/2 1118/9/2
f 1102/8/2 1103/8/2 1118/8/2
f 1105/9/2 1106/9/2 1119/9/2
f 1118/8/2 1104/8/2 1119/8/2
f 1104/9/2 1105/9/2 1119/9/2
f 1107/8/2 1108/8/2 1120/8/2
f 1119/9/2 1106/9/2 1120/9/2
f 1106/8/2 1107/8/2 1120/8/2
f 1109/9/2 1110/9/2 1121/9/2
f 1120/8/2 1108/8/2 1121/8/2
f 1108/9/2 1109/9/2 1121/9/2
f 1111/8/2 1112/8/2 1122/8/2
f 1121/9/2 1110/9/2 1122/9/2
f 1110/8/2 1111/8/2 1122/8/2
f 1122/8/2 1112/8/2 1123/8/2
f 1124/2/2 1125/2/2 1126/2/2
f 1126/2/2 1125/2/2 1127/2/2
f 1126/1/2 1127/1/2 1128/1/2
f 1128/1/2 1127/1/2 1129/1/2
f 1128/2/2 1129/2/2 1130/2/2
f 1130/2/2 1129/2/2 1131/2/2
f 1132/9/2 1133/9/2 1152/9/2
f 1133/9/2 1134/9/2 1152/9/2
f 1134/8/2 1135/8/2 1153/8/2
f 1152/9/2 1134/9/2 1153/9/2
f 1135/8/2 1136/8/2 1153/8/2
f 1136/9/2 1137/9/2 1154/9/2
f 1153/8/2 1136/8/2 1154/8/2
f 1137/9/2 1138/9/2 1154/9/2
f 1138/8/2 1139/8/2 1155/8/2
f 1154/9/2 1138/9/2 1155/9/2
f 1139/8/2 1140/8/2 1155/8/2
f 1140/9/2 1141/9/2 1156/9/2
f 1155/8/2 1140/8/2 1156/8/2
f 1141/9/2 1142/9/2 1156/9/2
f 1143/8/2 1144/8/2 1157/8/2
f 1156/9/2 1142/9/2 1157/9/2
f 1142/8/2 1143/8/2 1157/8/2
f 1145/9/2 1146/9/2 1158/9/2
f 1157/8/2 1144/8/2 1158/8/2
f 1144/9/2 1145/9/2 1158/9/2
f 1147/8/2 1148/8/2 1159/8/2
f 1158/9/2 1146/9/2 1159/9/2
f 1146/8/2 1147/8/2 1159/8/2
f 1149/9/2 1150/9/2 1160/9/2
f 1159/8/2 1148/8/2 1160/8/2
f 1148/9/2 1149/9/2 1160/9/2
f 1150/8/2 1151/8/2 1161/8/2
f 1160/9/2 1150/9/2 1161/9/2
f 1161/8/2 1151/8/2 1162/8/2
f 1163/8/2 1164/8/2 1183/8/2
f 1164/9/2 1165/9/2 1184/9/2
f 1183/8/2 1164/8/2 1184/8/2
f 1165/9/2 1166/9/2 1184/9/2
f 1166/8/2 1167/8/2 1185/8/2
f 1184/9/2 1166/9/2 1185/9/2
f 1167/8/2 1168/8/2 1185/8/2
f 1168/9/2 1169/9/2 1186/9/2
f 1185/8/2 1168/8/2 1186/8/2
f 1169/9/2 1170/9/2 1186/9/2
f 1170/8/2 1171/8/2 1187/8/2
f 1186/9/2 1170/9/2 1187/9/2
f 1171/8/2 1172/8/2 1187/8/2
f 1172/9/2 1173/9/2 1188/9/2
f 1187/8/2 1172/8/2 1188/8/2
f 1173/9/2 1174/9/2 1188/9/2
f 1174/8/2 1175/8/2 1189/8/2
f 1188/9/2 1174/9/2 1189/9/2
f 1175/8/2 1176/8/2 1189/8/2
f 1177/9/2 1178/9/2 1190/9/2
f 1189/8/2 1176/8/2 1190/8/2
f 1176/9/2 1177/9/2 1190/9/2
f 1179/8/2 1180/8/2 1191/8/2
f 1190/9/2 1178/9/2 1191/9/2
f 1178/8/2 1179/8/2 1191/8/2
f 1181/9/2 1182/9/2 1192/9/2
f 1191/8/2 1180/8/2 1192/8/2
f 1180/9/2 1181/9/2 1192/9/2
f 1192/9/2 1182/9/2 1193/9/2
f 1194/8/2 1195/8/2 1214/8/2
f 1195/8/2 1196/8/2 1214/8/2
f 1196/9/2 1197/9/2 1215/9/2
f 1214/8/2 1196/8/2 1215/8/2
f 1197/9/2 1198/9/2 1215/9/2
f 1198/8/2 1199/8/2 1216/8/2
f 1215/9/2 1198/9/2 1216/9/2
f 1199/8/2 1200/8/2 1216/8/2
f 1200/9/2 1201/9/2 1217/9/2
f 1216/8/2 1200/8/2 1217/8/2
f 1201/9/2 1202/9/2 1217/9/2
f 1202/8/2 1203/8/2 1218/8/2
f 1217/9/2 1202/9/2 1218/9/2
f 1203/8/2 1204/8/2 1218/8/2
f 1204/9/2 1205/9/2 1219/9/2
f 1218/8/2 1204/8/2 1219/8/2
f 1205/9/2 1206/9/2 1219/9/2
f 1207/8/2 1208/8/2 1220/8/2
f 1219/9/2 1206/9/2 1220/9/2
f 1206/8/2 1207/8/2 1220/8/2
f 1209/9/2 1210/9/2 1221/9/2
f 1220/8/2 1208/8/2 1221/8/2
f 1208/9/2 1209/9/2 1221/9/2
f 1211/8/2 1212/8/2 1222/8/2
f 1221/9/2 1210/9/2 1222/9/2
f 1210/8/2 1211/8/2 1222/8/2
f 1212/9/2 1213/9/2 1223/9/2
f 1222/8/2 1212/8/2 1223/8/2
f 1223/9/2 1213/9/2 1224/9/2
f 1225/2/2 1226/2/2 1230/2/2
f 1230/2/2 1226/2/2 1231/2/2
f 1227/2/2 1228/2/2 1232/2/2
f 1228/1/2 1229/1/2 1233/1/2
f 1232/2/2 1228/2/2 1233/2/2
f 1233/1/2 1229/1/2 1234/1/2
f 1230/1/2 1231/1/2 1235/1/2
f 1235/1/2 1231/1/2 1236/1/2
f 1232/2/2 1233/2/2 1237/2/2
f 1233/2/2 1234/2/2 1237/2/2
f 1235/2/2 1236/2/2 1238/2/2
f 1238/2/2 1236/2/2 1239/2/2
f 1237/2/2 1234/2/2 1240/2/2
f 1240/2/2 1234/2/2 1241/2/2
f 1241/2/2 1234/2/2 1242/2/2
f 1238/1/2 1239/1/2 1243/1/2
f 1243/1/2 1239/1/2 1244/1/2
f 1240/2/2 1241/2/2 1245/2/2
f 1241/1/2 1242/1/2 1246/1/2
f 1245/2/2 1241/2/2 1246/2/2
f 1246/1/2 1242/1/2 1247/1/2
f 1243/2/2 1244/2/2 1248/2/2
f 1248/2/2 1244/2/2 1249/2/2
f 1245/2/2 1246/2/2 1250/2/2
f 1246/2/2 1247/2/2 1250/2/2
f 1250/2/2 1247/2/2 1251/2/2
f 1251/2/2 1247/2/2 1252/2/2
f 1248/1/2 1249/1/2 1253/1/2
f 1253/1/2 1249/1/2 1254/1/2
f 1250/2/2 1251/2/2 1255/2/2
f 1251/1/2 1252/1/2 1256/1/2
f 1255/2/2 1251/2/2 1256/2/2
f 1256/1/2 1252/1/2 1257/1/2
f 1253/2/2 1254/2/2 1258/2/2
f 1258/2/2 1254/2/2 1259/2/2
f 1255/2/2 1256/2/2 1260/2/2
f 1256/2/2 1257/2/2 1260/2/2
f 1260/2/2 1257/2/2 1261/2/2
f 1261/2/2 1257/2/2 1262/2/2
f 1258/1/2 1259/1/2 1263/1/2
f 1263/1/2 1259/1/2 1264/1/2
f 1260/2/2 1261/2/2 1265/2/2
f 1261/1/2 1262/1/2 1266/1/2
f 1265/2/2 1261/2/2 1266/2/2
f 1266/1/2 1262/1/2 1267/1/2
f 1268/9/2 1269/9/2 1288/9/2
f 1269/8/2 1270/8/2 1289/8/2
f 1288/9/2 1269/9/2 1289/9/2
f 1270/8/2 1271/8/2 1289/8/2
f 1271/9/2 1272/9/2 1290/9/2
f 1289/8/2 1271/8/2 1290/8/2
f 1272/9/2 1273/9/2 1290/9/2
f 1273/8/2 1274/8/2 1291/8/2
f 1290/9/2 1273/9/2 1291/9/2
f 1274/8/2 1275/8/2 1291/8/2
f 1276/9/2 1277/9/2 1292/9/2
f 1291/8/2 1275/8/2 1292/8/2
f 1275/9/2 1276/9/2 1292/9/2
f 1278/8/2 1279/8/2 1293/8/2
f 1292/9/2 1277/9/2 1293/9/2
f 1277/8/2 1278/8/2 1293/8/2
f 1280/9/2 1281/9/2 1294/9/2
f 1293/8/2 1279/8/2 1294/8/2
f 1279/9/2 1280/9/2 1294/9/2
f 1282/8/2 1283/8/2 1295/8/2
f 1294/9/2 1281/9/2 1295/9/2
f 1281/8/2 1282/8/2 1295/8/2
f 1284/9/2 1285/9/2 1296/9/2
f 1295/8/2 1283/8/2 1296/8/2
f 1283/9/2 1284/9/2 1296/9/2
f 1285/8/2 1286/8/2 1297/8/2
f 1296/9/2 1285/9/2 1297/9/2
f 1286/8/2 1287/8/2 1297/8/2
f 1297/8/2 1287/8/2 1298/8/2
f 1299/1/2 1300/1/2 1307/1/2
f 1300/2/2 1301/2/2 1308/2/2
f 1307/1/2 1300/1/2 1308/1/2
f 1308/2/2 1301/2/2 1309/2/2
f 1301/1/2 1302/1/2 1310/1/2
f 1309/2/2 1301/2/2 1310/2/2
f 1310/1/2 1302/1/2 1311/1/2
f 1302/2/2 1303/2/2 1312/2/2
f 1311/1/2 1302/1/2 1312/1/2
f 1312/2/2 1303/2/2 1313/2/2
f 1303/1/2 1304/1/2 1314/1/2
f 1313/2/2 1303/2/2 1314/2/2
f 1314/1/2 1304/1/2 1315/1/2
f 1304/2/2 1305/2/2 1316/2/2
f 1315/1/2 1304/1/2 1316/1/2
f 1316/2/2 1305/2/2 1317/2/2
f 1305/1/2 1306/1/2 1318/1/2
f 1317/2/2 1305/2/2 1318/2/2
f 1318/1/2 1306/1/2 1319/1/2
f 1319/1/2 1306/1/2 1320/1/2
f 1299/1/2 1307/1/2 1321/1/2
f 1308/2/2 1309/2/2 1321/2/2
f 1307/2/2 1308/2/2 1321/2/2
f 1321/2/2 1309/2/2 1322/2/2
f 1310/1/2 1311/1/2 1323/1/2
f 1322/2/2 1309/2/2 1323/2/2
f 1309/1/2 1310/1/2 1323/1/2
f 1323/1/2 1311/1/2 1324/1/2
f 1312/2/2 1313/2/2 1325/2/2
f 1324/1/2 1311/1/2 1325/1/2
f 1311/2/2 1312/2/2 1325/2/2
f 1325/2/2 1313/2/2 1326/2/2
f 1314/1/2 1315/1/2 1327/1/2
f 1326/2/2 1313/2/2 1327/2/2
f 1313/1/2 1314/1/2 1327/1/2
f 1327/1/2 1315/1/2 1328/1/2
f 1316/2/2 1317/2/2 1329/2/2
f 1328/1/2 1315/1/2 1329/1/2
f 1315/2/2 1316/2/2 1329/2/2
f 1329/2/2 1317/2/2 1330/2/2
f 1318/1/2 1319/1/2 1331/1/2
f 1330/2/2 1317/2/2 1331/2/2
f 1317/1/2 1318/1/2 1331/1/2
f 1331/1/2 1319/1/2 1332/1/2
f 1319/2/2 1320/2/2 1333/2/2
f 1332/1/2 1319/1/2 1333/1/2
f 1333/2/2 1320/2/2 1334/2/2
f 1321/1/2 1322/1/2 1335/1/2
f 1299/1/2 1321/1/2 1335/1/2
f 1323/2/2 1324/2/2 1336/2/2
f 1335/1/2 1322/1/2 1336/1/2
f 1322/2/2 1323/2/2 1336/2/2
f 1336/2/2 1324/2/2 1337/2/2
f 1325/1/2 1326/1/2 1338/1/2
f 1337/2/2 1324/2/2 1338/2/2
f 1324/1/2 1325/1/2 1338/1/2
f 1338/1/2 1326/1/2 1339/1/2
f 1327/2/2 1328/2/2 1340/2/2
f 1339/1/2 1326/1/2 1340/1/2
f 1326/2/2 1327/2/2 1340/2/2
f 1340/2/2 1328/2/2 1341/2/2
f 1329/1/2 1330/1/2 1342/1/2
f 1341/2/2 1328/2/2 1342/2/2
f 1328/1/2 1329/1/2 1342/1/2
f 1342/1/2 1330/1/2 1343/1/2
f 1331/2/2 1332/2/2 1344/2/2
f 1343/1/2 1330/1/2 1344/1/2
f 1330/2/2 1331/2/2 1344/2/2
f 1344/2/2 1332/2/2 1345/2/2
f 1333/1/2 1334/1/2 1346/1/2
f 1345/2/2 1332/2/2 1346/2/2
f 1332/1/2 1333/1/2 1346/1/2
f 1346/1/2 1334/1/2 1347/1/2
f 1347/1/2 1334/1/2 1348/1/2
f 1299/1/2 1335/1/2 1349/1/2
f 1336/2/2 1337/2/2 1349/2/2
f 1335/2/2 1336/2/2 1349/2/2
f 1349/2/2 1337/2/2 1350/2/2
f 1338/1/2 1339/1/2 1351/1/2
f 1350/2/2 1337/2/2 1351/2/2
f 1337/1/2 1338/1/2 1351/1/2
f 1351/1/2 1339/1/2 1352/1/2
f 1340/2/2 1341/2/2 1353/2/2
f 1352/1/2 1339/1/2 1353/1/2
f 1339/2/2 1340/2/2 1353/2/2
f 1353/2/2 1341/2/2 1354/2/2
f 1342/1/2 1343/1/2 1355/1/2
f 1354/2/2 1341/2/2 1355/2/2
f 1341/1/2 1342/1/2 1355/1/2
f 1355/1/2 1343/1/2 1356/1/2
f 1344/2/2 1345/2/2 1357/2/2
f 1356/1/2 1343/1/2 1357/1/2
f 1343/2/2 1344/2/2 1357/2/2
f 1357/2/2 1345/2/2 1358/2/2
f 1346/1/2 1347/1/2 1359/1/2
f 1358/2/2 1345/2/2 1359/2/2
f 1345/1/2 1346/1/2 1359/1/2
f 1359/1/2 1347/1/2 1360/1/2
f 1347/2/2 1348/2/2 1361/2/2
f 1360/1/2 1347/1/2 1361/1/2
f 1361/2/2 1348/2/2 1362/2/2
f 1349/1/2 1350/1/2 1363/1/2
f 1299/1/2 1349/1/2 1363/1/2
f 1351/2/2 1352/2/2 1364/2/2
f 1363/1/2 1350/1/2 1364/1/2
f 1350/2/2 1351/2/2 1364/2/2
f 1364/2/2 1352/2/2 1365/2/2
f 1353/1/2 1354/1/2 1366/1/2
f 1365/2/2 1352/2/2 1366/2/2
f 1352/1/2 1353/1/2 1366/1/2
f 1366/1/2 1354/1/2 1367/1/2
f 1355/2/2 1356/2/2 1368/2/2
f 1367/1/2 1354/1/2 1368/1/2
f 1354/2/2 1355/2/2 1368/2/2
f 1368/2/2 1356/2/2 1369/2/2
f 1357/1/2 1358/1/2 1370/1/2
f 1369/2/2 1356/2/2 1370/2/2
f 1356/1/2 1357/1/2 1370/1/2
f 1370/1/2 1358/1/2 1371/1/2
f 1359/2/2 1360/2/2 1372/2/2
f 1371/1/2 1358/1/2 1372/1/2
f 1358/2/2 1359/2/2 1372/2/2
f 1372/2/2 1360/2/2 1373/2/2
f 1361/1/2 1362/1/2 1374/1/2
f 1373/2/2 1360/2/2 1374/2/2
f 1360/1/2 1361/1/2 1374/1/2
f 1374/1/2 1362/1/2 1375/1/2
f 1375/1/2 1362/1/2 1376/1/2
f 1364/2/2 1365/2/2 1377/2/2
f 1299/1/2 1363/1/2 1377/1/2
f 1363/2/2 1364/2/2 1377/2/2
f 1377/2/2 1365/2/2 1378/2/2
f 1366/1/2 1367/1/2 1379/1/2
f 1378/2/2 1365/2/2 1379/2/2
f 1365/1/2 1366/1/2 1379/1/2
f 1379/1/2 1367/1/2 1380/1/2
f 1368/2/2 1369/2/2 1381/2/2
f 1380/1/2 1367/1/2 1381/1/2
f 1367/2/2 1368/2/2 1381/2/2
f 1381/2/2 1369/2/2 1382/2/2
f 1370/1/2 1371/1/2 1383/1/2
f 1382/2/2 1369/2/2 1383/2/2
f 1369/1/2 1370/1/2 1383/1/2
f 1383/1/2 1371/1/2 1384/1/2
f 1372/2/2 1373/2/2 1385/2/2
f 1384/1/2 1371/1/2 1385/1/2
f 1371/2/2 1372/2/2 1385/2/2
f 1385/2/2 1373/2/2 1386/2/2
f 1374/1/2 1375/1/2 1387/1/2
f 1386/2/2 1373/2/2 1387/2/2
f 1373/1/2 1374/1/2 1387/1/2
f 1387/1/2 1375/1/2 1388/1/2
f 1375/2/2 1376/2/2 1389/2/2
f 1388/1/2 1375/1/2 1389/1/2
f 1389/2/2 1376/2/2 1390/2/2
f 1377/1/2 1378/1/2 1391/1/2
f 1299/1/2 1377/1/2 1391/1/2
f 1379/2/2 1380/2/2 1392/2/2
f 1391/1/2 1378/1/2 1392/1/2
f 1378/2/2 1379/2/2 1392/2/2
f 1392/2/2 1380/2/2 1393/2/2
f 1381/1/2 1382/1/2 1394/1/2
f 1393/2/2 1380/2/2 1394/2/2
f 1380/1/2 1381/1/2 1394/1/2
f 1394/1/2 1382/1/2 1395/1/2
f 1383/2/2 1384/2/2 1396/2/2
f 1395/1/2 1382/1/2 1396/1/2
f 1382/2/2 1383/2/2 1396/2/2
f 1396/2/2 1384/2/2 1397/2/2
f 1385/1/2 1386/1/2 1398/1/2
f 1397/2/2 1384/2/2 1398/2/2
f 1384/1/2 1385/1/2 1398/1/2
f 1398/1/2 1386/1/2 1399/1/2
f 1387/2/2 1388/2/2 1400/2/2
f 1399/1/2 1386/1/2 1400/1/2
f 1386/2/2 1387/2/2 1400/2/2
f 1400/2/2 1388/2/2 1401/2/2
f 1389/1/2 1390/1/2 1402/1/2
f 1401/2/2 1388/2/2 1402/2/2
f 1388/1/2 1389/1/2 1402/1/2
f 1402/1/2 1390/1/2 1403/1/2
f 1403/1/2 1390/1/2 1404/1/2
f 1299/1/2 1391/1/2 1405/1/2
f 1392/2/2 1393/2/2 1406/2/2
f 1405/1/2 1391/1/2 1406/1/2
f 1391/2/2 1392/2/2 1406/2/2
f 1394/1/2 1395/1/2 1407/1/2
f 1406/2/2 1393/2/2 1407/2/2
f 1393/1/2 1394/1/2 1407/1/2
f 1396/2/2 1397/2/2 1408/2/2
f 1407/1/2 1395/1/2 1408/1/2
f 1395/2/2 1396/2/2 1408/2/2
f 1398/1/2 1399/1/2 1409/1/2
f 1408/2/2 1397/2/2 1409/2/2
f 1397/1/2 1398/1/2 1409/1/2
f 1400/2/2 1401/2/2 1410/2/2
f 1409/1/2 1399/1/2 1410/1/2
f 1399/2/2 1400/2/2 1410/2/2
f 1402/1/2 1403/1/2 1411/1/2
f 1410/2/2 1401/2/2 1411/2/2
f 1401/1/2 1402/1/2 1411/1/2
f 1403/2/2 1404/2/2 1412/2/2
f 1411/1/2 1403/1/2 1412/1/2
f 1412/2/2 1404/2/2 1413/2/2
f 1414/9/2 1415/9/2 1434/9/2
f 1415/9/2 1416/9/2 1434/9/2
f 1416/8/2 1417/8/2 1435/8/2
f 1434/9/2 1416/9/2 1435/9/2
f 1417/8/2 1418/8/2 1435/8/2
f 1418/9/2 1419/9/2 1436/9/2
f 1435/8/2 1418/8/2 1436/8/2
f 1419/9/2 1420/9/2 1436/9/2
f 1421/8/2 1422/8/2 1437/8/2
f 1436/9/2 1420/9/2 1437/9/2
f 1420/8/2 1421/8/2 1437/8/2
f 1423/9/2 1424/9/2 1438/9/2
f 1437/8/2 1422/8/2 1438/8/2
f 1422/9/2 1423/9/2 1438/9/2
f 1425/8/2 1426/8/2 1439/8/2
f 1438/9/2 1424/9/2 1439/9/2
f 1424/8/2 1425/8/2 1439/8/2
f 1427/9/2 1428/9/2 1440/9/2
f 1439/8/2 1426/8/2 1440/8/2
f 1426/9/2 1427/9/2 1440/9/2
f 1429/8/2 1430/8/2 1441/8/2
f 1440/9/2 1428/9/2 1441/9/2
f 1428/8/2 1429/8/2 1441/8/2
f 1430/9/2 1431/9/2 1442/9/2
f 1441/8/2 1430/8/2 1442/8/2
f 1431/9/2 1432/9/2 1442/9/2
f 1432/8/2 1433/8/2 1443/8/2
f 1442/9/2 1432/9/2 1443/9/2
f 1443/8/2 1433/8/2 1444/8/2
f 1445/8/2 1446/8/2 1456/8/2
f 1446/9/2 1447/9/2 1457/9/2
f 1456/8/2 1446/8/2 1457/8/2
f 1447/8/2 1448/8/2 1458/8/2
f 1457/9/2 1447/9/2 1458/9/2
f 1448/9/2 1449/9/2 1459/9/2
f 1458/8/2 1448/8/2 1459/8/2
f 1449/8/2 1450/8/2 1460/8/2
f 1459/9/2 1449/9/2 1460/9/2
f 1450/9/2 1451/9/2 1461/9/2
f 1460/8/2 1450/8/2 1461/8/2
f 1451/8/2 1452/8/2 1462/8/2
f 1461/9/2 1451/9/2 1462/9/2
f 1452/9/2 1453/9/2 1463/9/2
f 1462/8/2 1452/8/2 1463/8/2
f 1453/8/2 1454/8/2 1464/8/2
f 1463/9/2 1453/9/2 1464/9/2
f 1454/9/2 1455/9/2 1465/9/2
f 1464/8/2 1454/8/2 1465/8/2
f 1465/9/2 1455/9/2 1466/9/2
f 1469/8/3 1468/8/3 1467/8/3
f 1471/8/3 1469/8/3 1467/8/3
f 1471/8/3 1470/8/3 1469/8/3
f 1472/8/3 1470/8/3 1471/8/3
f 1473/8/3 1470/8/3 1472/8/3
f 1475/8/3 1474/8/3 1473/8/3
f 1475/8/3 1473/8/3 1472/8/3
f 1476/8/3 1474/8/3 1475/8/3
f 1478/8/3 1477/8/3 1476/8/3
f 1479/8/3 1477/8/3 1478/8/3
f 1481/9/3 1480/9/3 1479/9/3
f 1482/9/3 1480/9/3 1481/9/3
f 1484/9/3 1483/9/3 1482/9/3
f 1485/9/3 1483/9/3 1484/9/3
f 1487/8/3 1486/8/3 1485/8/3
f 1488/8/3 1486/8/3 1487/8/3
f 1491/8/3 1489/8/3 1488/8/3
f 1492/8/3 1489/8/3 1491/8/3
f 1494/9/3 1491/9/3 1490/9/3
f 1495/9/3 1491/9/3 1494/9/3
f 1497/9/3 1494/9/3 1493/9/3
f 1498/9/3 1494/9/3 1497/9/3
f 1500/8/3 1497/8/3 1496/8/3
f 1501/8/3 1497/8/3 1500/8/3
f 1504/8/3 1500/8/3 1499/8/3
f 1505/8/3 1500/8/3 1504/8/3
f 1507/8/3 1503/8/3 1502/8/3
f 1508/9/3 1504/9/3 1503/9/3
f 1508/8/3 1503/8/3 1507/8/3
f 1509/9/3 1504/9/3 1508/9/3
f 1510/8/3 1507/8/3 1506/8/3
f 1510/9/3 1508/9/3 1507/9/3
f 1511/9/3 1508/9/3 1510/9/3
f 1512/8/3 1510/8/3 1506/8/3
f 1513/8/3 1510/8/3 1512/8/3
f 1517/1/3 1515/1/3 1514/1/3
f 1517/1/3 1516/1/3 1515/1/3
f 1518/1/3 1516/1/3 1517/1/3
f 1519/1/3 1516/1/3 1518/1/3
f 1520/1/3 1516/1/3 1519/1/3
f 1521/1/3 1516/1/3 1520/1/3
f 1522/1/3 1516/1/3 1521/1/3
f 1523/1/3 1516/1/3 1522/1/3
f 1524/1/3 1516/1/3 1523/1/3
f 1525/1/3 1516/1/3 1524/1/3
f 1528/1/3 1517/1/3 1514/1/3
f 1529/2/3 1518/2/3 1517/2/3
f 1529/1/3 1517/1/3 1528/1/3
f 1530/1/3 1519/1/3 1518/1/3
f 1530/2/3 1518/2/3 1529/2/3
f 1531/2/3 1520/2/3 1519/2/3
f 1531/1/3 1519/1/3 1530/1/3
f 1532/1/3 1521/1/3 1520/1/3
f 1532/2/3 1520/2/3 1531/2/3
f 1533/2/3 1522/2/3 1521/2/3
f 1533/1/3 1521/1/3 1532/1/3
f 1534/1/3 1523/1/3 1522/1/3
f 1534/2/3 1522/2/3 1533/2/3
f 1535/2/3 1524/2/3 1523/2/3
f 1535/1/3 1523/1/3 1534/1/3
f 1536/1/3 1525/1/3 1524/1/3
f 1536/2/3 1524/2/3 1535/2/3
f 1537/2/3 1526/2/3 1525/2/3
f 1537/1/3 1525/1/3 1536/1/3
f 1538/1/3 1527/1/3 1526/1/3
f 1538/2/3 1526/2/3 1537/2/3
f 1539/1/3 1527/1/3 1538/1/3
f 1541/2/3 1537/2/3 1536/2/3
f 1541/2/3 1540/2/3 1539/2/3
f 1541/2/3 1539/2/3 1538/2/3
f 1541/2/3 1538/2/3 1537/2/3
f 1541/2/3 1536/2/3 1535/2/3
f 1541/2/3 1535/2/3 1534/2/3
f 1541/2/3 1534/2/3 1533/2/3
f 1541/2/3 1533/2/3 1532/2/3
f 1541/2/3 1532/2/3 1531/2/3
f 1541/2/3 1531/2/3 1530/2/3
f 1541/2/3 1530/2/3 1529/2/3
f 1541/2/3 1529/2/3 1528/2/3
f 1542/2/3 1540/2/3 1541/2/3
f 1543/2/3 1540/2/3 1542/2/3
f 1544/2/3 1540/2/3 1543/2/3
f 1545/2/3 1540/2/3 1544/2/3
f 1546/2/3 1540/2/3 1545/2/3
f 1547/2/3 1540/2/3 1546/2/3
f 1548/2/3 1540/2/3 1547/2/3
f 1549/2/3 1540/2/3 1548/2/3
f 1550/2/3 1540/2/3 1549/2/3
f 1551/2/3 1540/2/3 1550/2/3
f 1552/2/3 1540/2/3 1551/2/3
f 1554/2/3 1541/2/3 1528/2/3
f 1555/1/3 1542/1/3 1541/1/3
f 1555/2/3 1541/2/3 1554/2/3
f 1556/2/3 1543/2/3 1542/2/3
f 1556/1/3 1542/1/3 1555/1/3
f 1557/1/3 1544/1/3 1543/1/3
f 1557/2/3 1543/2/3 1556/2/3
f 1558/2/3 1545/2/3 1544/2/3
f 1558/1/3 1544/1/3 1557/1/3
f 1559/1/3 1546/1/3 1545/1/3
f 1559/2/3 1545/2/3 1558/2/3
f 1560/2/3 1547/2/3 1546/2/3
f 1560/1/3 1546/1/3 1559/1/3
f 1561/1/3 1548/1/3 1547/1/3
f 1561/2/3 1547/2/3 1560/2/3
f 1562/2/3 1549/2/3 1548/2/3
f 1562/1/3 1548/1/3 1561/1/3
f 1563/1/3 1550/1/3 1549/1/3
f 1563/2/3 1549/2/3 1562/2/3
f 1564/2/3 1551/2/3 1550/2/3
f 1564/1/3 1550/1/3 1563/1/3
f 1565/1/3 1552/1/3 1551/1/3
f 1565/2/3 1551/2/3 1564/2/3
f 1566/2/3 1553/2/3 1552/2/3
f 1566/1/3 1552/1/3 1565/1/3
f 1567/2/3 1553/2/3 1566/2/3
f 1569/1/3 1565/1/3 1564/1/3
f 1569/1/3 1568/1/3 1567/1/3
f 1569/1/3 1567/1/3 1566/1/3
f 1569/1/3 1566/1/3 1565/1/3
f 1569/1/3 1564/1/3 1563/1/3
f 1569/1/3 1563/1/3 1562/1/3
f 1569/1/3 1562/1/3 1561/1/3
f 1569/1/3 1561/1/3 1560/1/3
f 1569/1/3 1560/1/3 1559/1/3
f 1569/1/3 1559/1/3 1558/1/3
f 1569/1/3 1558/1/3 1557/1/3
f 1569/1/3 1557/1/3 1556/1/3
f 1569/1/3 1556/1/3 1555/1/3
f 1569/1/3 1555/1/3 1554/1/3
f 1570/1/3 1568/1/3 1569/1/3
f 1571/1/3 1568/1/3 1570/1/3
f 1572/1/3 1568/1/3 1571/1/3
f 1573/1/3 1568/1/3 1572/1/3
f 1574/1/3 1568/1/3 1573/1/3
f 1575/1/3 1568/1/3 1574/1/3
f 1576/1/3 1568/1/3 1575/1/3
f 1577/1/3 1568/1/3 1576/1/3
f 1578/1/3 1568/1/3 1577/1/3
f 1579/1/3 1568/1/3 1578/1/3
f 1580/1/3 1568/1/3 1579/1/3
f 1581/1/3 1568/1/3 1580/1/3
f 1582/1/3 1568/1/3 1581/1/3
f 1584/1/3 1569/1/3 1554/1/3
f 1585/2/3 1570/2/3 1569/2/3
f 1585/1/3 1569/1/3 1584/1/3
f 1586/1/3 1571/1/3 1570/1/3
f 1586/2/3 1570/2/3 1585/2/3
f 1587/2/3 1572/2/3 1571/2/3
f 1587/1/3 1571/1/3 1586/1/3
f 1588/1/3 1573/1/3 1572/1/3
f 1588/2/3 1572/2/3 1587/2/3
f 1589/2/3 1574/2/3 1573/2/3
f 1589/1/3 1573/1/3 1588/1/3
f 1590/1/3 1575/1/3 1574/1/3
f 1590/2/3 1574/2/3 1589/2/3
f 1591/2/3 1576/2/3 1575/2/3
f 1591/1/3 1575/1/3 1590/1/3
f 1592/1/3 1577/1/3 1576/1/3
f 1592/2/3 1576/2/3 1591/2/3
f 1593/2/3 1578/2/3 1577/2/3
f 1593/1/3 1577/1/3 1592/1/3
f 1594/1/3 1579/1/3 1578/1/3
f 1594/2/3 1578/2/3 1593/2/3
f 1595/2/3 1580/2/3 1579/2/3
f 1595/1/3 1579/1/3 1594/1/3
f 1596/1/3 1581/1/3 1580/1/3
f 1596/2/3 1580/2/3 1595/2/3
f 1597/2/3 1582/2/3 1581/2/3
f 1597/1/3 1581/1/3 1596/1/3
f 1598/1/3 1583/1/3 1582/1/3
f 1598/2/3 1582/2/3 1597/2/3
f 1599/1/3 1583/1/3 1598/1/3
f 1600/2/3 1597/2/3 1596/2/3
f 1600/2/3 1585/2/3 1584/2/3
f 1600/2/3 1599/2/3 1598/2/3
f 1600/2/3 1598/2/3 1597/2/3
f 1600/2/3 1596/2/3 1595/2/3
f 1600/2/3 1595/2/3 1594/2/3
f 1600/2/3 1594/2/3 1593/2/3
f 1600/2/3 1593/2/3 1592/2/3
f 1600/2/3 1592/2/3 1591/2/3
f 1600/2/3 1591/2/3 1590/2/3
f 1600/2/3 1590/2/3 1589/2/3
f 1600/2/3 1589/2/3 1588/2/3
f 1600/2/3 1588/2/3 1587/2/3
f 1600/2/3 1587/2/3 1586/2/3
f 1600/2/3 1586/2/3 1585/2/3
f 1601/2/3 1599/2/3 1600/2/3
f 1602/2/3 1599/2/3 1601/2/3
f 1603/2/3 1599/2/3 1602/2/3
f 1604/2/3 1599/2/3 1603/2/3
f 1605/2/3 1599/2/3 1604/2/3
f 1606/2/3 1599/2/3 1605/2/3
f 1607/2/3 1599/2/3 1606/2/3
f 1608/2/3 1599/2/3 1607/2/3
f 1609/2/3 1599/2/3 1608/2/3
f 1610/2/3 1599/2/3 1609/2/3
f 1611/2/3 1599/2/3 1610/2/3
f 1612/2/3 1599/2/3 1611/2/3
f 1613/2/3 1599/2/3 1612/2/3
f 1614/2/3 1599/2/3 1613/2/3
f 1615/2/3 1600/2/3 1584/2/3
f 1616/1/3 1601/1/3 1600/1/3
f 1616/2/3 1600/2/3 1615/2/3
f 1617/2/3 1602/2/3 1601/2/3
f 1617/1/3 1601/1/3 1616/1/3
f 1618/1/3 1603/1/3 1602/1/3
f 1618/2/3 1602/2/3 1617/2/3
f 1619/2/3 1604/2/3 1603/2/3
f 1619/1/3 1603/1/3 1618/1/3
f 1620/1/3 1605/1/3 1604/1/3
f 1620/2/3 1604/2/3 1619/2/3
f 1621/2/3 1606/2/3 1605/2/3
f 1621/1/3 1605/1/3 1620/1/3
f 1622/1/3 1607/1/3 1606/1/3
f 1622/2/3 1606/2/3 1621/2/3
f 1623/2/3 1608/2/3 1607/2/3
f 1623/1/3 1607/1/3 1622/1/3
f 1624/1/3 1609/1/3 1608/1/3
f 1624/2/3 1608/2/3 1623/2/3
f 1625/2/3 1610/2/3 1609/2/3
f 1625/1/3 1609/1/3 1624/1/3
f 1626/1/3 1611/1/3 1610/1/3
f 1626/2/3 1610/2/3 1625/2/3
f 1627/2/3 1612/2/3 1611/2/3
f 1627/1/3 1611/1/3 1626/1/3
f 1628/1/3 1613/1/3 1612/1/3
f 1628/2/3 1612/2/3 1627/2/3
f 1629/1/3 1613/1/3 1628/1/3
f 1630/1/3 1616/1/3 1615/1/3
f 1630/1/3 1617/1/3 1616/1/3
f 1630/1/3 1628/1/3 1627/1/3
f 1630/1/3 1627/1/3 1626/1/3
f 1630/1/3 1626/1/3 1625/1/3
f 1630/1/3 1625/1/3 1624/1/3
f 1630/1/3 1624/1/3 1623/1/3
f 1630/1/3 1623/1/3 1622/1/3
f 1630/1/3 1622/1/3 1621/1/3
f 1630/1/3 1621/1/3 1620/1/3
f 1630/1/3 1620/1/3 1619/1/3
f 1630/1/3 1619/1/3 1618/1/3
f 1630/1/3 1618/1/3 1617/1/3
f 1631/1/3 1628/1/3 1630/1/3
f 1632/1/3 1628/1/3 1631/1/3
f 1633/1/3 1628/1/3 1632/1/3
f 1634/1/3 1628/1/3 1633/1/3
f 1635/1/3 1628/1/3 1634/1/3
f 1636/1/3 1628/1/3 1635/1/3
f 1637/1/3 1628/1/3 1636/1/3
f 1638/1/3 1628/1/3 1637/1/3
f 1639/1/3 1628/1/3 1638/1/3
f 1640/1/3 1628/1/3 1639/1/3
f 1641/1/3 1628/1/3 1640/1/3
f 1642/1/3 1628/1/3 1641/1/3
f 1643/1/3 1630/1/3 1615/1/3
f 1644/2/3 1631/2/3 1630/2/3
f 1644/1/3 1630/1/3 1643/1/3
f 1645/1/3 1632/1/3 1631/1/3
f 1645/2/3 1631/2/3 1644/2/3
f 1646/2/3 1633/2/3 1632/2/3
f 1646/1/3 1632/1/3 1645/1/3
f 1647/1/3 1634/1/3 1633/1/3
f 1647/2/3 1633/2/3 1646/2/3
f 1648/2/3 1635/2/3 1634/2/3
f 1648/1/3 1634/1/3 1647/1/3
f 1649/1/3 1636/1/3 1635/1/3
f 1649/2/3 1635/2/3 1648/2/3
f 1650/2/3 1637/2/3 1636/2/3
f 1650/1/3 1636/1/3 1649/1/3
f 1651/1/3 1638/1/3 1637/1/3
f 1651/2/3 1637/2/3 1650/2/3
f 1652/2/3 1639/2/3 1638/2/3
f 1652/1/3 1638/1/3 1651/1/3
f 1653/1/3 1640/1/3 1639/1/3
f 1653/2/3 1639/2/3 1652/2/3
f 1654/2/3 1641/2/3 1640/2/3
f 1654/1/3 1640/1/3 1653/1/3
f 1655/2/3 1641/2/3 1654/2/3
f 1656/2/3 1644/2/3 1643/2/3
f 1656/2/3 1645/2/3 1644/2/3
f 1656/2/3 1654/2/3 1653/2/3
f 1656/2/3 1653/2/3 1652/2/3
f 1656/2/3 1652/2/3 1651/2/3
f 1656/2/3 1651/2/3 1650/2/3
f 1656/2/3 1650/2/3 1649/2/3
f 1656/2/3 1649/2/3 1648/2/3
f 1656/2/3 1648/2/3 1647/2/3
f 1656/2/3 1647/2/3 1646/2/3
f 1656/2/3 1646/2/3 1645/2/3
f 1657/2/3 1654/2/3 1656/2/3
f 1658/2/3 1654/2/3 1657/2/3
f 1659/2/3 1654/2/3 1658/2/3
f 1660/2/3 1654/2/3 1659/2/3
f 1661/2/3 1654/2/3 1660/2/3
f 1662/2/3 1654/2/3 1661/2/3
f 1663/2/3 1654/2/3 1662/2/3
f 1664/2/3 1654/2/3 1663/2/3
f 1665/2/3 1654/2/3 1664/2/3
f 1666/2/3 1654/2/3 1665/2/3
f 1667/2/3 1656/2/3 1643/2/3
f 1668/1/3 1657/1/3 1656/1/3
f 1668/2/3 1656/2/3 1667/2/3
f 1669/2/3 1658/2/3 1657/2/3
f 1669/1/3 1657/1/3 1668/1/3
f 1670/1/3 1659/1/3 1658/1/3
f 1670/2/3 1658/2/3 1669/2/3
f 1671/2/3 1660/2/3 1659/2/3
f 1671/1/3 1659/1/3 1670/1/3
f 1672/1/3 1661/1/3 1660/1/3
f 1672/2/3 1660/2/3 1671/2/3
f 1673/2/3 1662/2/3 1661/2/3
f 1673/1/3 1661/1/3 1672/1/3
f 1674/1/3 1663/1/3 1662/1/3
f 1674/2/3 1662/2/3 1673/2/3
f 1675/2/3 1664/2/3 1663/2/3
f 1675/1/3 1663/1/3 1674/1/3
f 1676/2/3 1664/2/3 1675/2/3
f 1686/2/3 1678/2/3 1677/2/3
f 1687/1/3 1679/1/3 1678/1/3
f 1687/2/3 1678/2/3 1686/2/3
f 1688/2/3 1680/2/3 1679/2/3
f 1688/1/3 1679/1/3 1687/1/3
f 1689/1/3 1681/1/3 1680/1/3
f 1689/2/3 1680/2/3 1688/2/3
f 1690/2/3 1682/2/3 1681/2/3
f 1690/1/3 1681/1/3 1689/1/3
f 1691/1/3 1683/1/3 1682/1/3
f 1691/2/3 1682/2/3 1690/2/3
f 1692/2/3 1684/2/3 1683/2/3
f 1692/1/3 1683/1/3 1691/1/3
f 1693/1/3 1685/1/3 1684/1/3
f 1693/2/3 1684/2/3 1692/2/3
f 1694/1/3 1685/1/3 1693/1/3
f 1704/1/3 1696/1/3 1695/1/3
f 1704/1/3 1703/1/3 1702/1/3
f 1704/1/3 1702/1/3 1701/1/3
f 1704/1/3 1701/1/3 1700/1/3
f 1704/1/3 1700/1/3 1699/1/3
f 1704/1/3 1699/1/3 1698/1/3
f 1704/1/3 1698/1/3 1697/1/3
f 1704/1/3 1697/1/3 1696/1/3
f 1705/1/3 1703/1/3 1704/1/3
f 1716/2/3 1707/2/3 1706/2/3
f 1716/2/3 1715/2/3 1714/2/3
f 1716/2/3 1714/2/3 1713/2/3
f 1716/2/3 1713/2/3 1712/2/3
f 1716/2/3 1712/2/3 1711/2/3
f 1716/2/3 1711/2/3 1710/2/3
f 1716/2/3 1710/2/3 1709/2/3
f 1716/2/3 1709/2/3 1708/2/3
f 1716/2/3 1708/2/3 1707/2/3
f 1717/2/3 1715/2/3 1716/2/3
f 1720/2/3 1719/2/3 1718/2/3
f 1721/2/3 1719/2/3 1720/2/3
f 1722/2/3 1719/2/3 1721/2/3
f 1729/2/3 1724/2/3 1723/2/3
f 1729/5/3 1725/5/3 1724/5/3
f 1730/7/3 1726/7/3 1725/7/3
f 1730/5/3 1725/5/3 1729/5/3
f 1731/6/3 1727/6/3 1726/6/3
f 1731/7/3 1726/7/3 1730/7/3
f 1732/2/3 1728/2/3 1727/2/3
f 1732/6/3 1727/6/3 1731/6/3
f 1733/6/3 1730/6/3 1729/6/3
f 1733/2/3 1729/2/3 1723/2/3
f 1734/5/3 1731/5/3 1730/5/3
f 1734/6/3 1730/6/3 1733/6/3
f 1735/7/3 1732/7/3 1731/7/3
f 1735/5/3 1731/5/3 1734/5/3
f 1736/2/3 1728/2/3 1732/2/3
f 1736/7/3 1732/7/3 1735/7/3
f 1737/2/3 1733/2/3 1723/2/3
f 1737/2/3 1735/2/3 1734/2/3
f 1737/2/3 1736/2/3 1735/2/3
f 1737/2/3 1734/2/3 1733/2/3
f 1738/2/3 1736/2/3 1737/2/3
f 1739/2/3 1736/2/3 1738/2/3
f 1740/2/3 1736/2/3 1739/2/3
f 1741/2/3 1736/2/3 1740/2/3
f 1742/2/3 1728/2/3 1736/2/3
f 1742/2/3 1736/2/3 1741/2/3
f 1747/3/3 1738/3/3 1737/3/3
f 1748/4/3 1739/4/3 1738/4/3
f 1748/3/3 1738/3/3 1747/3/3
f 1749/3/3 1740/3/3 1739/3/3
f 1749/4/3 1739/4/3 1748/4/3
f 1750/4/3 1741/4/3 1740/4/3
f 1750/3/3 1740/3/3 1749/3/3
f 1751/2/3 1742/2/3 1741/2/3
f 1751/4/3 1741/4/3 1750/4/3
f 1752/2/3 1742/2/3 1751/2/3
f 1753/7/3 1743/7/3 1742/7/3
f 1753/2/3 1742/2/3 1752/2/3
f 1754/5/3 1744/5/3 1743/5/3
f 1754/7/3 1743/7/3 1753/7/3
f 1755/6/3 1745/6/3 1744/6/3
f 1755/5/3 1744/5/3 1754/5/3
f 1756/7/3 1746/7/3 1745/7/3
f 1756/6/3 1745/6/3 1755/6/3
f 1757/7/3 1746/7/3 1756/7/3
f 1758/4/3 1748/4/3 1747/4/3
f 1759/3/3 1749/3/3 1748/3/3
f 1759/4/3 1748/4/3 1758/4/3
f 1760/4/3 1750/4/3 1749/4/3
f 1760/3/3 1749/3/3 1759/3/3
f 1761/3/3 1751/3/3 1750/3/3
f 1761/4/3 1750/4/3 1760/4/3
f 1762/4/3 1752/4/3 1751/4/3
f 1762/3/3 1751/3/3 1761/3/3
f 1763/2/3 1753/2/3 1752/2/3
f 1763/4/3 1752/4/3 1762/4/3
f 1764/5/3 1754/5/3 1753/5/3
f 1764/2/3 1753/2/3 1763/2/3
f 1765/6/3 1755/6/3 1754/6/3
f 1765/5/3 1754/5/3 1764/5/3
f 1766/7/3 1756/7/3 1755/7/3
f 1766/6/3 1755/6/3 1765/6/3
f 1767/6/3 1757/6/3 1756/6/3
f 1767/7/3 1756/7/3 1766/7/3
f 1768/6/3 1757/6/3 1767/6/3
f 1769/3/3 1759/3/3 1758/3/3
f 1770/2/3 1760/2/3 1759/2/3
f 1770/3/3 1759/3/3 1769/3/3
f 1771/3/3 1761/3/3 1760/3/3
f 1771/2/3 1760/2/3 1770/2/3
f 1772/2/3 1762/2/3 1761/2/3
f 1772/3/3 1761/3/3 1771/3/3
f 1773/3/3 1763/3/3 1762/3/3
f 1773/2/3 1762/2/3 1772/2/3
f 1774/2/3 1764/2/3 1763/2/3
f 1774/3/3 1763/3/3 1773/3/3
f 1775/6/3 1765/6/3 1764/6/3
f 1775/2/3 1764/2/3 1774/2/3
f 1776/7/3 1766/7/3 1765/7/3
f 1776/6/3 1765/6/3 1775/6/3
f 1777/6/3 1767/6/3 1766/6/3
f 1777/7/3 1766/7/3 1776/7/3
f 1778/5/3 1768/5/3 1767/5/3
f 1778/6/3 1767/6/3 1777/6/3
f 1779/5/3 1768/5/3 1778/5/3
f 1780/2/3 1770/2/3 1769/2/3
f 1780/3/3 1771/3/3 1770/3/3
f 1781/2/3 1772/2/3 1771/2/3
f 1781/3/3 1771/3/3 1780/3/3
f 1782/3/3 1773/3/3 1772/3/3
f 1782/2/3 1772/2/3 1781/2/3
f 1783/2/3 1774/2/3 1773/2/3
f 1783/3/3 1773/3/3 1782/3/3
f 1783/2/3 1775/2/3 1774/2/3
f 1784/7/3 1776/7/3 1775/7/3
f 1784/2/3 1775/2/3 1783/2/3
f 1785/6/3 1777/6/3 1776/6/3
f 1785/7/3 1776/7/3 1784/7/3
f 1786/5/3 1778/5/3 1777/5/3
f 1786/6/3 1777/6/3 1785/6/3
f 1787/7/3 1779/7/3 1778/7/3
f 1787/5/3 1778/5/3 1786/5/3
f 1788/7/3 1779/7/3 1787/7/3
f 1789/2/3 1781/2/3 1780/2/3
f 1789/2/3 1784/2/3 1783/2/3
f 1789/2/3 1783/2/3 1782/2/3
f 1789/2/3 1782/2/3 1781/2/3
f 1790/2/3 1784/2/3 1789/2/3
f 1791/2/3 1784/2/3 1790/2/3
f 1792/2/3 1784/2/3 1791/2/3
f 1793/2/3 1789/2/3 1780/2/3
f 1793/7/3 1790/7/3 1789/7/3
f 1794/6/3 1791/6/3 1790/6/3
f 1794/7/3 1790/7/3 1793/7/3
f 1795/5/3 1792/5/3 1791/5/3
f 1795/6/3 1791/6/3 1794/6/3
f 1796/2/3 1784/2/3 1792/2/3
f 1796/5/3 1792/5/3 1795/5/3
f 1797/2/3 1780/2/3 1769/2/3
f 1797/2/3 1793/2/3 1780/2/3
f 1798/5/3 1794/5/3 1793/5/3
f 1798/2/3 1793/2/3 1797/2/3
f 1799/7/3 1795/7/3 1794/7/3
f 1799/5/3 1794/5/3 1798/5/3
f 1800/6/3 1796/6/3 1795/6/3
f 1800/7/3 1795/7/3 1799/7/3
f 1801/2/3 1784/2/3 1796/2/3
f 1801/6/3 1796/6/3 1800/6/3
f 1802/2/3 1784/2/3 1801/2/3
f 1806/2/3 1804/2/3 1803/2/3
f 1806/1/3 1805/1/3 1804/1/3
f 1807/1/3 1805/1/3 1806/1/3
f 1809/2/3 1806/2/3 1803/2/3
f 1809/2/3 1808/2/3 1807/2/3
f 1809/2/3 1807/2/3 1806/2/3
f 1810/2/3 1808/2/3 1809/2/3
f 1812/2/3 1809/2/3 1803/2/3
f 1813/1/3 1810/1/3 1809/1/3
f 1813/2/3 1809/2/3 1812/2/3
f 1814/1/3 1810/1/3 1813/1/3
f 1815/2/3 1811/2/3 1810/2/3
f 1815/1/3 1810/1/3 1814/1/3
f 1816/2/3 1811/2/3 1815/2/3
f 1818/2/3 1817/2/3 1816/2/3
f 1819/2/3 1817/2/3 1818/2/3
f 1821/1/3 1819/1/3 1818/1/3
f 1822/1/3 1819/1/3 1821/1/3
f 1823/2/3 1820/2/3 1819/2/3
f 1823/1/3 1819/1/3 1822/1/3
f 1824/2/3 1820/2/3 1823/2/3
f 1829/2/3 1823/2/3 1822/2/3
f 1830/2/3 1823/2/3 1829/2/3
f 1831/2/3 1826/2/3 1825/2/3
f 1832/1/3 1828/1/3 1827/1/3
f 1832/2/3 1826/2/3 1831/2/3
f 1832/1/3 1827/1/3 1826/1/3
f 1833/2/3 1829/2/3 1828/2/3
f 1833/1/3 1828/1/3 1832/1/3
f 1834/2/3 1829/2/3 1833/2/3
f 1835/1/3 1832/1/3 1831/1/3
f 1836/2/3 1833/2/3 1832/2/3
f 1836/1/3 1832/1/3 1835/1/3
f 1837/2/3 1833/2/3 1836/2/3
f 1838/2/3 1833/2/3 1837/2/3
f 1839/2/3 1836/2/3 1835/2/3
f 1840/1/3 1837/1/3 1836/1/3
f 1840/2/3 1836/2/3 1839/2/3
f 1841/1/3 1837/1/3 1840/1/3
f 1842/1/4 1843/1/4 1854/1/4
f 1843/2/4 1844/2/4 1855/2/4
f 1854/1/4 1843/1/4 1855/1/4
f 1844/1/4 1845/1/4 1856/1/4
f 1855/2/4 1844/2/4 1856/2/4
f 1845/2/4 1846/2/4 1857/2/4
f 1856/1/4 1845/1/4 1857/1/4
f 1846/1/4 1847/1/4 1858/1/4
f 1857/2/4 1846/2/4 1858/2/4
f 1847/2/4 1848/2/4 1859/2/4
f 1858/1/4 1847/1/4 1859/1/4
f 1848/1/4 1849/1/4 1860/1/4
f 1859/2/4 1848/2/4 1860/2/4
f 1849/2/4 1850/2/4 1861/2/4
f 1860/1/4 1849/1/4 1861/1/4
f 1850/1/4 1851/1/4 1862/1/4
f 1861/2/4 1850/2/4 1862/2/4
f 1851/2/4 1852/2/4 1863/2/4
f 1862/1/4 1851/1/4 1863/1/4
f 1852/1/4 1853/1/4 1864/1/4
f 1863/2/4 1852/2/4 1864/2/4
f 1864/1/4 1853/1/4 1865/1/4
f 1862/2/4 1863/2/4 1867/2/4
f 1865/2/4 1866/2/4 1867/2/4
f 1864/2/4 1865/2/4 1867/2/4
f 1863/2/4 1864/2/4 1867/2/4
f 1861/2/4 1862/2/4 1867/2/4
f 1860/2/4 1861/2/4 1867/2/4
f 1859/2/4 1860/2/4 1867/2/4
f 1858/2/4 1859/2/4 1867/2/4
f 1857/2/4 1858/2/4 1867/2/4
f 1856/2/4 1857/2/4 1867/2/4
f 1855/2/4 1856/2/4 1867/2/4
f 1854/2/4 1855/2/4 1867/2/4
f 1867/2/4 1866/2/4 1868/2/4
f 1868/2/4 1866/2/4 1869/2/4
f 1869/2/4 1866/2/4 1870/2/4
f 1870/2/4 1866/2/4 1871/2/4
f 1871/2/4 1866/2/4 1872/2/4
f 1872/2/4 1866/2/4 1873/2/4
f 1873/2/4 1866/2/4 1874/2/4
f 1874/2/4 1866/2/4 1875/2/4
f 1875/2/4 1866/2/4 1876/2/4
f 1876/2/4 1866/2/4 1877/2/4
f 1877/2/4 1866/2/4 1878/2/4
f 1854/2/4 1867/2/4 1880/2/4
f 1867/1/4 1868/1/4 1881/1/4
f 1880/2/4 1867/2/4 1881/2/4
f 1868/2/4 1869/2/4 1882/2/4
f 1881/1/4 1868/1/4 1882/1/4
f 1869/1/4 1870/1/4 1883/1/4
f 1882/2/4 1869/2/4 1883/2/4
f 1870/2/4 1871/2/4 1884/2/4
f 1883/1/4 1870/1/4 1884/1/4
f 1871/1/4 1872/1/4 1885/1/4
f 1884/2/4 1871/2/4 1885/2/4
f 1872/2/4 1873/2/4 1886/2/4
f 1885/1/4 1872/1/4 1886/1/4
f 1873/1/4 1874/1/4 1887/1/4
f 1886/2/4 1873/2/4 1887/2/4
f 1874/2/4 1875/2/4 1888/2/4
f 1887/1/4 1874/1/4 1888/1/4
f 1875/1/4 1876/1/4 1889/1/4
f 1888/2/4 1875/2/4 1889/2/4
f 1876/2/4 1877/2/4 1890/2/4
f 1889/1/4 1876/1/4 1890/1/4
f 1877/1/4 1878/1/4 1891/1/4
f 1890/2/4 1877/2/4 1891/2/4
f 1878/2/4 1879/2/4 1892/2/4
f 1891/1/4 1878/1/4 1892/1/4
f 1892/2/4 1879/2/4 1893/2/4
f 1890/1/4 1891/1/4 1895/1/4
f 1893/1/4 1894/1/4 1895/1/4
f 1892/1/4 1893/1/4 1895/1/4
f 1891/1/4 1892/1/4 1895/1/4
f 1889/1/4 1890/1/4 1895/1/4
f 1888/1/4 1889/1/4 1895/1/4
f 1887/1/4 1888/1/4 1895/1/4
f 1886/1/4 1887/1/4 1895/1/4
f 1885/1/4 1886/1/4 1895/1/4
f 1884/1/4 1885/1/4 1895/1/4
f 1883/1/4 1884/1/4 1895/1/4
f 1882/1/4 1883/1/4 1895/1/4
f 1881/1/4 1882/1/4 1895/1/4
f 1880/1/4 1881/1/4 1895/1/4
f 1895/1/4 1894/1/4 1896/1/4
f 1896/1/4 1894/1/4 1897/1/4
f 1897/1/4 1894/1/4 1898/1/4
f 1898/1/4 1894/1/4 1899/1/4
f 1899/1/4 1894/1/4 1900/1/4
f 1900/1/4 1894/1/4 1901/1/4
f 1901/1/4 1894/1/4 1902/1/4
f 1902/1/4 1894/1/4 1903/1/4
f 1903/1/4 1894/1/4 1904/1/4
f 1904/1/4 1894/1/4 1905/1/4
f 1905/1/4 1894/1/4 1906/1/4
f 1906/1/4 1894/1/4 1907/1/4
f 1907/1/4 1894/1/4 1908/1/4
f 1880/1/4 1895/1/4 1910/1/4
f 1895/2/4 1896/2/4 1911/2/4
f 1910/1/4 1895/1/4 1911/1/4
f 1896/1/4 1897/1/4 1912/1/4
f 1911/2/4 1896/2/4 1912/2/4
f 1897/2/4 1898/2/4 1913/2/4
f 1912/1/4 1897/1/4 1913/1/4
f 1898/1/4 1899/1/4 1914/1/4
f 1913/2/4 1898/2/4 1914/2/4
f 1899/2/4 1900/2/4 1915/2/4
f 1914/1/4 1899/1/4 1915/1/4
f 1900/1/4 1901/1/4 1916/1/4
f 1915/2/4 1900/2/4 1916/2/4
f 1901/2/4 1902/2/4 1917/2/4
f 1916/1/4 1901/1/4 1917/1/4
f 1902/1/4 1903/1/4 1918/1/4
f 1917/2/4 1902/2/4 1918/2/4
f 1903/2/4 1904/2/4 1919/2/4
f 1918/1/4 1903/1/4 1919/1/4
f 1904/1/4 1905/1/4 1920/1/4
f 1919/2/4 1904/2/4 1920/2/4
f 1905/2/4 1906/2/4 1921/2/4
f 1920/1/4 1905/1/4 1921/1/4
f 1906/1/4 1907/1/4 1922/1/4
f 1921/2/4 1906/2/4 1922/2/4
f 1907/2/4 1908/2/4 1923/2/4
f 1922/1/4 1907/1/4 1923/1/4
f 1908/1/4 1909/1/4 1924/1/4
f 1923/2/4 1908/2/4 1924/2/4
f 1924/1/4 1909/1/4 1925/1/4
f 1922/2/4 1923/2/4 1926/2/4
f 1910/2/4 1911/2/4 1926/2/4
f 1924/2/4 1925/2/4 1926/2/4
f 1923/2/4 1924/2/4 1926/2/4
f 1921/2/4 1922/2/4 1926/2/4
f 1920/2/4 1921/2/4 1926/2/4
f 1919/2/4 1920/2/4 1926/2/4
f 1918/2/4 1919/2/4 1926/2/4
f 1917/2/4 1918/2/4 1926/2/4
f 1916/2/4 1917/2/4 1926/2/4
f 1915/2/4 1916/2/4 1926/2/4
f 1914/2/4 1915/2/4 1926/2/4
f 1913/2/4 1914/2/4 1926/2/4
f 1912/2/4 1913/2/4 1926/2/4
f 1911/2/4 1912/2/4 1926/2/4
f 1926/2/4 1925/2/4 1927/2/4
f 1927/2/4 1925/2/4 1928/2/4
f 1928/2/4 1925/2/4 1929/2/4
f 1929/2/4 1925/2/4 1930/2/4
f 1930/2/4 1925/2/4 1931/2/4
f 1931/2/4 1925/2/4 1932/2/4
f 1932/2/4 1925/2/4 1933/2/4
f 1933/2/4 1925/2/4 1934/2/4
f 1934/2/4 1925/2/4 1935/2/4
f 1935/2/4 1925/2/4 1936/2/4
f 1936/2/4 1925/2/4 1937/2/4
f 1937/2/4 1925/2/4 1938/2/4
f 1938/2/4 1925/2/4 1939/2/4
f 1939/2/4 1925/2/4 1940/2/4
f 1910/2/4 1926/2/4 1941/2/4
f 1926/1/4 1927/1/4 1942/1/4
f 1941/2/4 1926/2/4 1942/2/4
f 1927/2/4 1928/2/4 1943/2/4
f 1942/1/4 1927/1/4 1943/1/4
f 1928/1/4 1929/1/4 1944/1/4
f 1943/2/4 1928/2/4 1944/2/4
f 1929/2/4 1930/2/4 1945/2/4
f 1944/1/4 1929/1/4 1945/1/4
f 1930/1/4 1931/1/4 1946/1/4
f 1945/2/4 1930/2/4 1946/2/4
f 1931/2/4 1932/2/4 1947/2/4
f 1946/1/4 1931/1/4 1947/1/4
f 1932/1/4 1933/1/4 1948/1/4
f 1947/2/4 1932/2/4 1948/2/4
f 1933/2/4 1934/2/4 1949/2/4
f 1948/1/4 1933/1/4 1949/1/4
f 1934/1/4 1935/1/4 1950/1/4
f 1949/2/4 1934/2/4 1950/2/4
f 1935/2/4 1936/2/4 1951/2/4
f 1950/1/4 1935/1/4 1951/1/4
f 1936/1/4 1937/1/4 1952/1/4
f 1951/2/4 1936/2/4 1952/2/4
f 1937/2/4 1938/2/4 1953/2/4
f 1952/1/4 1937/1/4 1953/1/4
f 1938/1/4 1939/1/4 1954/1/4
f 1953/2/4 1938/2/4 1954/2/4
f 1954/1/4 1939/1/4 1955/1/4
f 1941/1/4 1942/1/4 1956/1/4
f 1942/1/4 1943/1/4 1956/1/4
f 1953/1/4 1954/1/4 1956/1/4
f 1952/1/4 1953/1/4 1956/1/4
f 1951/1/4 1952/1/4 1956/1/4
f 1950/1/4 1951/1/4 1956/1/4
f 1949/1/4 1950/1/4 1956/1/4
f 1948/1/4 1949/1/4 1956/1/4
f 1947/1/4 1948/1/4 1956/1/4
f 1946/1/4 1947/1/4 1956/1/4
f 1945/1/4 1946/1/4 1956/1/4
f 1944/1/4 1945/1/4 1956/1/4
f 1943/1/4 1944/1/4 1956/1/4
f 1956/1/4 1954/1/4 1957/1/4
f 1957/1/4 1954/1/4 1958/1/4
f 1958/1/4 1954/1/4 1959/1/4
f 1959/1/4 1954/1/4 1960/1/4
f 1960/1/4 1954/1/4 1961/1/4
f 1961/1/4 1954/1/4 1962/1/4
f 1962/1/4 1954/1/4 1963/1/4
f 1963/1/4 1954/1/4 1964/1/4
f 1964/1/4 1954/1/4 1965/1/4
f 1965/1/4 1954/1/4 1966/1/4
f 1966/1/4 1954/1/4 1967/1/4
f 1967/1/4 1954/1/4 1968/1/4
f 1941/1/4 1956/1/4 1969/1/4
f 1956/2/4 1957/2/4 1970/2/4
f 1969/1/4 1956/1/4 1970/1/4
f 1957/1/4 1958/1/4 1971/1/4
f 1970/2/4 1957/2/4 1971/2/4
f 1958/2/4 1959/2/4 1972/2/4
f 1971/1/4 1958/1/4 1972/1/4
f 1959/1/4 1960/1/4 1973/1/4
f 1972/2/4 1959/2/4 1973/2/4
f 1960/2/4 1961/2/4 1974/2/4
f 1973/1/4 1960/1/4 1974/1/4
f 1961/1/4 1962/1/4 1975/1/4
f 1974/2/4 1961/2/4 1975/2/4
f 1962/2/4 1963/2/4 1976/2/4
f 1975/1/4 1962/1/4 1976/1/4
f 1963/1/4 1964/1/4 1977/1/4
f 1976/2/4 1963/2/4 1977/2/4
f 1964/2/4 1965/2/4 1978/2/4
f 1977/1/4 1964/1/4 1978/1/4
f 1965/1/4 1966/1/4 1979/1/4
f 1978/2/4 1965/2/4 1979/2/4
f 1966/2/4 1967/2/4 1980/2/4
f 1979/1/4 1966/1/4 1980/1/4
f 1980/2/4 1967/2/4 1981/2/4
f 1969/2/4 1970/2/4 1982/2/4
f 1970/2/4 1971/2/4 1982/2/4
f 1979/2/4 1980/2/4 1982/2/4
f 1978/2/4 1979/2/4 1982/2/4
f 1977/2/4 1978/2/4 1982/2/4
f 1976/2/4 1977/2/4 1982/2/4
f 1975/2/4 1976/2/4 1982/2/4
f 1974/2/4 1975/2/4 1982/2/4
f 1973/2/4 1974/2/4 1982/2/4
f 1972/2/4 1973/2/4 1982/2/4
f 1971/2/4 1972/2/4 1982/2/4
f 1982/2/4 1980/2/4 1983/2/4
f 1983/2/4 1980/2/4 1984/2/4
f 1985/2/4 1986/2/4 1987/2/4
f 1987/2/4 1986/2/4 1988/2/4
f 1989/2/4 1990/2/4 1991/2/4
f 1991/2/4 1990/2/4 1992/2/4
f 1992/2/4 1990/2/4 1993/2/4
f 1993/2/4 1990/2/4 1994/2/4
f 1994/2/4 1990/2/4 1995/2/4
f 1995/2/4 1990/2/4 1996/2/4
f 1996/2/4 1990/2/4 1997/2/4
f 1997/2/4 1990/2/4 1998/2/4
f 1998/2/4 1990/2/4 1999/2/4
f 2000/2/4 2001/2/4 2002/2/4
f 2002/2/4 2001/2/4 2003/2/4
f 2003/2/4 2001/2/4 2004/2/4
f 2004/2/4 2001/2/4 2005/2/4
f 2005/2/4 2001/2/4 2006/2/4
f 2006/2/4 2001/2/4 2007/2/4
f 2007/2/4 2001/2/4 2008/2/4
f 2008/2/4 2001/2/4 2009/2/4
f 2009/2/4 2001/2/4 2010/2/4
f 2011/1/4 2012/1/4 2020/1/4
f 2012/2/4 2013/2/4 2021/2/4
f 2020/1/4 2012/1/4 2021/1/4
f 2013/1/4 2014/1/4 2022/1/4
f 2021/2/4 2013/2/4 2022/2/4
f 2014/2/4 2015/2/4 2023/2/4
f 2022/1/4 2014/1/4 2023/1/4
f 2015/1/4 2016/1/4 2024/1/4
f 2023/2/4 2015/2/4 2024/2/4
f 2016/2/4 2017/2/4 2025/2/4
f 2024/1/4 2016/1/4 2025/1/4
f 2017/1/4 2018/1/4 2026/1/4
f 2025/2/4 2017/2/4 2026/2/4
f 2018/2/4 2019/2/4 2027/2/4
f 2026/1/4 2018/1/4 2027/1/4
f 2027/2/4 2019/2/4 2028/2/4
f 2029/5/4 2030/5/4 2033/5/4
f 2030/7/4 2031/7/4 2034/7/4
f 2033/5/4 2030/5/4 2034/5/4
f 2031/6/4 2032/6/4 2035/6/4
f 2034/7/4 2031/7/4 2035/7/4
f 2035/6/4 2032/6/4 2036/6/4
f 2033/6/4 2034/6/4 2037/6/4
f 2034/5/4 2035/5/4 2038/5/4
f 2037/6/4 2034/6/4 2038/6/4
f 2035/7/4 2036/7/4 2039/7/4
f 2038/5/4 2035/5/4 2039/5/4
f 2039/7/4 2036/7/4 2040/7/4
f 2041/3/4 2042/3/4 2049/3/4
f 2042/4/4 2043/4/4 2050/4/4
f 2049/3/4 2042/3/4 2050/3/4
f 2043/3/4 2044/3/4 2051/3/4
f 2050/4/4 2043/4/4 2051/4/4
f 2044/4/4 2045/4/4 2052/4/4
f 2051/3/4 2044/3/4 2052/3/4
f 2052/4/4 2045/4/4 2053/4/4
f 2046/5/4 2047/5/4 2056/5/4
f 2047/6/4 2048/6/4 2057/6/4
f 2056/5/4 2047/5/4 2057/5/4
f 2057/6/4 2048/6/4 2058/6/4
f 2049/4/4 2050/4/4 2060/4/4
f 2050/3/4 2051/3/4 2061/3/4
f 2060/4/4 2050/4/4 2061/4/4
f 2051/4/4 2052/4/4 2062/4/4
f 2061/3/4 2051/3/4 2062/3/4
f 2052/3/4 2053/3/4 2063/3/4
f 2062/4/4 2052/4/4 2063/4/4
f 2053/4/4 2054/4/4 2064/4/4
f 2063/3/4 2053/3/4 2064/3/4
f 2064/4/4 2054/4/4 2065/4/4
f 2055/5/4 2056/5/4 2066/5/4
f 2056/6/4 2057/6/4 2067/6/4
f 2066/5/4 2056/5/4 2067/5/4
f 2057/7/4 2058/7/4 2068/7/4
f 2067/6/4 2057/6/4 2068/6/4
f 2058/6/4 2059/6/4 2069/6/4
f 2068/7/4 2058/7/4 2069/7/4
f 2069/6/4 2059/6/4 2070/6/4
f 2060/3/4 2061/3/4 2071/3/4
f 2061/2/4 2062/2/4 2072/2/4
f 2071/3/4 2061/3/4 2072/3/4
f 2062/3/4 2063/3/4 2073/3/4
f 2072/2/4 2062/2/4 2073/2/4
f 2063/2/4 2064/2/4 2074/2/4
f 2073/3/4 2063/3/4 2074/3/4
f 2064/3/4 2065/3/4 2075/3/4
f 2074/2/4 2064/2/4 2075/2/4
f 2075/3/4 2065/3/4 2076/3/4
f 2066/6/4 2067/6/4 2077/6/4
f 2067/7/4 2068/7/4 2078/7/4
f 2077/6/4 2067/6/4 2078/6/4
f 2068/6/4 2069/6/4 2079/6/4
f 2078/7/4 2068/7/4 2079/7/4
f 2069/5/4 2070/5/4 2080/5/4
f 2079/6/4 2069/6/4 2080/6/4
f 2080/5/4 2070/5/4 2081/5/4
f 2071/2/4 2072/2/4 2082/2/4
f 2072/3/4 2073/3/4 2083/3/4
f 2082/2/4 2072/2/4 2083/2/4
f 2073/2/4 2074/2/4 2084/2/4
f 2083/3/4 2073/3/4 2084/3/4
f 2074/3/4 2075/3/4 2085/3/4
f 2084/2/4 2074/2/4 2085/2/4
f 2085/3/4 2075/3/4 2086/3/4
f 2078/6/4 2079/6/4 2087/6/4
f 2079/5/4 2080/5/4 2088/5/4
f 2087/6/4 2079/6/4 2088/6/4
f 2088/5/4 2080/5/4 2089/5/4
f 2090/7/4 2091/7/4 2094/7/4
f 2091/6/4 2092/6/4 2095/6/4
f 2094/7/4 2091/7/4 2095/7/4
f 2092/5/4 2093/5/4 2096/5/4
f 2095/6/4 2092/6/4 2096/6/4
f 2096/5/4 2093/5/4 2097/5/4
f 2094/5/4 2095/5/4 2098/5/4
f 2095/7/4 2096/7/4 2099/7/4
f 2098/5/4 2095/5/4 2099/5/4
f 2096/6/4 2097/6/4 2100/6/4
f 2099/7/4 2096/7/4 2100/7/4
f 2100/6/4 2097/6/4 2101/6/4
f 2102/1/4 2103/1/4 2109/1/4
f 2103/2/4 2104/2/4 2110/2/4
f 2109/1/4 2103/1/4 2110/1/4
f 2110/2/4 2104/2/4 2111/2/4
f 2104/1/4 2105/1/4 2112/1/4
f 2111/2/4 2104/2/4 2112/2/4
f 2105/2/4 2106/2/4 2113/2/4
f 2112/1/4 2105/1/4 2113/1/4
f 2106/1/4 2107/1/4 2114/1/4
f 2113/2/4 2106/2/4 2114/2/4
f 2107/2/4 2108/2/4 2115/2/4
f 2114/1/4 2107/1/4 2115/1/4
f 2115/2/4 2108/2/4 2116/2/4
f 2110/2/4 2111/2/4 2119/2/4
f 2109/2/4 2110/2/4 2119/2/4
f 2119/2/4 2111/2/4 2120/2/4
f 2111/1/4 2112/1/4 2121/1/4
f 2120/2/4 2111/2/4 2121/2/4
f 2112/2/4 2113/2/4 2122/2/4
f 2121/1/4 2112/1/4 2122/1/4
f 2116/2/4 2117/2/4 2123/2/4
f 2115/2/4 2116/2/4 2123/2/4
f 2114/2/4 2115/2/4 2123/2/4
f 2123/2/4 2117/2/4 2124/2/4
f 2117/1/4 2118/1/4 2125/1/4
f 2124/2/4 2117/2/4 2125/2/4
f 2125/1/4 2118/1/4 2126/1/4
f 2119/1/4 2120/1/4 2128/1/4
f 2120/2/4 2121/2/4 2128/2/4
f 2121/2/4 2122/2/4 2128/2/4
f 2122/2/4 2113/2/4 2129/2/4
f 2128/2/4 2122/2/4 2129/2/4
f 2114/2/4 2123/2/4 2130/2/4
f 2123/1/4 2124/1/4 2131/1/4
f 2130/2/4 2123/2/4 2131/2/4
f 2126/2/4 2127/2/4 2132/2/4
f 2131/1/4 2124/1/4 2132/1/4
f 2125/2/4 2126/2/4 2132/2/4
f 2124/2/4 2125/2/4 2132/2/4
f 2132/2/4 2127/2/4 2133/2/4
f 2133/2/4 2127/2/4 2134/2/4
f 2119/1/4 2128/1/4 2136/1/4
f 2128/1/4 2129/1/4 2136/1/4
f 2129/2/4 2130/2/4 2137/2/4
f 2136/1/4 2129/1/4 2137/1/4
f 2137/2/4 2130/2/4 2138/2/4
f 2138/2/4 2130/2/4 2139/2/4
f 2130/1/4 2131/1/4 2140/1/4
f 2139/2/4 2130/2/4 2140/2/4
f 2131/2/4 2132/2/4 2141/2/4
f 2140/1/4 2131/1/4 2141/1/4
f 2132/2/4 2133/2/4 2141/2/4
f 2141/2/4 2133/2/4 2142/2/4
f 2133/1/4 2134/1/4 2143/1/4
f 2142/2/4 2133/2/4 2143/2/4
f 2134/2/4 2135/2/4 2144/2/4
f 2143/1/4 2134/1/4 2144/1/4
f 2144/2/4 2135/2/4 2145/2/4
f 2137/1/4 2138/1/4 2147/1/4
f 2138/2/4 2139/2/4 2148/2/4
f 2147/1/4 2138/1/4 2148/1/4
f 2139/1/4 2140/1/4 2149/1/4
f 2148/2/4 2139/2/4 2149/2/4
f 2141/2/4 2142/2/4 2150/2/4
f 2149/1/4 2140/1/4 2150/1/4
f 2140/2/4 2141/2/4 2150/2/4
f 2150/2/4 2142/2/4 2151/2/4
f 2142/1/4 2143/1/4 2152/1/4
f 2151/2/4 2142/2/4 2152/2/4
f 2152/1/4 2143/1/4 2153/1/4
f 2144/1/4 2145/1/4 2154/1/4
f 2145/2/4 2146/2/4 2155/2/4
f 2154/1/4 2145/1/4 2155/1/4
f 2155/2/4 2146/2/4 2156/2/4
f 2148/1/4 2149/1/4 2159/1/4
f 2150/2/4 2151/2/4 2160/2/4
f 2149/2/4 2150/2/4 2160/2/4
f 2159/1/4 2149/1/4 2160/1/4
f 2160/2/4 2151/2/4 2161/2/4
f 2151/1/4 2152/1/4 2162/1/4
f 2161/2/4 2151/2/4 2162/2/4
f 2162/1/4 2152/1/4 2163/1/4
f 2155/1/4 2156/1/4 2166/1/4
f 2156/2/4 2157/2/4 2167/2/4
f 2166/1/4 2156/1/4 2167/1/4
f 2167/2/4 2157/2/4 2168/2/4
f 2158/1/4 2159/1/4 2170/1/4
f 2159/2/4 2160/2/4 2171/2/4
f 2170/1/4 2159/1/4 2171/1/4
f 2160/1/4 2161/1/4 2172/1/4
f 2171/2/4 2160/2/4 2172/2/4
f 2161/2/4 2162/2/4 2173/2/4
f 2172/1/4 2161/1/4 2173/1/4
f 2162/2/4 2163/2/4 2173/2/4
f 2173/2/4 2163/2/4 2174/2/4
f 2163/1/4 2164/1/4 2175/1/4
f 2174/2/4 2163/2/4 2175/2/4
f 2175/1/4 2164/1/4 2176/1/4
f 2165/1/4 2166/1/4 2177/1/4
f 2166/2/4 2167/2/4 2178/2/4
f 2177/1/4 2166/1/4 2178/1/4
f 2178/2/4 2167/2/4 2179/2/4
f 2169/1/4 2170/1/4 2180/1/4
f 2180/1/4 2170/1/4 2181/1/4
f 2170/2/4 2171/2/4 2182/2/4
f 2181/1/4 2170/1/4 2182/1/4
f 2171/1/4 2172/1/4 2183/1/4
f 2182/2/4 2171/2/4 2183/2/4
f 2172/2/4 2173/2/4 2184/2/4
f 2183/1/4 2172/1/4 2184/1/4
f 2173/1/4 2174/1/4 2185/1/4
f 2184/2/4 2173/2/4 2185/2/4
f 2175/2/4 2176/2/4 2186/2/4
f 2185/1/4 2174/1/4 2186/1/4
f 2174/2/4 2175/2/4 2186/2/4
f 2186/2/4 2176/2/4 2187/2/4
f 2176/1/4 2177/1/4 2188/1/4
f 2187/2/4 2176/2/4 2188/2/4
f 2177/2/4 2178/2/4 2189/2/4
f 2188/1/4 2177/1/4 2189/1/4
f 2189/2/4 2178/2/4 2190/2/4
f 2169/1/4 2180/1/4 2191/1/4
f 2180/2/4 2181/2/4 2192/2/4
f 2191/1/4 2180/1/4 2192/1/4
f 2192/2/4 2181/2/4 2193/2/4
f 2181/1/4 2182/1/4 2194/1/4
f 2193/2/4 2181/2/4 2194/2/4
f 2194/1/4 2182/1/4 2195/1/4
f 2186/2/4 2187/2/4 2196/2/4
f 2185/2/4 2186/2/4 2196/2/4
f 2187/1/4 2188/1/4 2197/1/4
f 2196/2/4 2187/2/4 2197/2/4
f 2188/2/4 2189/2/4 2198/2/4
f 2197/1/4 2188/1/4 2198/1/4
f 2198/2/4 2189/2/4 2199/2/4
f 2199/2/4 2189/2/4 2200/2/4
f 2192/2/4 2193/2/4 2201/2/4
f 2191/2/4 2192/2/4 2201/2/4
f 2201/2/4 2193/2/4 2202/2/4
f 2193/1/4 2194/1/4 2203/1/4
f 2202/2/4 2193/2/4 2203/2/4
f 2194/2/4 2195/2/4 2204/2/4
f 2203/1/4 2194/1/4 2204/1/4
f 2204/2/4 2195/2/4 2205/2/4
f 2185/2/4 2196/2/4 2208/2/4
f 2196/1/4 2197/1/4 2209/1/4
f 2208/2/4 2196/2/4 2209/2/4
f 2197/2/4 2198/2/4 2210/2/4
f 2209/1/4 2197/1/4 2210/1/4
f 2198/1/4 2199/1/4 2211/1/4
f 2210/2/4 2198/2/4 2211/2/4
f 2211/1/4 2199/1/4 2212/1/4
f 2201/1/4 2202/1/4 2213/1/4
f 2202/2/4 2203/2/4 2214/2/4
f 2213/1/4 2202/1/4 2214/1/4
f 2203/2/4 2204/2/4 2214/2/4
f 2204/1/4 2205/1/4 2215/1/4
f 2214/2/4 2204/2/4 2215/2/4
f 2205/2/4 2206/2/4 2216/2/4
f 2215/1/4 2205/1/4 2216/1/4
f 2206/1/4 2207/1/4 2217/1/4
f 2216/2/4 2206/2/4 2217/2/4
f 2207/2/4 2208/2/4 2218/2/4
f 2217/1/4 2207/1/4 2218/1/4
f 2208/1/4 2209/1/4 2219/1/4
f 2218/2/4 2208/2/4 2219/2/4
f 2209/2/4 2210/2/4 2220/2/4
f 2219/1/4 2209/1/4 2220/1/4
f 2220/2/4 2210/2/4 2221/2/4
f 2222/8/4 2223/8/4 2224/8/4
f 2222/8/4 2224/8/4 2226/8/4
f 2224/8/4 2225/8/4 2226/8/4
f 2226/8/4 2225/8/4 2227/8/4
f 2227/8/4 2225/8/4 2228/8/4
f 2227/8/4 2228/8/4 2230/8/4
f 2228/9/4 2229/9/4 2231/9/4
f 2230/8/4 2228/8/4 2231/8/4
f 2231/9/4 2229/9/4 2232/9/4
f 2232/9/4 2233/9/4 2234/9/4
f 2234/9/4 2233/9/4 2235/9/4
f 2235/8/4 2236/8/4 2237/8/4
f 2237/8/4 2236/8/4 2238/8/4
f 2238/8/4 2239/8/4 2240/8/4
f 2240/8/4 2239/8/4 2241/8/4
f 2241/9/4 2242/9/4 2243/9/4
f 2243/9/4 2242/9/4 2244/9/4
f 2244/9/4 2245/9/4 2247/9/4
f 2247/9/4 2245/9/4 2248/9/4
f 2246/8/4 2247/8/4 2250/8/4
f 2250/8/4 2247/8/4 2251/8/4
f 2249/8/4 2250/8/4 2253/8/4
f 2253/8/4 2250/8/4 2254/8/4
f 2252/9/4 2253/9/4 2256/9/4
f 2256/9/4 2253/9/4 2257/9/4
f 2255/9/4 2256/9/4 2259/9/4
f 2259/9/4 2256/9/4 2260/9/4
f 2258/8/4 2259/8/4 2262/8/4
f 2262/8/4 2259/8/4 2263/8/4
f 2263/8/4 2259/8/4 2264/8/4
f 2261/8/4 2262/8/4 2265/8/4
f 2262/8/4 2263/8/4 2265/8/4
f 2265/8/4 2263/8/4 2266/8/4
f 2266/8/4 2263/8/4 2267/8/4
f 2265/9/4 2266/9/4 2268/9/4
f 2268/9/4 2266/9/4 2269/9/4
f 2278/1/5 2271/1/5 2270/1/5
f 2279/1/5 2271/1/5 2278/1/5
f 2280/2/5 2272/2/5 2271/2/5
f 2280/1/5 2271/1/5 2279/1/5
f 2281/1/5 2273/1/5 2272/1/5
f 2281/2/5 2272/2/5 2280/2/5
f 2282/2/5 2274/2/5 2273/2/5
f 2282/1/5 2273/1/5 2281/1/5
f 2283/1/5 2275/1/5 2274/1/5
f 2283/2/5 2274/2/5 2282/2/5
f 2284/2/5 2276/2/5 2275/2/5
f 2284/1/5 2275/1/5 2283/1/5
f 2285/2/5 2276/2/5 2284/2/5
f 2286/2/5 2276/2/5 2285/2/5
f 2288/2/5 2279/2/5 2278/2/5
f 2288/2/5 2278/2/5 2277/2/5
f 2289/2/5 2279/2/5 2288/2/5
f 2290/2/5 2286/2/5 2285/2/5
f 2291/1/5 2287/1/5 2286/1/5
f 2291/2/5 2286/2/5 2290/2/5
f 2292/2/5 2288/2/5 2277/2/5
f 2293/2/5 2288/2/5 2292/2/5
f 2294/1/5 2287/1/5 2291/1/5
f 2295/1/5 2287/1/5 2294/1/5
f 2296/1/5 2293/1/5 2292/1/5
f 2297/1/5 2293/1/5 2296/1/5
f 2298/2/5 2295/2/5 2294/2/5
f 2299/2/5 2295/2/5 2298/2/5
f 2300/2/5 2297/2/5 2296/2/5
f 2301/2/5 2297/2/5 2300/2/5
f 2302/1/5 2299/1/5 2298/1/5
f 2303/1/5 2299/1/5 2302/1/5
f 2304/1/5 2301/1/5 2300/1/5
f 2305/1/5 2301/1/5 2304/1/5
f 2306/2/5 2303/2/5 2302/2/5
f 2307/2/5 2303/2/5 2306/2/5
f 2308/2/5 2305/2/5 2304/2/5
f 2309/2/5 2305/2/5 2308/2/5
f 2310/1/5 2307/1/5 2306/1/5
f 2311/1/5 2307/1/5 2310/1/5
f 2312/1/5 2309/1/5 2308/1/5
f 2313/1/5 2309/1/5 2312/1/5
f 2314/2/5 2311/2/5 2310/2/5
f 2315/2/5 2311/2/5 2314/2/5
f 2316/2/5 2313/2/5 2312/2/5
f 2319/1/5 2315/1/5 2314/1/5
f 2320/2/5 2317/2/5 2316/2/5
f 2320/2/5 2316/2/5 2312/2/5
f 2321/2/5 2317/2/5 2320/2/5
f 2322/2/5 2317/2/5 2321/2/5
f 2327/2/5 2319/2/5 2318/2/5
f 2328/1/5 2315/1/5 2319/1/5
f 2328/2/5 2319/2/5 2327/2/5
f 2329/1/5 2315/1/5 2328/1/5
f 2330/2/5 2323/2/5 2322/2/5
f 2331/3/5 2324/3/5 2323/3/5
f 2331/2/5 2323/2/5 2330/2/5
f 2332/4/5 2325/4/5 2324/4/5
f 2332/3/5 2324/3/5 2331/3/5
f 2333/3/5 2326/3/5 2325/3/5
f 2333/4/5 2325/4/5 2332/4/5
f 2334/2/5 2327/2/5 2326/2/5
f 2334/3/5 2326/3/5 2333/3/5
f 2334/2/5 2328/2/5 2327/2/5
f 2335/2/5 2328/2/5 2334/2/5
f 2336/2/5 2328/2/5 2335/2/5
f 2337/2/5 2328/2/5 2336/2/5
f 2338/2/5 2328/2/5 2337/2/5
f 2339/1/5 2322/1/5 2321/1/5
f 2340/2/5 2330/2/5 2322/2/5
f 2340/1/5 2322/1/5 2339/1/5
f 2341/1/5 2331/1/5 2330/1/5
f 2341/2/5 2330/2/5 2340/2/5
f 2342/1/5 2331/1/5 2341/1/5
f 2343/1/5 2336/1/5 2335/1/5
f 2344/2/5 2337/2/5 2336/2/5
f 2344/1/5 2336/1/5 2343/1/5
f 2345/1/5 2338/1/5 2337/1/5
f 2345/2/5 2337/2/5 2344/2/5
f 2346/1/5 2338/1/5 2345/1/5
f 2351/1/5 2348/1/5 2347/1/5
f 2352/1/5 2348/1/5 2351/1/5
f 2353/1/5 2350/1/5 2349/1/5
f 2354/1/5 2350/1/5 2353/1/5
f 2358/1/5 2356/1/5 2355/1/5
f 2358/1/5 2357/1/5 2356/1/5
f 2359/1/5 2357/1/5 2358/1/5
f 2366/2/5 2361/2/5 2360/2/5
f 2366/2/5 2362/2/5 2361/2/5
f 2367/2/5 2362/2/5 2366/2/5
f 2368/2/5 2365/2/5 2364/2/5
f 2368/2/5 2364/2/5 2363/2/5
f 2369/2/5 2365/2/5 2368/2/5
f 2374/8/5 2371/8/5 2370/8/5
f 2375/8/5 2373/8/5 2372/8/5
f 2376/8/5 2373/8/5 2375/8/5
f 2377/8/5 2373/8/5 2376/8/5
f 2378/8/5 2374/8/5 2370/8/5
f 2379/8/5 2374/8/5 2378/8/5
f 2380/8/5 2376/8/5 2375/8/5
f 2381/9/5 2377/9/5 2376/9/5
f 2381/8/5 2376/8/5 2380/8/5
f 2382/8/5 2378/8/5 2370/8/5
f 2383/9/5 2377/9/5 2381/9/5
f 2384/9/5 2377/9/5 2383/9/5
f 2385/8/5 2382/8/5 2370/8/5
f 2386/8/5 2382/8/5 2385/8/5
f 2387/9/5 2386/9/5 2385/9/5
f 2388/8/5 2384/8/5 2383/8/5
f 2389/8/5 2384/8/5 2388/8/5
f 2390/9/5 2387/9/5 2385/9/5
f 2391/9/5 2387/9/5 2390/9/5
f 2392/8/5 2391/8/5 2390/8/5
f 2393/9/5 2389/9/5 2388/9/5
f 2394/9/5 2389/9/5 2393/9/5
f 2395/8/5 2392/8/5 2390/8/5
f 2396/8/5 2392/8/5 2395/8/5
f 2397/9/5 2396/9/5 2395/9/5
f 2398/8/5 2394/8/5 2393/8/5
f 2399/8/5 2394/8/5 2398/8/5
f 2400/9/5 2397/9/5 2395/9/5
f 2401/9/5 2397/9/5 2400/9/5
f 2402/8/5 2401/8/5 2400/8/5
f 2403/9/5 2399/9/5 2398/9/5
f 2404/9/5 2399/9/5 2403/9/5
f 2405/8/5 2402/8/5 2400/8/5
f 2406/8/5 2402/8/5 2405/8/5
f 2407/9/5 2406/9/5 2405/9/5
f 2408/8/5 2404/8/5 2403/8/5
f 2409/8/5 2404/8/5 2408/8/5
f 2410/9/5 2407/9/5 2405/9/5
f 2411/9/5 2407/9/5 2410/9/5
f 2412/8/5 2411/8/5 2410/8/5
f 2413/9/5 2409/9/5 2408/9/5
f 2414/9/5 2409/9/5 2413/9/5
f 2415/8/5 2412/8/5 2410/8/5
f 2416/8/5 2412/8/5 2415/8/5
f 2419/8/5 2414/8/5 2413/8/5
f 2420/8/5 2417/8/5 2416/8/5
f 2421/8/5 2419/8/5 2418/8/5
f 2422/8/5 2414/8/5 2419/8/5
f 2422/8/5 2419/8/5 2421/8/5
f 2423/8/5 2414/8/5 2422/8/5
f 2424/9/5 2416/9/5 2415/9/5
f 2425/8/5 2420/8/5 2416/8/5
f 2425/9/5 2416/9/5 2424/9/5
f 2426/8/5 2420/8/5 2425/8/5
f 2427/8/5 2422/8/5 2421/8/5
f 2428/8/5 2426/8/5 2425/8/5
f 2428/8/5 2425/8/5 2424/8/5
f 2429/8/5 2426/8/5 2428/8/5
f 2430/8/5 2422/8/5 2427/8/5
f 2431/9/5 2423/9/5 2422/9/5
f 2431/8/5 2422/8/5 2430/8/5
f 2432/9/5 2423/9/5 2431/9/5
f 2437/8/5 2434/8/5 2433/8/5
f 2438/8/5 2434/8/5 2437/8/5
f 2439/8/5 2436/8/5 2435/8/5
f 2440/8/5 2436/8/5 2439/8/5
f 2445/8/5 2442/8/5 2441/8/5
f 2446/8/5 2442/8/5 2445/8/5
f 2447/8/5 2444/8/5 2443/8/5
f 2448/8/5 2444/8/5 2447/8/5
f 2453/8/5 2450/8/5 2449/8/5
f 2454/8/5 2450/8/5 2453/8/5
f 2455/8/5 2452/8/5 2451/8/5
f 2456/8/5 2452/8/5 2455/8/5
f 2461/8/5 2458/8/5 2457/8/5
f 2462/8/5 2458/8/5 2461/8/5
f 2463/8/5 2460/8/5 2459/8/5
f 2464/8/5 2460/8/5 2463/8/5
f 2469/9/5 2466/9/5 2465/9/5
f 2470/9/5 2466/9/5 2469/9/5
f 2471/9/5 2468/9/5 2467/9/5
f 2472/8/5 2470/8/5 2469/8/5
f 2473/9/5 2471/9/5 2467/9/5
f 2474/9/5 2471/9/5 2473/9/5
f 2475/8/5 2470/8/5 2472/8/5
f 2476/8/5 2470/8/5 2475/8/5
f 2477/8/5 2474/8/5 2473/8/5
f 2478/9/5 2476/9/5 2475/9/5
f 2479/8/5 2477/8/5 2473/8/5
f 2480/8/5 2477/8/5 2479/8/5
f 2481/9/5 2476/9/5 2478/9/5
f 2482/9/5 2476/9/5 2481/9/5
f 2483/9/5 2480/9/5 2479/9/5
f 2484/8/5 2482/8/5 2481/8/5
f 2485/9/5 2483/9/5 2479/9/5
f 2486/9/5 2483/9/5 2485/9/5
f 2487/8/5 2482/8/5 2484/8/5
f 2488/8/5 2482/8/5 2487/8/5
f 2489/8/5 2486/8/5 2485/8/5
f 2490/9/5 2488/9/5 2487/9/5
f 2491/8/5 2489/8/5 2485/8/5
f 2492/8/5 2489/8/5 2491/8/5
f 2493/9/5 2488/9/5 2490/9/5
f 2494/9/5 2488/9/5 2493/9/5
f 2495/9/5 2492/9/5 2491/9/5
f 2496/8/5 2494/8/5 2493/8/5
f 2497/9/5 2495/9/5 2491/9/5
f 2498/9/5 2495/9/5 2497/9/5
f 2499/8/5 2494/8/5 2496/8/5
f 2500/8/5 2494/8/5 2499/8/5
f 2501/8/5 2498/8/5 2497/8/5
f 2502/9/5 2500/9/5 2499/9/5
f 2503/8/5 2501/8/5 2497/8/5
f 2504/8/5 2501/8/5 2503/8/5
f 2505/9/5 2500/9/5 2502/9/5
f 2506/9/5 2500/9/5 2505/9/5
f 2507/9/5 2504/9/5 2503/9/5
f 2508/8/5 2506/8/5 2505/8/5
f 2509/9/5 2507/9/5 2503/9/5
f 2510/9/5 2507/9/5 2509/9/5
f 2511/8/5 2506/8/5 2508/8/5
f 2512/8/5 2506/8/5 2511/8/5
f 2513/8/5 2510/8/5 2509/8/5
f 2514/8/5 2510/8/5 2513/8/5
f 2519/9/5 2516/9/5 2515/9/5
f 2520/9/5 2516/9/5 2519/9/5
f 2521/9/5 2518/9/5 2517/9/5
f 2522/9/5 2518/9/5 2521/9/5
f 2527/9/5 2524/9/5 2523/9/5
f 2528/9/5 2524/9/5 2527/9/5
f 2529/8/5 2526/8/5 2525/8/5
f 2530/8/5 2526/8/5 2529/8/5
f 2535/8/5 2532/8/5 2531/8/5
f 2536/9/5 2534/9/5 2533/9/5
f 2537/9/5 2534/9/5 2536/9/5
f 2538/8/5 2532/8/5 2535/8/5
f 2539/8/5 2532/8/5 2538/8/5
f 2540/8/5 2537/8/5 2536/8/5
f 2541/9/5 2539/9/5 2538/9/5
f 2542/8/5 2540/8/5 2536/8/5
f 2543/8/5 2540/8/5 2542/8/5
f 2544/9/5 2539/9/5 2541/9/5
f 2545/9/5 2539/9/5 2544/9/5
f 2546/9/5 2543/9/5 2542/9/5
f 2547/8/5 2545/8/5 2544/8/5
f 2548/9/5 2546/9/5 2542/9/5
f 2549/9/5 2546/9/5 2548/9/5
f 2550/8/5 2545/8/5 2547/8/5
f 2551/8/5 2545/8/5 2550/8/5
f 2552/8/5 2549/8/5 2548/8/5
f 2553/9/5 2551/9/5 2550/9/5
f 2554/8/5 2552/8/5 2548/8/5
f 2555/8/5 2552/8/5 2554/8/5
f 2556/9/5 2551/9/5 2553/9/5
f 2557/9/5 2551/9/5 2556/9/5
f 2558/9/5 2555/9/5 2554/9/5
f 2559/8/5 2557/8/5 2556/8/5
f 2560/9/5 2558/9/5 2554/9/5
f 2561/9/5 2558/9/5 2560/9/5
f 2562/8/5 2557/8/5 2559/8/5
f 2563/8/5 2557/8/5 2562/8/5
f 2564/8/5 2561/8/5 2560/8/5
f 2565/9/5 2563/9/5 2562/9/5
f 2566/8/5 2564/8/5 2560/8/5
f 2567/8/5 2564/8/5 2566/8/5
f 2568/9/5 2563/9/5 2565/9/5
f 2569/9/5 2563/9/5 2568/9/5
f 2570/9/5 2567/9/5 2566/9/5
f 2571/8/5 2569/8/5 2568/8/5
f 2572/9/5 2570/9/5 2566/9/5
f 2573/9/5 2570/9/5 2572/9/5
f 2574/8/5 2569/8/5 2571/8/5
f 2575/8/5 2569/8/5 2574/8/5
f 2576/8/5 2573/8/5 2572/8/5
f 2577/9/5 2575/9/5 2574/9/5
f 2578/9/5 2575/9/5 2577/9/5
f 2583/8/5 2576/8/5 2572/8/5
f 2584/8/5 2576/8/5 2583/8/5
f 2587/1/5 2580/1/5 2579/1/5
f 2588/1/5 2580/1/5 2587/1/5
f 2589/1/5 2582/1/5 2581/1/5
f 2590/1/5 2582/1/5 2589/1/5
f 2593/8/5 2586/8/5 2585/8/5
f 2594/8/5 2586/8/5 2593/8/5
f 2595/9/5 2592/9/5 2591/9/5
f 2596/9/5 2592/9/5 2595/9/5
f 2601/9/5 2598/9/5 2597/9/5
f 2602/9/5 2598/9/5 2601/9/5
f 2603/9/5 2600/9/5 2599/9/5
f 2604/9/5 2600/9/5 2603/9/5
f 2609/8/5 2606/8/5 2605/8/5
f 2610/8/5 2606/8/5 2609/8/5
f 2611/8/5 2608/8/5 2607/8/5
f 2612/9/5 2610/9/5 2609/9/5
f 2613/8/5 2611/8/5 2607/8/5
f 2614/8/5 2611/8/5 2613/8/5
f 2615/9/5 2610/9/5 2612/9/5
f 2616/9/5 2610/9/5 2615/9/5
f 2617/9/5 2614/9/5 2613/9/5
f 2618/8/5 2616/8/5 2615/8/5
f 2619/9/5 2617/9/5 2613/9/5
f 2620/9/5 2617/9/5 2619/9/5
f 2621/8/5 2616/8/5 2618/8/5
f 2622/8/5 2616/8/5 2621/8/5
f 2623/8/5 2620/8/5 2619/8/5
f 2624/9/5 2622/9/5 2621/9/5
f 2625/8/5 2623/8/5 2619/8/5
f 2626/8/5 2623/8/5 2625/8/5
f 2627/9/5 2622/9/5 2624/9/5
f 2628/9/5 2622/9/5 2627/9/5
f 2629/9/5 2626/9/5 2625/9/5
f 2630/8/5 2628/8/5 2627/8/5
f 2631/9/5 2629/9/5 2625/9/5
f 2632/9/5 2629/9/5 2631/9/5
f 2633/8/5 2628/8/5 2630/8/5
f 2634/8/5 2628/8/5 2633/8/5
f 2635/8/5 2632/8/5 2631/8/5
f 2636/9/5 2634/9/5 2633/9/5
f 2637/8/5 2635/8/5 2631/8/5
f 2638/8/5 2635/8/5 2637/8/5
f 2639/9/5 2634/9/5 2636/9/5
f 2640/9/5 2634/9/5 2639/9/5
f 2641/9/5 2638/9/5 2637/9/5
f 2642/8/5 2640/8/5 2639/8/5
f 2643/9/5 2641/9/5 2637/9/5
f 2644/9/5 2641/9/5 2643/9/5
f 2645/8/5 2640/8/5 2642/8/5
f 2646/8/5 2640/8/5 2645/8/5
f 2647/8/5 2644/8/5 2643/8/5
f 2648/9/5 2646/9/5 2645/9/5
f 2649/9/5 2646/9/5 2648/9/5
f 2650/8/5 2647/8/5 2643/8/5
f 2651/8/5 2647/8/5 2650/8/5
f 2652/9/5 2649/9/5 2648/9/5
f 2653/9/5 2649/9/5 2652/9/5
f 2657/9/5 2651/9/5 2650/9/5
f 2658/9/5 2651/9/5 2657/9/5
f 2661/1/5 2656/1/5 2655/1/5
f 2661/1/5 2655/1/5 2654/1/5
f 2662/1/5 2656/1/5 2661/1/5
f 2665/8/5 2660/8/5 2659/8/5
f 2666/8/5 2660/8/5 2665/8/5
f 2667/8/5 2664/8/5 2663/8/5
f 2668/8/5 2664/8/5 2667/8/5
f 2673/8/5 2670/8/5 2669/8/5
f 2674/8/5 2670/8/5 2673/8/5
f 2675/9/5 2672/9/5 2671/9/5
f 2676/9/5 2672/9/5 2675/9/5
f 2681/9/5 2678/9/5 2677/9/5
f 2682/8/5 2680/8/5 2679/8/5
f 2683/8/5 2680/8/5 2682/8/5
f 2684/9/5 2678/9/5 2681/9/5
f 2685/9/5 2678/9/5 2684/9/5
f 2686/9/5 2683/9/5 2682/9/5
f 2687/8/5 2685/8/5 2684/8/5
f 2688/9/5 2686/9/5 2682/9/5
f 2689/9/5 2686/9/5 2688/9/5
f 2690/8/5 2685/8/5 2687/8/5
f 2691/8/5 2685/8/5 2690/8/5
f 2692/8/5 2689/8/5 2688/8/5
f 2693/9/5 2691/9/5 2690/9/5
f 2694/8/5 2692/8/5 2688/8/5
f 2695/8/5 2692/8/5 2694/8/5
f 2696/9/5 2691/9/5 2693/9/5
f 2697/9/5 2691/9/5 2696/9/5
f 2698/9/5 2695/9/5 2694/9/5
f 2699/8/5 2697/8/5 2696/8/5
f 2700/9/5 2698/9/5 2694/9/5
f 2701/9/5 2698/9/5 2700/9/5
f 2702/8/5 2697/8/5 2699/8/5
f 2703/8/5 2697/8/5 2702/8/5
f 2704/8/5 2701/8/5 2700/8/5
f 2705/9/5 2703/9/5 2702/9/5
f 2706/8/5 2704/8/5 2700/8/5
f 2707/8/5 2704/8/5 2706/8/5
f 2708/9/5 2703/9/5 2705/9/5
f 2709/9/5 2703/9/5 2708/9/5
f 2710/9/5 2707/9/5 2706/9/5
f 2711/8/5 2709/8/5 2708/8/5
f 2712/9/5 2710/9/5 2706/9/5
f 2713/9/5 2710/9/5 2712/9/5
f 2714/8/5 2709/8/5 2711/8/5
f 2715/8/5 2709/8/5 2714/8/5
f 2716/8/5 2713/8/5 2712/8/5
f 2717/9/5 2715/9/5 2714/9/5
f 2718/8/5 2716/8/5 2712/8/5
f 2719/8/5 2716/8/5 2718/8/5
f 2720/9/5 2715/9/5 2717/9/5
f 2721/9/5 2715/9/5 2720/9/5
f 2722/9/5 2719/9/5 2718/9/5
f 2723/8/5 2721/8/5 2720/8/5
f 2724/8/5 2721/8/5 2723/8/5
f 2725/9/5 2722/9/5 2718/9/5
f 2726/9/5 2722/9/5 2725/9/5
f 2731/9/5 2728/9/5 2727/9/5
f 2732/9/5 2728/9/5 2731/9/5
f 2733/8/5 2730/8/5 2729/8/5
f 2734/8/5 2730/8/5 2733/8/5
f 2737/8/5 2736/8/5 2735/8/5
f 2738/8/5 2736/8/5 2737/8/5
f 2739/8/5 2736/8/5 2738/8/5
f 2743/9/5 2741/9/5 2740/9/5
f 2743/9/5 2742/9/5 2741/9/5
f 2744/9/5 2742/9/5 2743/9/5
f 2745/9/5 2742/9/5 2744/9/5
f 2746/8/5 2744/8/5 2743/8/5
f 2747/9/5 2745/9/5 2744/9/5
f 2747/8/5 2744/8/5 2746/8/5
f 2748/9/5 2745/9/5 2747/9/5
f 2749/8/5 2747/8/5 2746/8/5
f 2749/8/5 2748/8/5 2747/8/5
f 2750/8/5 2748/8/5 2749/8/5
f 2751/8/5 2748/8/5 2750/8/5
f 2752/9/5 2750/9/5 2749/9/5
f 2753/8/5 2751/8/5 2750/8/5
f 2753/9/5 2750/9/5 2752/9/5
f 2754/8/5 2751/8/5 2753/8/5
f 2755/9/5 2753/9/5 2752/9/5
f 2755/9/5 2754/9/5 2753/9/5
f 2756/9/5 2754/9/5 2755/9/5
f 2757/9/5 2754/9/5 2756/9/5
f 2758/8/5 2756/8/5 2755/8/5
f 2759/9/5 2757/9/5 2756/9/5
f 2759/8/5 2756/8/5 2758/8/5
f 2760/9/5 2757/9/5 2759/9/5
f 2761/8/5 2759/8/5 2758/8/5
f 2761/8/5 2760/8/5 2759/8/5
f 2762/8/5 2760/8/5 2761/8/5
f 2763/8/5 2760/8/5 2762/8/5
f 2764/9/5 2762/9/5 2761/9/5
f 2765/8/5 2763/8/5 2762/8/5
f 2765/9/5 2762/9/5 2764/9/5
f 2766/8/5 2763/8/5 2765/8/5
f 2767/9/5 2765/9/5 2764/9/5
f 2767/9/5 2766/9/5 2765/9/5
f 2768/9/5 2766/9/5 2767/9/5
f 2769/9/5 2766/9/5 2768/9/5
f 2770/8/5 2768/8/5 2767/8/5
f 2771/9/5 2769/9/5 2768/9/5
f 2771/8/5 2768/8/5 2770/8/5
f 2772/9/5 2769/9/5 2771/9/5
f 2773/8/5 2771/8/5 2770/8/5
f 2773/8/5 2772/8/5 2771/8/5
f 2774/8/5 2772/8/5 2773/8/5
f 2775/8/5 2772/8/5 2774/8/5
f 2776/9/5 2774/9/5 2773/9/5
f 2777/8/5 2775/8/5 2774/8/5
f 2777/9/5 2774/9/5 2776/9/5
f 2778/8/5 2775/8/5 2777/8/5
f 2779/9/5 2777/9/5 2776/9/5
f 2779/9/5 2778/9/5 2777/9/5
f 2780/9/5 2778/9/5 2779/9/5
f 2781/9/5 2778/9/5 2780/9/5
f 2782/8/5 2780/8/5 2779/8/5
f 2783/9/5 2781/9/5 2780/9/5
f 2783/8/5 2780/8/5 2782/8/5
f 2784/9/5 2781/9/5 2783/9/5
f 2785/8/5 2783/8/5 2782/8/5
f 2785/8/5 2784/8/5 2783/8/5
f 2786/8/5 2784/8/5 2785/8/5
f 2789/9/5 2788/9/5 2787/9/5
f 2790/9/5 2788/9/5 2789/9/5
f 2791/2/6 2792/2/6 2797/2/6
f 2792/2/6 2793/2/6 2797/2/6
f 2797/2/6 2793/2/6 2798/2/6
f 2794/1/6 2795/1/6 2799/1/6
f 2795/2/6 2796/2/6 2800/2/6
f 2799/1/6 2795/1/6 2800/1/6
f 2800/2/6 2796/2/6 2801/2/6
f 2804/8/6 2805/8/6 2806/8/6
f 2806/8/6 2805/8/6 2807/8/6
f 2806/9/6 2807/9/6 2808/9/6
f 2802/8/6 2803/8/6 2809/8/6
f 2808/9/6 2807/9/6 2810/9/6
f 2810/9/6 2807/9/6 2811/9/6
f 2802/8/6 2809/8/6 2812/8/6
f 2812/8/6 2809/8/6 2813/8/6
f 2810/8/6 2811/8/6 2814/8/6
f 2812/9/6 2813/9/6 2815/9/6
f 2814/8/6 2811/8/6 2816/8/6
f 2816/8/6 2811/8/6 2817/8/6
f 2812/9/6 2815/9/6 2818/9/6
f 2818/9/6 2815/9/6 2819/9/6
f 2816/9/6 2817/9/6 2820/9/6
f 2818/8/6 2819/8/6 2821/8/6
f 2820/9/6 2817/9/6 2822/9/6
f 2822/9/6 2817/9/6 2823/9/6
f 2818/8/6 2821/8/6 2824/8/6
f 2824/8/6 2821/8/6 2825/8/6
f 2822/8/6 2823/8/6 2826/8/6
f 2824/9/6 2825/9/6 2827/9/6
f 2826/8/6 2823/8/6 2828/8/6
f 2828/8/6 2823/8/6 2829/8/6
f 2824/9/6 2827/9/6 2830/9/6
f 2830/9/6 2827/9/6 2831/9/6
f 2828/9/6 2829/9/6 2832/9/6
f 2830/8/6 2831/8/6 2833/8/6
f 2832/9/6 2829/9/6 2834/9/6
f 2834/9/6 2829/9/6 2835/9/6
f 2830/8/6 2833/8/6 2836/8/6
f 2836/8/6 2833/8/6 2837/8/6
f 2834/8/6 2835/8/6 2838/8/6
f 2836/9/6 2837/9/6 2839/9/6
f 2838/8/6 2835/8/6 2840/8/6
f 2840/8/6 2835/8/6 2841/8/6
f 2836/9/6 2839/9/6 2842/9/6
f 2842/9/6 2839/9/6 2843/9/6
f 2840/9/6 2841/9/6 2844/9/6
f 2842/8/6 2843/8/6 2845/8/6
f 2844/9/6 2841/9/6 2846/9/6
f 2846/9/6 2841/9/6 2847/9/6
f 2842/8/6 2845/8/6 2848/8/6
f 2848/8/6 2845/8/6 2849/8/6
f 2846/8/6 2847/8/6 2854/8/6
f 2848/9/6 2849/9/6 2855/9/6
f 2850/2/6 2851/2/6 2856/2/6
f 2856/2/6 2851/2/6 2857/2/6
f 2852/2/6 2853/2/6 2861/2/6
f 2861/2/6 2853/2/6 2862/2/6
f 2862/2/6 2853/2/6 2863/2/6
f 2863/2/6 2853/2/6 2864/2/6
f 2854/8/6 2847/8/6 2865/8/6
f 2865/8/6 2847/8/6 2866/8/6
f 2848/9/6 2855/9/6 2867/9/6
f 2867/9/6 2855/9/6 2868/9/6
f 2859/1/6 2860/1/6 2869/1/6
f 2858/1/6 2859/1/6 2869/1/6
f 2869/1/6 2860/1/6 2870/1/6
f 2865/9/6 2866/9/6 2871/9/6
f 2867/8/6 2868/8/6 2872/8/6
f 2872/8/6 2868/8/6 2873/8/6
f 2871/9/6 2866/9/6 2874/9/6
f 2874/9/6 2866/9/6 2875/9/6
f 2878/9/6 2879/9/6 2880/9/6
f 2876/8/6 2877/8/6 2881/8/6
f 2880/9/6 2879/9/6 2882/9/6
f 2882/9/6 2879/9/6 2883/9/6
f 2876/8/6 2881/8/6 2884/8/6
f 2884/8/6 2881/8/6 2885/8/6
f 2882/8/6 2883/8/6 2886/8/6
f 2884/9/6 2885/9/6 2887/9/6
f 2886/8/6 2883/8/6 2888/8/6
f 2888/8/6 2883/8/6 2889/8/6
f 2884/9/6 2887/9/6 2890/9/6
f 2890/9/6 2887/9/6 2891/9/6
f 2888/9/6 2889/9/6 2892/9/6
f 2890/8/6 2891/8/6 2893/8/6
f 2892/9/6 2889/9/6 2894/9/6
f 2894/9/6 2889/9/6 2895/9/6
f 2890/8/6 2893/8/6 2896/8/6
f 2896/8/6 2893/8/6 2897/8/6
f 2894/8/6 2895/8/6 2898/8/6
f 2896/9/6 2897/9/6 2899/9/6
f 2898/8/6 2895/8/6 2900/8/6
f 2900/8/6 2895/8/6 2901/8/6
f 2896/9/6 2899/9/6 2902/9/6
f 2902/9/6 2899/9/6 2903/9/6
f 2900/9/6 2901/9/6 2904/9/6
f 2902/8/6 2903/8/6 2905/8/6
f 2904/9/6 2901/9/6 2906/9/6
f 2906/9/6 2901/9/6 2907/9/6
f 2902/8/6 2905/8/6 2908/8/6
f 2908/8/6 2905/8/6 2909/8/6
f 2906/8/6 2907/8/6 2910/8/6
f 2908/9/6 2909/9/6 2911/9/6
f 2910/8/6 2907/8/6 2912/8/6
f 2912/8/6 2907/8/6 2913/8/6
f 2908/9/6 2911/9/6 2914/9/6
f 2914/9/6 2911/9/6 2915/9/6
f 2912/9/6 2913/9/6 2916/9/6
f 2914/8/6 2915/8/6 2917/8/6
f 2916/9/6 2913/9/6 2918/9/6
f 2918/9/6 2913/9/6 2919/9/6
f 2914/8/6 2917/8/6 2920/8/6
f 2920/8/6 2917/8/6 2921/8/6
f 2918/8/6 2919/8/6 2922/8/6
f 2920/9/6 2921/9/6 2923/9/6
f 2922/8/6 2919/8/6 2924/8/6
f 2924/8/6 2919/8/6 2925/8/6
f 2920/9/6 2923/9/6 2926/9/6
f 2926/9/6 2923/9/6 2927/9/6
f 2924/9/6 2925/9/6 2932/9/6
f 2926/8/6 2927/8/6 2933/8/6
f 2928/1/6 2929/1/6 2934/1/6
f 2934/1/6 2929/1/6 2935/1/6
f 2930/1/6 2931/1/6 2936/1/6
f 2936/1/6 2931/1/6 2937/1/6
f 2932/9/6 2925/9/6 2938/9/6
f 2938/9/6 2925/9/6 2939/9/6
f 2926/8/6 2933/8/6 2940/8/6
f 2940/8/6 2933/8/6 2941/8/6
f 2938/8/6 2939/8/6 2942/8/6
f 2942/8/6 2939/8/6 2943/8/6
f 2944/8/6 2945/8/6 2948/8/6
f 2946/9/6 2947/9/6 2949/9/6
f 2949/9/6 2947/9/6 2950/9/6
f 2944/8/6 2948/8/6 2951/8/6
f 2951/8/6 2948/8/6 2952/8/6
f 2949/8/6 2950/8/6 2953/8/6
f 2951/9/6 2952/9/6 2954/9/6
f 2953/8/6 2950/8/6 2955/8/6
f 2955/8/6 2950/8/6 2956/8/6
f 2951/9/6 2954/9/6 2957/9/6
f 2957/9/6 2954/9/6 2958/9/6
f 2955/9/6 2956/9/6 2959/9/6
f 2957/8/6 2958/8/6 2960/8/6
f 2959/9/6 2956/9/6 2961/9/6
f 2961/9/6 2956/9/6 2962/9/6
f 2957/8/6 2960/8/6 2963/8/6
f 2963/8/6 2960/8/6 2964/8/6
f 2961/8/6 2962/8/6 2965/8/6
f 2963/9/6 2964/9/6 2966/9/6
f 2965/8/6 2962/8/6 2967/8/6
f 2967/8/6 2962/8/6 2968/8/6
f 2963/9/6 2966/9/6 2969/9/6
f 2969/9/6 2966/9/6 2970/9/6
f 2967/9/6 2968/9/6 2971/9/6
f 2969/8/6 2970/8/6 2972/8/6
f 2971/9/6 2968/9/6 2973/9/6
f 2973/9/6 2968/9/6 2974/9/6
f 2969/8/6 2972/8/6 2975/8/6
f 2975/8/6 2972/8/6 2976/8/6
f 2973/8/6 2974/8/6 2977/8/6
f 2975/9/6 2976/9/6 2978/9/6
f 2977/8/6 2974/8/6 2979/8/6
f 2979/8/6 2974/8/6 2980/8/6
f 2975/9/6 2978/9/6 2981/9/6
f 2981/9/6 2978/9/6 2982/9/6
f 2979/9/6 2980/9/6 2983/9/6
f 2981/8/6 2982/8/6 2984/8/6
f 2983/9/6 2980/9/6 2985/9/6
f 2985/9/6 2980/9/6 2986/9/6
f 2981/8/6 2984/8/6 2987/8/6
f 2987/8/6 2984/8/6 2988/8/6
f 2985/8/6 2986/8/6 2989/8/6
f 2987/9/6 2988/9/6 2990/9/6
f 2989/8/6 2986/8/6 2991/8/6
f 2991/8/6 2986/8/6 2992/8/6
f 2987/9/6 2990/9/6 2993/9/6
f 2993/9/6 2990/9/6 2994/9/6
f 2991/9/6 2992/9/6 2995/9/6
f 2993/8/6 2994/8/6 2996/8/6
f 2995/9/6 2992/9/6 2997/9/6
f 2997/9/6 2992/9/6 2998/9/6
f 2993/8/6 2996/8/6 2999/8/6
f 2999/8/6 2996/8/6 3000/8/6
f 2997/8/6 2998/8/6 3001/8/6
f 2999/9/6 3000/9/6 3002/9/6
f 3002/9/6 3000/9/6 3003/9/6
f 3001/8/6 2998/8/6 3004/8/6
f 3004/8/6 2998/8/6 3005/8/6
f 3006/8/6 3007/8/6 3010/8/6
f 3010/8/6 3007/8/6 3011/8/6
f 3008/8/6 3009/8/6 3012/8/6
f 3010/9/6 3011/9/6 3013/9/6
f 3012/8/6 3009/8/6 3014/8/6
f 3014/8/6 3009/8/6 3015/8/6
f 3010/9/6 3013/9/6 3016/9/6
f 3016/9/6 3013/9/6 3017/9/6
f 3014/9/6 3015/9/6 3018/9/6
f 3016/8/6 3017/8/6 3019/8/6
f 3018/9/6 3015/9/6 3020/9/6
f 3020/9/6 3015/9/6 3021/9/6
f 3016/8/6 3019/8/6 3022/8/6
f 3022/8/6 3019/8/6 3023/8/6
f 3020/8/6 3021/8/6 3024/8/6
f 3022/9/6 3023/9/6 3025/9/6
f 3024/8/6 3021/8/6 3026/8/6
f 3026/8/6 3021/8/6 3027/8/6
f 3022/9/6 3025/9/6 3028/9/6
f 3028/9/6 3025/9/6 3029/9/6
f 3026/9/6 3027/9/6 3030/9/6
f 3028/8/6 3029/8/6 3031/8/6
f 3030/9/6 3027/9/6 3032/9/6
f 3032/9/6 3027/9/6 3033/9/6
f 3028/8/6 3031/8/6 3034/8/6
f 3034/8/6 3031/8/6 3035/8/6
f 3032/8/6 3033/8/6 3036/8/6
f 3034/9/6 3035/9/6 3037/9/6
f 3036/8/6 3033/8/6 3038/8/6
f 3038/8/6 3033/8/6 3039/8/6
f 3034/9/6 3037/9/6 3040/9/6
f 3040/9/6 3037/9/6 3041/9/6
f 3038/9/6 3039/9/6 3042/9/6
f 3040/8/6 3041/8/6 3043/8/6
f 3042/9/6 3039/9/6 3044/9/6
f 3044/9/6 3039/9/6 3045/9/6
f 3040/8/6 3043/8/6 3046/8/6
f 3046/8/6 3043/8/6 3047/8/6
f 3044/8/6 3045/8/6 3048/8/6
f 3046/9/6 3047/9/6 3049/9/6
f 3048/8/6 3045/8/6 3050/8/6
f 3050/8/6 3045/8/6 3051/8/6
f 3046/9/6 3049/9/6 3052/9/6
f 3052/9/6 3049/9/6 3053/9/6
f 3050/9/6 3051/9/6 3054/9/6
f 3052/8/6 3053/8/6 3055/8/6
f 3054/9/6 3051/9/6 3056/9/6
f 3056/9/6 3051/9/6 3057/9/6
f 3052/8/6 3055/8/6 3058/8/6
f 3058/8/6 3055/8/6 3059/8/6
f 3056/8/6 3057/8/6 3060/8/6
f 3058/9/6 3059/9/6 3061/9/6
f 3060/8/6 3057/8/6 3062/8/6
f 3062/8/6 3057/8/6 3063/8/6
f 3058/9/6 3061/9/6 3064/9/6
f 3064/9/6 3061/9/6 3065/9/6
f 3062/9/6 3063/9/6 3066/9/6
f 3066/9/6 3063/9/6 3067/9/6
f 3068/9/6 3069/9/6 3072/9/6
f 3070/8/6 3071/8/6 3073/8/6
f 3073/8/6 3071/8/6 3074/8/6
f 3068/9/6 3072/9/6 3075/9/6
f 3075/9/6 3072/9/6 3076/9/6
f 3073/9/6 3074/9/6 3077/9/6
f 3075/8/6 3076/8/6 3078/8/6
f 3077/9/6 3074/9/6 3079/9/6
f 3079/9/6 3074/9/6 3080/9/6
f 3075/8/6 3078/8/6 3081/8/6
f 3081/8/6 3078/8/6 3082/8/6
f 3079/8/6 3080/8/6 3083/8/6
f 3081/9/6 3082/9/6 3084/9/6
f 3083/8/6 3080/8/6 3085/8/6
f 3085/8/6 3080/8/6 3086/8/6
f 3081/9/6 3084/9/6 3087/9/6
f 3087/9/6 3084/9/6 3088/9/6
f 3085/9/6 3086/9/6 3089/9/6
f 3087/8/6 3088/8/6 3090/8/6
f 3089/9/6 3086/9/6 3091/9/6
f 3091/9/6 3086/9/6 3092/9/6
f 3087/8/6 3090/8/6 3093/8/6
f 3093/8/6 3090/8/6 3094/8/6
f 3091/8/6 3092/8/6 3095/8/6
f 3093/9/6 3094/9/6 3096/9/6
f 3095/8/6 3092/8/6 3097/8/6
f 3097/8/6 3092/8/6 3098/8/6
f 3093/9/6 3096/9/6 3099/9/6
f 3099/9/6 3096/9/6 3100/9/6
f 3097/9/6 3098/9/6 3101/9/6
f 3099/8/6 3100/8/6 3102/8/6
f 3101/9/6 3098/9/6 3103/9/6
f 3103/9/6 3098/9/6 3104/9/6
f 3099/8/6 3102/8/6 3105/8/6
f 3105/8/6 3102/8/6 3106/8/6
f 3103/8/6 3104/8/6 3107/8/6
f 3105/9/6 3106/9/6 3108/9/6
f 3107/8/6 3104/8/6 3109/8/6
f 3109/8/6 3104/8/6 3110/8/6
f 3105/9/6 3108/9/6 3111/9/6
f 3111/9/6 3108/9/6 3112/9/6
f 3109/9/6 3110/9/6 3113/9/6
f 3111/8/6 3112/8/6 3114/8/6
f 3113/9/6 3110/9/6 3115/9/6
f 3115/9/6 3110/9/6 3116/9/6
f 3111/8/6 3114/8/6 3117/8/6
f 3117/8/6 3114/8/6 3118/8/6
f 3115/8/6 3116/8/6 3124/8/6
f 3117/9/6 3118/9/6 3125/9/6
f 3119/7/6 3120/7/6 3126/7/6
f 3120/6/6 3121/6/6 3127/6/6
f 3126/7/6 3120/7/6 3127/7/6
f 3121/5/6 3122/5/6 3128/5/6
f 3127/6/6 3121/6/6 3128/6/6
f 3122/7/6 3123/7/6 3129/7/6
f 3128/5/6 3122/5/6 3129/5/6
f 3129/7/6 3123/7/6 3130/7/6
f 3124/8/6 3116/8/6 3131/8/6
f 3131/8/6 3116/8/6 3132/8/6
f 3117/9/6 3125/9/6 3133/9/6
f 3133/9/6 3125/9/6 3134/9/6
f 3131/9/6 3132/9/6 3135/9/6
f 3133/8/6 3134/8/6 3136/8/6
f 3136/8/6 3134/8/6 3137/8/6
f 3135/9/6 3132/9/6 3138/9/6
f 3138/9/6 3132/9/6 3139/9/6
f 3140/9/6 3141/9/6 3144/9/6
f 3144/9/6 3141/9/6 3145/9/6
f 3142/9/6 3143/9/6 3146/9/6
f 3144/8/6 3145/8/6 3147/8/6
f 3146/9/6 3143/9/6 3148/9/6
f 3148/9/6 3143/9/6 3149/9/6
f 3144/8/6 3147/8/6 3150/8/6
f 3150/8/6 3147/8/6 3151/8/6
f 3148/8/6 3149/8/6 3152/8/6
f 3150/9/6 3151/9/6 3153/9/6
f 3152/8/6 3149/8/6 3154/8/6
f 3154/8/6 3149/8/6 3155/8/6
f 3150/9/6 3153/9/6 3156/9/6
f 3156/9/6 3153/9/6 3157/9/6
f 3154/9/6 3155/9/6 3158/9/6
f 3156/8/6 3157/8/6 3159/8/6
f 3158/9/6 3155/9/6 3160/9/6
f 3160/9/6 3155/9/6 3161/9/6
f 3156/8/6 3159/8/6 3162/8/6
f 3162/8/6 3159/8/6 3163/8/6
f 3160/8/6 3161/8/6 3164/8/6
f 3162/9/6 3163/9/6 3165/9/6
f 3164/8/6 3161/8/6 3166/8/6
f 3166/8/6 3161/8/6 3167/8/6
f 3162/9/6 3165/9/6 3168/9/6
f 3168/9/6 3165/9/6 3169/9/6
f 3166/9/6 3167/9/6 3170/9/6
f 3168/8/6 3169/8/6 3171/8/6
f 3170/9/6 3167/9/6 3172/9/6
f 3172/9/6 3167/9/6 3173/9/6
f 3168/8/6 3171/8/6 3174/8/6
f 3174/8/6 3171/8/6 3175/8/6
f 3172/8/6 3173/8/6 3176/8/6
f 3174/9/6 3175/9/6 3177/9/6
f 3176/8/6 3173/8/6 3178/8/6
f 3178/8/6 3173/8/6 3179/8/6
f 3174/9/6 3177/9/6 3180/9/6
f 3180/9/6 3177/9/6 3181/9/6
f 3178/9/6 3179/9/6 3182/9/6
f 3180/8/6 3181/8/6 3183/8/6
f 3182/9/6 3179/9/6 3184/9/6
f 3184/9/6 3179/9/6 3185/9/6
f 3180/8/6 3183/8/6 3186/8/6
f 3186/8/6 3183/8/6 3187/8/6
f 3184/8/6 3185/8/6 3188/8/6
f 3186/9/6 3187/9/6 3189/9/6
f 3188/8/6 3185/8/6 3190/8/6
f 3190/8/6 3185/8/6 3191/8/6
f 3186/9/6 3189/9/6 3192/9/6
f 3192/9/6 3189/9/6 3193/9/6
f 3190/9/6 3191/9/6 3194/9/6
f 3192/8/6 3193/8/6 3195/8/6
f 3194/9/6 3191/9/6 3196/9/6
f 3196/9/6 3191/9/6 3197/9/6
f 3192/8/6 3195/8/6 3198/8/6
f 3198/8/6 3195/8/6 3199/8/6
f 3196/8/6 3197/8/6 3200/8/6
f 3200/8/6 3197/8/6 3201/8/6
f 3202/8/6 3203/8/6 3206/8/6
f 3204/9/6 3205/9/6 3207/9/6
f 3207/9/6 3205/9/6 3208/9/6
f 3202/8/6 3206/8/6 3209/8/6
f 3209/8/6 3206/8/6 3210/8/6
f 3207/8/6 3208/8/6 3211/8/6
f 3209/9/6 3210/9/6 3212/9/6
f 3211/8/6 3208/8/6 3213/8/6
f 3213/8/6 3208/8/6 3214/8/6
f 3209/9/6 3212/9/6 3215/9/6
f 3215/9/6 3212/9/6 3216/9/6
f 3213/9/6 3214/9/6 3217/9/6
f 3215/8/6 3216/8/6 3218/8/6
f 3217/9/6 3214/9/6 3219/9/6
f 3219/9/6 3214/9/6 3220/9/6
f 3215/8/6 3218/8/6 3221/8/6
f 3221/8/6 3218/8/6 3222/8/6
f 3219/8/6 3220/8/6 3223/8/6
f 3221/9/6 3222/9/6 3224/9/6
f 3223/8/6 3220/8/6 3225/8/6
f 3225/8/6 3220/8/6 3226/8/6
f 3221/9/6 3224/9/6 3227/9/6
f 3227/9/6 3224/9/6 3228/9/6
f 3225/9/6 3226/9/6 3229/9/6
f 3227/8/6 3228/8/6 3230/8/6
f 3229/9/6 3226/9/6 3231/9/6
f 3231/9/6 3226/9/6 3232/9/6
f 3227/8/6 3230/8/6 3233/8/6
f 3233/8/6 3230/8/6 3234/8/6
f 3231/8/6 3232/8/6 3235/8/6
f 3233/9/6 3234/9/6 3236/9/6
f 3235/8/6 3232/8/6 3237/8/6
f 3237/8/6 3232/8/6 3238/8/6
f 3233/9/6 3236/9/6 3239/9/6
f 3239/9/6 3236/9/6 3240/9/6
f 3237/9/6 3238/9/6 3241/9/6
f 3239/8/6 3240/8/6 3242/8/6
f 3241/9/6 3238/9/6 3243/9/6
f 3243/9/6 3238/9/6 3244/9/6
f 3239/8/6 3242/8/6 3245/8/6
f 3245/8/6 3242/8/6 3246/8/6
f 3243/8/6 3244/8/6 3247/8/6
f 3245/9/6 3246/9/6 3248/9/6
f 3247/8/6 3244/8/6 3249/8/6
f 3249/8/6 3244/8/6 3250/8/6
f 3245/9/6 3248/9/6 3251/9/6
f 3251/9/6 3248/9/6 3252/9/6
f 3249/9/6 3250/9/6 3253/9/6
f 3251/8/6 3252/8/6 3254/8/6
f 3253/9/6 3250/9/6 3255/9/6
f 3255/9/6 3250/9/6 3256/9/6
f 3251/8/6 3254/8/6 3257/8/6
f 3257/8/6 3254/8/6 3258/8/6
f 3255/8/6 3256/8/6 3259/8/6
f 3257/9/6 3258/9/6 3260/9/6
f 3260/9/6 3258/9/6 3261/9/6
f 3259/8/6 3256/8/6 3262/8/6
f 3262/8/6 3256/8/6 3263/8/6
f 3264/8/6 3265/8/6 3266/8/6
f 3266/8/6 3265/8/6 3267/8/6
f 3266/9/6 3267/9/6 3268/9/6
f 3267/8/6 3265/8/6 3268/8/6
f 3268/8/6 3265/8/6 3269/8/6
f 3266/9/6 3268/9/6 3270/9/6
f 3268/9/6 3269/9/6 3270/9/6
f 3270/9/6 3269/9/6 3271/9/6
f 3270/8/6 3271/8/6 3272/8/6
f 3271/9/6 3269/9/6 3272/9/6
f 3272/9/6 3269/9/6 3273/9/6
f 3270/8/6 3272/8/6 3274/8/6
f 3272/8/6 3273/8/6 3274/8/6
f 3274/8/6 3273/8/6 3275/8/6
f 3274/9/6 3275/9/6 3276/9/6
f 3275/8/6 3273/8/6 3276/8/6
f 3276/8/6 3273/8/6 3277/8/6
f 3274/9/6 3276/9/6 3278/9/6
f 3276/9/6 3277/9/6 3278/9/6
f 3278/9/6 3277/9/6 3279/9/6
f 3278/8/6 3279/8/6 3280/8/6
f 3279/9/6 3277/9/6 3280/9/6
f 3280/9/6 3277/9/6 3281/9/6
f 3278/8/6 3280/8/6 3282/8/6
f 3280/8/6 3281/8/6 3282/8/6
f 3282/8/6 3281/8/6 3283/8/6
f 3282/9/6 3283/9/6 3284/9/6
f 3283/8/6 3281/8/6 3284/8/6
f 3284/8/6 3281/8/6 3285/8/6
f 3282/9/6 3284/9/6 3286/9/6
f 3284/9/6 3285/9/6 3286/9/6
f 3286/9/6 3285/9/6 3287/9/6
f 3286/8/6 3287/8/6 3288/8/6
f 3287/9/6 3285/9/6 3288/9/6
f 3288/9/6 3285/9/6 3289/9/6
f 3286/8/6 3288/8/6 3290/8/6
f 3288/8/6 3289/8/6 3290/8/6
f 3290/8/6 3289/8/6 3291/8/6
f 3290/9/6 3291/9/6 3292/9/6
f 3291/8/6 3289/8/6 3292/8/6
f 3292/8/6 3289/8/6 3293/8/6
f 3290/9/6 3292/9/6 3294/9/6
f 3292/9/6 3293/9/6 3294/9/6
f 3294/9/6 3293/9/6 3295/9/6
f 3294/8/6 3295/8/6 3296/8/6
f 3295/9/6 3293/9/6 3296/9/6
f 3296/9/6 3293/9/6 3297/9/6
f 3294/8/6 3296/8/6 3298/8/6
f 3296/8/6 3297/8/6 3298/8/6
f 3298/8/6 3297/8/6 3299/8/6
f 3298/9/6 3299/9/6 3300/9/6
f 3299/8/6 3297/8/6 3300/8/6
f 3300/8/6 3297/8/6 3301/8/6
f 3298/9/6 3300/9/6 3302/9/6
f 3300/9/6 3301/9/6 3302/9/6
f 3302/9/6 3301/9/6 3303/9/6
