# MagicaVoxel @ Ephtracy

# group
o 

# material
mtllib water_well.mtl
usemtl palette

# normals
vn -1 0 0
vn 1 0 0
vn 0 0 1
vn 0 0 -1
vn 0 -1 0
vn 0 1 0

# texcoords
vt 0.326172 0.5
vt 0.357422 0.5
vt 0.939453 0.5

# verts
v -1.6 0 0.5
v -1.6 0 -0.6
v -1.6 0.1 0.8
v -1.6 0.1 0.5
v -1.6 0.1 0.4
v -1.6 0.1 -0.5
v -1.6 0.1 -0.6
v -1.6 0.1 -0.9
v -1.6 0.2 1
v -1.6 0.2 0.8
v -1.6 0.2 0.7
v -1.6 0.2 0.4
v -1.6 0.2 -0.5
v -1.6 0.2 -0.8
v -1.6 0.2 -0.9
v -1.6 0.2 -1.1
v -1.6 0.3 1.1
v -1.6 0.3 1
v -1.6 0.3 0.9
v -1.6 0.3 0.7
v -1.6 0.3 -0.8
v -1.6 0.3 -1
v -1.6 0.3 -1.1
v -1.6 0.3 -1.2
v -1.6 0.4 1.2
v -1.6 0.4 1.1
v -1.6 0.4 1
v -1.6 0.4 0.9
v -1.6 0.4 -1
v -1.6 0.4 -1.1
v -1.6 0.4 -1.2
v -1.6 0.4 -1.3
v -1.6 0.5 1.1
v -1.6 0.5 1
v -1.6 0.5 -1.1
v -1.6 0.5 -1.2
v -1.6 1 1.1
v -1.6 1 -1.2
v -1.6 1.1 1.2
v -1.6 1.1 -1.3
v -1.5 0.1 0.4
v -1.5 0.1 -0.5
v -1.5 0.2 0.7
v -1.5 0.2 0.4
v -1.5 0.2 -0.5
v -1.5 0.2 -0.8
v -1.5 0.3 0.9
v -1.5 0.3 0.7
v -1.5 0.3 0.3
v -1.5 0.3 0.2
v -1.5 0.3 -0.0999999
v -1.5 0.3 -0.2
v -1.5 0.3 -0.8
v -1.5 0.3 -1
v -1.5 0.4 1
v -1.5 0.4 0.9
v -1.5 0.4 0.6
v -1.5 0.4 0.3
v -1.5 0.4 0.2
v -1.5 0.4 -0.0999999
v -1.5 0.4 -0.2
v -1.5 0.4 -0.7
v -1.5 0.4 -1
v -1.5 0.4 -1.1
v -1.5 0.5 1.1
v -1.5 0.5 1
v -1.5 0.5 0.6
v -1.5 0.5 0.5
v -1.5 0.5 0.4
v -1.5 0.5 0
v -1.5 0.5 -0.0999999
v -1.5 0.5 -0.5
v -1.5 0.5 -0.6
v -1.5 0.5 -0.7
v -1.5 0.5 -1.1
v -1.5 0.5 -1.2
v -1.5 0.6 0.9
v -1.5 0.6 0.5
v -1.5 0.6 0.4
v -1.5 0.6 0.3
v -1.5 0.6 0.2
v -1.5 0.6 0
v -1.5 0.6 -0.0999999
v -1.5 0.6 -0.3
v -1.5 0.6 -0.4
v -1.5 0.6 -0.5
v -1.5 0.6 -0.6
v -1.5 0.6 -0.8
v -1.5 0.6 -0.9
v -1.5 0.6 -1
v -1.5 0.7 0.9
v -1.5 0.7 0.7
v -1.5 0.7 0.6
v -1.5 0.7 0.3
v -1.5 0.7 0
v -1.5 0.7 -0.3
v -1.5 0.7 -0.5
v -1.5 0.7 -0.6
v -1.5 0.7 -0.7
v -1.5 0.7 -0.8
v -1.5 0.7 -0.9
v -1.5 0.7 -1
v -1.5 0.8 0.8
v -1.5 0.8 0.7
v -1.5 0.8 0.6
v -1.5 0.8 0.5
v -1.5 0.8 0.4
v -1.5 0.8 0.2
v -1.5 0.8 0
v -1.5 0.8 -0.0999999
v -1.5 0.8 -0.2
v -1.5 0.8 -0.4
v -1.5 0.8 -0.5
v -1.5 0.8 -0.6
v -1.5 0.8 -0.7
v -1.5 0.8 -0.9
v -1.5 0.9 0.8
v -1.5 0.9 0.5
v -1.5 0.9 0.4
v -1.5 0.9 -0.0999999
v -1.5 0.9 -0.2
v -1.5 0.9 -0.9
v -1.5 1 1.1
v -1.5 1 -1.2
v 1.4 0.2 0.4
v 1.4 0.2 -0.5
v 1.4 0.3 0.7
v 1.4 0.3 0.4
v 1.4 0.3 0.3
v 1.4 0.3 0.2
v 1.4 0.3 0.1
v 1.4 0.3 0
v 1.4 0.3 -0.3
v 1.4 0.3 -0.4
v 1.4 0.3 -0.5
v 1.4 0.3 -0.8
v 1.4 0.4 0.9
v 1.4 0.4 0.7
v 1.4 0.4 0.6
v 1.4 0.4 0.5
v 1.4 0.4 0.4
v 1.4 0.4 0.3
v 1.4 0.4 0.2
v 1.4 0.4 0.1
v 1.4 0.4 0
v 1.4 0.4 -0.3
v 1.4 0.4 -0.4
v 1.4 0.4 -0.7
v 1.4 0.4 -0.8
v 1.4 0.4 -1
v 1.4 0.5 1
v 1.4 0.5 0.9
v 1.4 0.5 0.7
v 1.4 0.5 0.6
v 1.4 0.5 0.4
v 1.4 0.5 0.1
v 1.4 0.5 0
v 1.4 0.5 -0.4
v 1.4 0.5 -0.5
v 1.4 0.5 -0.7
v 1.4 0.5 -0.8
v 1.4 0.5 -0.9
v 1.4 0.5 -1
v 1.4 0.5 -1.1
v 1.4 0.6 0.9
v 1.4 0.6 0.8
v 1.4 0.6 0.5
v 1.4 0.6 0.3
v 1.4 0.6 0.2
v 1.4 0.6 0.1
v 1.4 0.6 0
v 1.4 0.6 -0.3
v 1.4 0.6 -0.5
v 1.4 0.6 -0.8
v 1.4 0.6 -0.9
v 1.4 0.6 -1
v 1.4 0.7 0.9
v 1.4 0.7 0.8
v 1.4 0.7 0.7
v 1.4 0.7 0.6
v 1.4 0.7 0.5
v 1.4 0.7 0.4
v 1.4 0.7 0.2
v 1.4 0.7 0.1
v 1.4 0.7 0
v 1.4 0.7 -0.2
v 1.4 0.7 -0.4
v 1.4 0.7 -0.8
v 1.4 0.7 -0.9
v 1.4 0.7 -1
v 1.4 0.8 0.9
v 1.4 0.8 0.7
v 1.4 0.8 0.5
v 1.4 0.8 0.4
v 1.4 0.8 0.3
v 1.4 0.8 0.2
v 1.4 0.8 0
v 1.4 0.8 -0.0999999
v 1.4 0.8 -0.3
v 1.4 0.8 -0.6
v 1.4 0.8 -0.7
v 1.4 0.8 -0.8
v 1.4 0.8 -0.9
v 1.4 0.8 -1
v 1.4 0.9 0.9
v 1.4 0.9 0.7
v 1.4 0.9 0.6
v 1.4 0.9 0.2
v 1.4 0.9 0.1
v 1.4 0.9 -0.0999999
v 1.4 0.9 -0.2
v 1.4 0.9 -0.6
v 1.4 0.9 -0.7
v 1.4 0.9 -1
v 1.4 1 1
v 1.4 1 -1.1
v 1.4 1.1 1
v 1.4 1.1 -1.1
v 1.5 0.1 0.5
v 1.5 0.1 0.4
v 1.5 0.1 -0.5
v 1.5 0.1 -0.6
v 1.5 0.2 0.8
v 1.5 0.2 0.7
v 1.5 0.2 0.5
v 1.5 0.2 0.4
v 1.5 0.2 -0.5
v 1.5 0.2 -0.6
v 1.5 0.2 -0.8
v 1.5 0.2 -0.9
v 1.5 0.3 1
v 1.5 0.3 0.9
v 1.5 0.3 0.8
v 1.5 0.3 0.7
v 1.5 0.3 -0.8
v 1.5 0.3 -0.9
v 1.5 0.3 -1
v 1.5 0.3 -1.1
v 1.5 0.4 1.1
v 1.5 0.4 1
v 1.5 0.4 0.9
v 1.5 0.4 -1
v 1.5 0.4 -1.1
v 1.5 0.4 -1.2
v 1.5 0.5 1.1
v 1.5 0.5 1
v 1.5 0.5 -1.1
v 1.5 0.5 -1.2
v -1.5 0.1 0.5
v -1.5 0.1 0.4
v -1.5 0.1 -0.5
v -1.5 0.1 -0.6
v -1.5 0.2 0.8
v -1.5 0.2 0.7
v -1.5 0.2 0.5
v -1.5 0.2 0.4
v -1.5 0.2 -0.5
v -1.5 0.2 -0.6
v -1.5 0.2 -0.8
v -1.5 0.2 -0.9
v -1.5 0.3 1
v -1.5 0.3 0.9
v -1.5 0.3 0.8
v -1.5 0.3 0.7
v -1.5 0.3 -0.8
v -1.5 0.3 -0.9
v -1.5 0.3 -1
v -1.5 0.3 -1.1
v -1.5 0.4 1.1
v -1.5 0.4 1
v -1.5 0.4 0.9
v -1.5 0.4 -1
v -1.5 0.4 -1.1
v -1.5 0.4 -1.2
v -1.5 0.5 1.1
v -1.5 0.5 1
v -1.5 0.5 -1.1
v -1.5 0.5 -1.2
v -1.4 0.2 0.4
v -1.4 0.2 -0.5
v -1.4 0.3 0.7
v -1.4 0.3 0.4
v -1.4 0.3 0.3
v -1.4 0.3 0.2
v -1.4 0.3 -0.0999999
v -1.4 0.3 -0.2
v -1.4 0.3 -0.5
v -1.4 0.3 -0.8
v -1.4 0.4 0.9
v -1.4 0.4 0.7
v -1.4 0.4 0.6
v -1.4 0.4 0.3
v -1.4 0.4 0.2
v -1.4 0.4 -0.0999999
v -1.4 0.4 -0.2
v -1.4 0.4 -0.7
v -1.4 0.4 -0.8
v -1.4 0.4 -1
v -1.4 0.5 1
v -1.4 0.5 0.9
v -1.4 0.5 0.6
v -1.4 0.5 0.5
v -1.4 0.5 0.4
v -1.4 0.5 0
v -1.4 0.5 -0.0999999
v -1.4 0.5 -0.5
v -1.4 0.5 -0.6
v -1.4 0.5 -0.7
v -1.4 0.5 -1
v -1.4 0.5 -1.1
v -1.4 0.6 0.9
v -1.4 0.6 0.5
v -1.4 0.6 0.4
v -1.4 0.6 0.3
v -1.4 0.6 0.2
v -1.4 0.6 0
v -1.4 0.6 -0.0999999
v -1.4 0.6 -0.3
v -1.4 0.6 -0.4
v -1.4 0.6 -0.5
v -1.4 0.6 -0.6
v -1.4 0.6 -0.8
v -1.4 0.6 -0.9
v -1.4 0.6 -1
v -1.4 0.7 0.9
v -1.4 0.7 0.7
v -1.4 0.7 0.6
v -1.4 0.7 0.3
v -1.4 0.7 0
v -1.4 0.7 -0.3
v -1.4 0.7 -0.5
v -1.4 0.7 -0.6
v -1.4 0.7 -0.7
v -1.4 0.7 -0.8
v -1.4 0.7 -0.9
v -1.4 0.7 -1
v -1.4 0.8 0.8
v -1.4 0.8 0.7
v -1.4 0.8 0.6
v -1.4 0.8 0.5
v -1.4 0.8 0.4
v -1.4 0.8 0.2
v -1.4 0.8 0
v -1.4 0.8 -0.0999999
v -1.4 0.8 -0.2
v -1.4 0.8 -0.4
v -1.4 0.8 -0.5
v -1.4 0.8 -0.6
v -1.4 0.8 -0.7
v -1.4 0.8 -0.9
v -1.4 0.9 0.8
v -1.4 0.9 0.5
v -1.4 0.9 0.4
v -1.4 0.9 -0.0999999
v -1.4 0.9 -0.2
v -1.4 0.9 -0.9
v -1.4 1 1
v -1.4 1 -1.1
v -1.4 1.1 1
v -1.4 1.1 -1.1
v 1.6 0 0.5
v 1.6 0 -0.6
v 1.6 0.1 0.8
v 1.6 0.1 0.5
v 1.6 0.1 0.4
v 1.6 0.1 -0.5
v 1.6 0.1 -0.6
v 1.6 0.1 -0.9
v 1.6 0.2 1
v 1.6 0.2 0.8
v 1.6 0.2 0.7
v 1.6 0.2 0.4
v 1.6 0.2 0
v 1.6 0.2 -0.0999999
v 1.6 0.2 -0.3
v 1.6 0.2 -0.4
v 1.6 0.2 -0.5
v 1.6 0.2 -0.8
v 1.6 0.2 -0.9
v 1.6 0.2 -1.1
v 1.6 0.3 1.1
v 1.6 0.3 1
v 1.6 0.3 0.9
v 1.6 0.3 0.7
v 1.6 0.3 0.6
v 1.6 0.3 0.2
v 1.6 0.3 0.1
v 1.6 0.3 0
v 1.6 0.3 -0.2
v 1.6 0.3 -0.3
v 1.6 0.3 -0.4
v 1.6 0.3 -0.7
v 1.6 0.3 -0.8
v 1.6 0.3 -1
v 1.6 0.3 -1.1
v 1.6 0.3 -1.2
v 1.6 0.4 1.2
v 1.6 0.4 1.1
v 1.6 0.4 1
v 1.6 0.4 0.9
v 1.6 0.4 0.8
v 1.6 0.4 0.7
v 1.6 0.4 0.6
v 1.6 0.4 0.3
v 1.6 0.4 0.1
v 1.6 0.4 -0.0999999
v 1.6 0.4 -0.2
v 1.6 0.4 -0.3
v 1.6 0.4 -0.4
v 1.6 0.4 -0.7
v 1.6 0.4 -1
v 1.6 0.4 -1.1
v 1.6 0.4 -1.2
v 1.6 0.4 -1.3
v 1.6 0.5 1.1
v 1.6 0.5 1
v 1.6 0.5 0.8
v 1.6 0.5 0.7
v 1.6 0.5 0.5
v 1.6 0.5 0.4
v 1.6 0.5 0.3
v 1.6 0.5 0.2
v 1.6 0.5 0.1
v 1.6 0.5 0
v 1.6 0.5 -0.3
v 1.6 0.5 -0.4
v 1.6 0.5 -0.5
v 1.6 0.5 -0.6
v 1.6 0.5 -1
v 1.6 0.5 -1.1
v 1.6 0.5 -1.2
v 1.6 0.6 1
v 1.6 0.6 0.6
v 1.6 0.6 0.4
v 1.6 0.6 0.1
v 1.6 0.6 0
v 1.6 0.6 -0.0999999
v 1.6 0.6 -0.3
v 1.6 0.6 -0.5
v 1.6 0.6 -0.6
v 1.6 0.6 -0.7
v 1.6 0.6 -0.8
v 1.6 0.6 -1
v 1.6 0.7 1
v 1.6 0.7 0.9
v 1.6 0.7 0.8
v 1.6 0.7 0.6
v 1.6 0.7 0.5
v 1.6 0.7 0.3
v 1.6 0.7 0.2
v 1.6 0.7 0
v 1.6 0.7 -0.3
v 1.6 0.7 -0.6
v 1.6 0.7 -0.8
v 1.6 0.7 -1
v 1.6 0.8 1
v 1.6 0.8 0.9
v 1.6 0.8 0.7
v 1.6 0.8 0.6
v 1.6 0.8 0.4
v 1.6 0.8 0.3
v 1.6 0.8 0.1
v 1.6 0.8 0
v 1.6 0.8 -0.0999999
v 1.6 0.8 -0.3
v 1.6 0.8 -0.5
v 1.6 0.8 -0.6
v 1.6 0.8 -0.7
v 1.6 0.8 -0.9
v 1.6 0.9 0.8
v 1.6 0.9 0.7
v 1.6 0.9 0.6
v 1.6 0.9 0.4
v 1.6 0.9 0.2
v 1.6 0.9 0.1
v 1.6 0.9 -0.3
v 1.6 0.9 -0.5
v 1.6 0.9 -0.9
v 1.6 0.9 -1
v 1.6 1 1.1
v 1.6 1 -1.2
v 1.6 1.1 1.2
v 1.6 1.1 -1.3
v -1.6 0.4 1.2
v -1.6 1.1 1.2
v -1.5 0.5 1.2
v -1.5 1 1.2
v -1.4 0.7 1.2
v -1.4 0.9 1.2
v -1.3 0.6 1.2
v -1.3 0.7 1.2
v -1.3 0.8 1.2
v -1.3 0.9 1.2
v -1.2 0.6 1.2
v -1.2 0.8 1.2
v -1.1 0.7 1.2
v -1.1 0.9 1.2
v -0.9 0.6 1.2
v -0.9 0.7 1.2
v -0.9 0.8 1.2
v -0.9 0.9 1.2
v -0.8 0.6 1.2
v -0.8 0.7 1.2
v -0.7 0.6 1.2
v -0.7 0.7 1.2
v -0.6 0.6 1.2
v -0.6 0.7 1.2
v -0.6 0.8 1.2
v -0.6 0.9 1.2
v -0.5 0.7 1.2
v -0.5 0.9 1.2
v -0.4 0.7 1.2
v -0.4 0.8 1.2
v -0.3 0.6 1.2
v -0.3 0.7 1.2
v -0.2 0.6 1.2
v -0.2 0.7 1.2
v -0.1 0.8 1.2
v -0.1 0.9 1.2
v 0 0.6 1.2
v 0 0.7 1.2
v 0 0.8 1.2
v 0 0.9 1.2
v 0.1 0.6 1.2
v 0.1 0.7 1.2
v 0.1 0.8 1.2
v 0.1 0.9 1.2
v 0.2 0.7 1.2
v 0.2 0.9 1.2
v 0.3 0.7 1.2
v 0.3 0.8 1.2
v 0.4 0.6 1.2
v 0.4 0.7 1.2
v 0.5 0.6 1.2
v 0.5 0.8 1.2
v 0.6 0.7 1.2
v 0.6 0.8 1.2
v 0.7 0.6 1.2
v 0.7 0.7 1.2
v 0.7 0.8 1.2
v 0.7 0.9 1.2
v 0.8 0.6 1.2
v 0.8 0.7 1.2
v 0.8 0.8 1.2
v 0.8 0.9 1.2
v 0.9 0.6 1.2
v 0.9 0.7 1.2
v 1 0.6 1.2
v 1 0.8 1.2
v 1.1 0.7 1.2
v 1.1 0.8 1.2
v 1.2 0.8 1.2
v 1.2 0.9 1.2
v 1.3 0.6 1.2
v 1.3 0.7 1.2
v 1.3 0.8 1.2
v 1.3 0.9 1.2
v 1.4 0.6 1.2
v 1.4 0.8 1.2
v 1.5 0.5 1.2
v 1.5 1 1.2
v 1.6 0.4 1.2
v 1.6 1.1 1.2
v -1.6 0.3 1.1
v -1.6 0.4 1.1
v -1.5 0.3 1.1
v -1.5 0.4 1.1
v -1.1 0.3 1.1
v -1.1 0.4 1.1
v -1 0.3 1.1
v -1 0.4 1.1
v -0.8 0.3 1.1
v -0.8 0.4 1.1
v -0.5 0.3 1.1
v -0.5 0.4 1.1
v -0.4 0.3 1.1
v -0.4 0.4 1.1
v -0.2 0.3 1.1
v -0.2 0.4 1.1
v 0 0.3 1.1
v 0 0.4 1.1
v 0.1 0.3 1.1
v 0.1 0.4 1.1
v 0.2 0.3 1.1
v 0.2 0.4 1.1
v 0.3 0.3 1.1
v 0.3 0.4 1.1
v 0.6 0.3 1.1
v 0.6 0.4 1.1
v 0.8 0.3 1.1
v 0.8 0.4 1.1
v 1 0.3 1.1
v 1 0.4 1.1
v 1.1 0.3 1.1
v 1.1 0.4 1.1
v 1.5 0.3 1.1
v 1.5 0.4 1.1
v 1.6 0.3 1.1
v 1.6 0.4 1.1
v -1.6 0.2 1
v -1.6 0.3 1
v -1.5 0.3 1
v -1.5 0.4 1
v -1.5 0.5 1
v -1.3 0.4 1
v -1.3 0.5 1
v -1.2 0.4 1
v -1.2 0.5 1
v -1.1 0.3 1
v -1.1 0.4 1
v -1 0.3 1
v -1 0.4 1
v -1 0.5 1
v -0.9 0.4 1
v -0.9 0.5 1
v -0.8 0.3 1
v -0.8 0.4 1
v -0.8 0.5 1
v -0.7 0.4 1
v -0.7 0.5 1
v -0.5 0.3 1
v -0.5 0.4 1
v -0.5 0.5 1
v -0.4 0.3 1
v -0.4 0.4 1
v -0.4 0.5 1
v -0.3 0.4 1
v -0.3 0.5 1
v -0.2 0.3 1
v -0.2 0.4 1
v -0.2 0.5 1
v 0 0.3 1
v 0 0.4 1
v 0 0.5 1
v 0.1 0.3 1
v 0.1 0.4 1
v 0.2 0.3 1
v 0.2 0.4 1
v 0.2 0.5 1
v 0.3 0.3 1
v 0.3 0.4 1
v 0.5 0.4 1
v 0.5 0.5 1
v 0.6 0.3 1
v 0.6 0.4 1
v 0.6 0.5 1
v 0.7 0.4 1
v 0.7 0.5 1
v 0.8 0.3 1
v 0.8 0.4 1
v 0.8 0.5 1
v 0.9 0.4 1
v 0.9 0.5 1
v 1 0.3 1
v 1 0.4 1
v 1 0.5 1
v 1.1 0.3 1
v 1.1 0.4 1
v 1.2 0.4 1
v 1.2 0.5 1
v 1.3 0.4 1
v 1.3 0.5 1
v 1.5 0.3 1
v 1.5 0.4 1
v 1.5 0.5 1
v 1.6 0.2 1
v 1.6 0.3 1
v -1.5 0.3 0.9
v -1.5 0.4 0.9
v -1.3 0.3 0.9
v -1.3 0.4 0.9
v -1.2 0.4 0.9
v -1 0.4 0.9
v -0.9 0.4 0.9
v -0.8 0.4 0.9
v -0.7 0.4 0.9
v -0.6 0.3 0.9
v -0.6 0.4 0.9
v -0.5 0.3 0.9
v -0.5 0.4 0.9
v -0.4 0.4 0.9
v -0.3 0.4 0.9
v -0.2 0.4 0.9
v -0.1 0.3 0.9
v -0.1 0.4 0.9
v 0 0.3 0.9
v 0 0.4 0.9
v 0.2 0.4 0.9
v 0.4 0.3 0.9
v 0.4 0.4 0.9
v 0.5 0.3 0.9
v 0.5 0.4 0.9
v 0.6 0.4 0.9
v 0.7 0.4 0.9
v 0.8 0.4 0.9
v 0.9 0.4 0.9
v 1 0.4 0.9
v 1.1 0.3 0.9
v 1.1 0.4 0.9
v 1.2 0.3 0.9
v 1.2 0.4 0.9
v 1.3 0.3 0.9
v 1.3 0.4 0.9
v 1.5 0.3 0.9
v 1.5 0.4 0.9
v -1.6 0.1 0.8
v -1.6 0.2 0.8
v -1.5 0.2 0.8
v -1.4 0.2 0.8
v -1.3 0.2 0.8
v -1 0.2 0.8
v -0.8 0.2 0.8
v -0.7 0.2 0.8
v -0.6 0.2 0.8
v -0.5 0.2 0.8
v -0.4 0.2 0.8
v -0.1 0.2 0.8
v 0.1 0.2 0.8
v 0.3 0.2 0.8
v 0.5 0.2 0.8
v 0.7 0.2 0.8
v 0.9 0.2 0.8
v 1.2 0.2 0.8
v 1.3 0.2 0.8
v 1.4 0.2 0.8
v 1.5 0.2 0.8
v 1.6 0.1 0.8
v 1.6 0.2 0.8
v -1.5 0.2 0.7
v -1.5 0.3 0.7
v -1.3 0.2 0.7
v -1.3 0.3 0.7
v -1.2 0.3 0.7
v -1.1 0.3 0.7
v -1 0.2 0.7
v -1 0.3 0.7
v -0.9 0.2 0.7
v -0.9 0.3 0.7
v -0.8 0.3 0.7
v -0.7 0.3 0.7
v -0.6 0.2 0.7
v -0.6 0.3 0.7
v -0.5 0.2 0.7
v -0.5 0.3 0.7
v -0.2 0.3 0.7
v -0.1 0.3 0.7
v 0 0.2 0.7
v 0 0.3 0.7
v 0.1 0.2 0.7
v 0.1 0.3 0.7
v 0.2 0.3 0.7
v 0.3 0.3 0.7
v 0.5 0.2 0.7
v 0.5 0.3 0.7
v 0.6 0.2 0.7
v 0.6 0.3 0.7
v 0.8 0.3 0.7
v 0.9 0.2 0.7
v 0.9 0.3 0.7
v 1 0.2 0.7
v 1 0.3 0.7
v 1.2 0.3 0.7
v 1.3 0.2 0.7
v 1.3 0.3 0.7
v 1.5 0.2 0.7
v 1.5 0.3 0.7
v -1.6 0 0.5
v -1.6 0.1 0.5
v -1.5 0.1 0.5
v -1.4 0.1 0.5
v -1.1 0.1 0.5
v -0.7 0.1 0.5
v -0.4 0.1 0.5
v -0.2 0.1 0.5
v 0.3 0.1 0.5
v 0.6 0.1 0.5
v 0.7 0.1 0.5
v 0.9 0.1 0.5
v 1.4 0.1 0.5
v 1.5 0.1 0.5
v 1.6 0 0.5
v 1.6 0.1 0.5
v -1.5 0.1 0.4
v -1.5 0.2 0.4
v -1.3 0.2 0.4
v -1.1 0.2 0.4
v -1 0.2 0.4
v -0.7 0.2 0.4
v -0.6 0.2 0.4
v -0.1 0.2 0.4
v 0 0.2 0.4
v 0.4 0.2 0.4
v 0.5 0.2 0.4
v 0.8 0.2 0.4
v 0.9 0.2 0.4
v 1.3 0.2 0.4
v 1.5 0.1 0.4
v 1.5 0.2 0.4
v -1.6 0.1 -0.5
v -1.6 0.2 -0.5
v -1.5 0.1 -0.5
v -1.5 0.2 -0.5
v -1.4 0.2 -0.5
v -1.4 0.3 -0.5
v -1.3 0.2 -0.5
v -1.3 0.3 -0.5
v -1 0.2 -0.5
v -1 0.3 -0.5
v -0.9 0.2 -0.5
v -0.9 0.3 -0.5
v -0.3 0.2 -0.5
v -0.3 0.3 -0.5
v -0.2 0.2 -0.5
v -0.2 0.3 -0.5
v 0.1 0.2 -0.5
v 0.1 0.3 -0.5
v 0.2 0.2 -0.5
v 0.2 0.3 -0.5
v 0.7 0.2 -0.5
v 0.7 0.3 -0.5
v 0.8 0.2 -0.5
v 0.8 0.3 -0.5
v 1.1 0.2 -0.5
v 1.1 0.3 -0.5
v 1.2 0.2 -0.5
v 1.2 0.3 -0.5
v 1.3 0.2 -0.5
v 1.3 0.3 -0.5
v 1.4 0.2 -0.5
v 1.4 0.3 -0.5
v -1.5 0.1 -0.6
v -1.5 0.2 -0.6
v -1.4 0.1 -0.6
v -1.4 0.2 -0.6
v -1.3 0.2 -0.6
v -1.1 0.1 -0.6
v -1.1 0.2 -0.6
v -1 0.2 -0.6
v -0.9 0.2 -0.6
v -0.8 0.1 -0.6
v -0.8 0.2 -0.6
v -0.3 0.2 -0.6
v -0.2 0.1 -0.6
v -0.2 0.2 -0.6
v 0.1 0.2 -0.6
v 0.2 0.1 -0.6
v 0.2 0.2 -0.6
v 0.3 0.1 -0.6
v 0.3 0.2 -0.6
v 0.5 0.1 -0.6
v 0.5 0.2 -0.6
v 0.7 0.2 -0.6
v 0.8 0.1 -0.6
v 0.8 0.2 -0.6
v 1 0.1 -0.6
v 1 0.2 -0.6
v 1.1 0.2 -0.6
v 1.2 0.2 -0.6
v 1.3 0.1 -0.6
v 1.3 0.2 -0.6
v 1.5 0.1 -0.6
v 1.5 0.2 -0.6
v -1.6 0.2 -0.8
v -1.6 0.3 -0.8
v -1.5 0.2 -0.8
v -1.5 0.3 -0.8
v -1.4 0.3 -0.8
v -1.4 0.4 -0.8
v -1.3 0.3 -0.8
v -1 0.3 -0.8
v -1 0.4 -0.8
v -0.9 0.3 -0.8
v -0.9 0.4 -0.8
v -0.8 0.3 -0.8
v -0.7 0.3 -0.8
v -0.7 0.4 -0.8
v -0.6 0.3 -0.8
v -0.6 0.4 -0.8
v -0.4 0.3 -0.8
v -0.3 0.3 -0.8
v -0.3 0.4 -0.8
v -0.1 0.3 -0.8
v -0.1 0.4 -0.8
v 0.2 0.3 -0.8
v 0.3 0.3 -0.8
v 0.3 0.4 -0.8
v 0.4 0.3 -0.8
v 0.4 0.4 -0.8
v 0.6 0.3 -0.8
v 0.7 0.3 -0.8
v 0.8 0.3 -0.8
v 0.8 0.4 -0.8
v 0.9 0.3 -0.8
v 0.9 0.4 -0.8
v 1 0.3 -0.8
v 1.1 0.3 -0.8
v 1.1 0.4 -0.8
v 1.2 0.3 -0.8
v 1.2 0.4 -0.8
v 1.3 0.3 -0.8
v 1.4 0.3 -0.8
v 1.4 0.4 -0.8
v -1.5 0.2 -0.9
v -1.5 0.3 -0.9
v -1.1 0.2 -0.9
v -1.1 0.3 -0.9
v -1 0.2 -0.9
v -1 0.3 -0.9
v -0.9 0.2 -0.9
v -0.9 0.3 -0.9
v -0.8 0.2 -0.9
v -0.8 0.3 -0.9
v -0.7 0.3 -0.9
v -0.6 0.3 -0.9
v -0.4 0.2 -0.9
v -0.4 0.3 -0.9
v -0.3 0.3 -0.9
v -0.2 0.2 -0.9
v -0.2 0.3 -0.9
v -0.1 0.3 -0.9
v 0.2 0.2 -0.9
v 0.2 0.3 -0.9
v 0.3 0.3 -0.9
v 0.4 0.3 -0.9
v 0.5 0.2 -0.9
v 0.5 0.3 -0.9
v 0.6 0.2 -0.9
v 0.6 0.3 -0.9
v 0.7 0.2 -0.9
v 0.7 0.3 -0.9
v 0.8 0.3 -0.9
v 0.9 0.3 -0.9
v 1.1 0.2 -0.9
v 1.1 0.3 -0.9
v 1.2 0.2 -0.9
v 1.2 0.3 -0.9
v 1.5 0.2 -0.9
v 1.5 0.3 -0.9
v -1.6 0.3 -1
v -1.6 0.4 -1
v -1.5 0.3 -1
v -1.5 0.4 -1
v -1.4 0.4 -1
v -1.4 0.5 -1
v -1.3 0.4 -1
v -1.3 0.5 -1
v -1.2 0.4 -1
v -1.2 0.5 -1
v -1.1 0.4 -1
v -1 0.4 -1
v -0.9 0.4 -1
v -0.9 0.5 -1
v -0.8 0.4 -1
v -0.8 0.5 -1
v -0.7 0.4 -1
v -0.6 0.4 -1
v -0.6 0.5 -1
v -0.5 0.4 -1
v -0.5 0.5 -1
v -0.4 0.4 -1
v -0.4 0.5 -1
v -0.2 0.4 -1
v -0.2 0.5 -1
v -0.1 0.4 -1
v 0 0.4 -1
v 0.2 0.4 -1
v 0.2 0.5 -1
v 0.4 0.4 -1
v 0.4 0.5 -1
v 0.5 0.4 -1
v 0.6 0.4 -1
v 0.6 0.5 -1
v 0.8 0.4 -1
v 0.8 0.5 -1
v 0.9 0.4 -1
v 1 0.4 -1
v 1.1 0.4 -1
v 1.1 0.5 -1
v 1.2 0.4 -1
v 1.2 0.5 -1
v 1.3 0.4 -1
v 1.4 0.4 -1
v 1.4 0.5 -1
v -1.6 0.4 -1.1
v -1.6 0.5 -1.1
v -1.5 0.3 -1.1
v -1.5 0.4 -1.1
v -1.5 0.5 -1.1
v -1.4 0.5 -1.1
v -1.4 1 -1.1
v -1.4 1.1 -1.1
v -1.3 0.4 -1.1
v -1.3 0.5 -1.1
v -1.3 0.6 -1.1
v -1.3 0.8 -1.1
v -1.2 0.4 -1.1
v -1.2 0.5 -1.1
v -1.2 0.6 -1.1
v -1.2 0.7 -1.1
v -1.1 0.3 -1.1
v -1.1 0.4 -1.1
v -1.1 0.7 -1.1
v -1.1 0.8 -1.1
v -1 0.3 -1.1
v -1 0.4 -1.1
v -1 0.7 -1.1
v -1 0.9 -1.1
v -0.9 0.4 -1.1
v -0.9 0.5 -1.1
v -0.9 0.8 -1.1
v -0.9 0.9 -1.1
v -0.8 0.3 -1.1
v -0.8 0.4 -1.1
v -0.8 0.5 -1.1
v -0.8 0.6 -1.1
v -0.8 0.7 -1.1
v -0.7 0.3 -1.1
v -0.7 0.4 -1.1
v -0.7 0.6 -1.1
v -0.7 0.7 -1.1
v -0.6 0.4 -1.1
v -0.6 0.5 -1.1
v -0.6 0.7 -1.1
v -0.6 0.8 -1.1
v -0.5 0.4 -1.1
v -0.5 0.5 -1.1
v -0.5 0.7 -1.1
v -0.5 0.9 -1.1
v -0.4 0.4 -1.1
v -0.4 0.5 -1.1
v -0.4 0.8 -1.1
v -0.4 0.9 -1.1
v -0.3 0.3 -1.1
v -0.3 0.4 -1.1
v -0.3 0.6 -1.1
v -0.3 0.7 -1.1
v -0.2 0.3 -1.1
v -0.2 0.4 -1.1
v -0.2 0.5 -1.1
v -0.2 0.6 -1.1
v -0.2 0.7 -1.1
v -0.1 0.3 -1.1
v -0.1 0.4 -1.1
v -0.1 0.7 -1.1
v -0.1 0.8 -1.1
v 0 0.3 -1.1
v 0 0.4 -1.1
v 0 0.7 -1.1
v 0 0.9 -1.1
v 0.1 0.3 -1.1
v 0.1 0.4 -1.1
v 0.1 0.6 -1.1
v 0.1 0.7 -1.1
v 0.1 0.8 -1.1
v 0.1 0.9 -1.1
v 0.2 0.3 -1.1
v 0.2 0.4 -1.1
v 0.2 0.5 -1.1
v 0.2 0.6 -1.1
v 0.2 0.7 -1.1
v 0.3 0.7 -1.1
v 0.3 0.8 -1.1
v 0.4 0.4 -1.1
v 0.4 0.5 -1.1
v 0.4 0.7 -1.1
v 0.4 0.9 -1.1
v 0.5 0.3 -1.1
v 0.5 0.4 -1.1
v 0.5 0.6 -1.1
v 0.5 0.7 -1.1
v 0.5 0.8 -1.1
v 0.5 0.9 -1.1
v 0.6 0.3 -1.1
v 0.6 0.4 -1.1
v 0.6 0.5 -1.1
v 0.6 0.6 -1.1
v 0.6 0.7 -1.1
v 0.7 0.3 -1.1
v 0.7 0.4 -1.1
v 0.7 0.6 -1.1
v 0.7 0.7 -1.1
v 0.7 0.8 -1.1
v 0.7 0.9 -1.1
v 0.8 0.3 -1.1
v 0.8 0.4 -1.1
v 0.8 0.5 -1.1
v 0.8 0.6 -1.1
v 0.8 0.7 -1.1
v 0.8 0.8 -1.1
v 0.8 0.9 -1.1
v 0.9 0.7 -1.1
v 0.9 0.8 -1.1
v 1 0.3 -1.1
v 1 0.4 -1.1
v 1 0.6 -1.1
v 1 0.8 -1.1
v 1.1 0.3 -1.1
v 1.1 0.4 -1.1
v 1.1 0.5 -1.1
v 1.1 0.6 -1.1
v 1.1 0.7 -1.1
v 1.1 0.8 -1.1
v 1.1 0.9 -1.1
v 1.2 0.3 -1.1
v 1.2 0.4 -1.1
v 1.2 0.5 -1.1
v 1.2 0.8 -1.1
v 1.2 0.9 -1.1
v 1.3 0.3 -1.1
v 1.3 0.4 -1.1
v 1.3 0.7 -1.1
v 1.3 0.8 -1.1
v 1.4 0.5 -1.1
v 1.4 1 -1.1
v 1.4 1.1 -1.1
v 1.5 0.3 -1.1
v 1.5 0.4 -1.1
v -1.6 0.5 -1.2
v -1.6 1 -1.2
v -1.5 0.4 -1.2
v -1.5 0.5 -1.2
v -1.5 1 -1.2
v -1.1 0.4 -1.2
v -1 0.4 -1.2
v -0.8 0.4 -1.2
v -0.7 0.4 -1.2
v -0.3 0.4 -1.2
v -0.2 0.4 -1.2
v -0.1 0.4 -1.2
v 0 0.4 -1.2
v 0.1 0.4 -1.2
v 0.2 0.4 -1.2
v 0.5 0.4 -1.2
v 0.6 0.4 -1.2
v 0.7 0.4 -1.2
v 0.8 0.4 -1.2
v 1 0.4 -1.2
v 1.1 0.4 -1.2
v 1.2 0.4 -1.2
v 1.3 0.4 -1.2
v 1.5 0.4 -1.2
v 1.5 0.5 -1.2
v -1.6 0.5 1.1
v -1.6 1 1.1
v -1.5 0.4 1.1
v -1.5 0.5 1.1
v -1.5 1 1.1
v -1.1 0.4 1.1
v -1 0.4 1.1
v -0.8 0.4 1.1
v -0.5 0.4 1.1
v -0.4 0.4 1.1
v -0.2 0.4 1.1
v 0 0.4 1.1
v 0.1 0.4 1.1
v 0.2 0.4 1.1
v 0.3 0.4 1.1
v 0.6 0.4 1.1
v 0.8 0.4 1.1
v 1 0.4 1.1
v 1.1 0.4 1.1
v 1.5 0.4 1.1
v 1.5 0.5 1.1
v -1.6 0.4 1
v -1.6 0.5 1
v -1.5 0.3 1
v -1.5 0.4 1
v -1.5 0.5 1
v -1.4 0.5 1
v -1.4 1 1
v -1.4 1.1 1
v -1.3 0.4 1
v -1.3 0.5 1
v -1.3 0.6 1
v -1.3 0.8 1
v -1.2 0.4 1
v -1.2 0.5 1
v -1.2 0.6 1
v -1.2 0.7 1
v -1.2 0.8 1
v -1.2 0.9 1
v -1.1 0.3 1
v -1.1 0.4 1
v -1.1 0.8 1
v -1.1 0.9 1
v -1 0.3 1
v -1 0.4 1
v -1 0.5 1
v -1 0.7 1
v -1 0.8 1
v -0.9 0.4 1
v -0.9 0.5 1
v -0.9 0.6 1
v -0.9 0.8 1
v -0.8 0.3 1
v -0.8 0.4 1
v -0.8 0.5 1
v -0.8 0.6 1
v -0.8 0.7 1
v -0.8 0.8 1
v -0.8 0.9 1
v -0.7 0.4 1
v -0.7 0.5 1
v -0.7 0.7 1
v -0.7 0.9 1
v -0.6 0.6 1
v -0.6 0.8 1
v -0.5 0.3 1
v -0.5 0.4 1
v -0.5 0.5 1
v -0.5 0.6 1
v -0.5 0.7 1
v -0.4 0.3 1
v -0.4 0.4 1
v -0.4 0.5 1
v -0.4 0.6 1
v -0.4 0.7 1
v -0.3 0.4 1
v -0.3 0.5 1
v -0.3 0.8 1
v -0.3 0.9 1
v -0.2 0.3 1
v -0.2 0.4 1
v -0.2 0.5 1
v -0.2 0.6 1
v -0.2 0.7 1
v -0.2 0.8 1
v -0.2 0.9 1
v 0 0.3 1
v 0 0.4 1
v 0 0.5 1
v 0 0.7 1
v 0 0.8 1
v 0.1 0.3 1
v 0.1 0.4 1
v 0.1 0.6 1
v 0.1 0.8 1
v 0.2 0.3 1
v 0.2 0.4 1
v 0.2 0.5 1
v 0.2 0.6 1
v 0.2 0.7 1
v 0.2 0.8 1
v 0.2 0.9 1
v 0.3 0.3 1
v 0.3 0.4 1
v 0.3 0.8 1
v 0.3 0.9 1
v 0.4 0.8 1
v 0.4 0.9 1
v 0.5 0.4 1
v 0.5 0.5 1
v 0.5 0.6 1
v 0.5 0.7 1
v 0.5 0.8 1
v 0.5 0.9 1
v 0.6 0.3 1
v 0.6 0.4 1
v 0.6 0.5 1
v 0.6 0.6 1
v 0.6 0.7 1
v 0.7 0.4 1
v 0.7 0.5 1
v 0.7 0.7 1
v 0.7 0.8 1
v 0.8 0.3 1
v 0.8 0.4 1
v 0.8 0.5 1
v 0.8 0.7 1
v 0.8 0.9 1
v 0.9 0.4 1
v 0.9 0.5 1
v 1 0.3 1
v 1 0.4 1
v 1 0.5 1
v 1 0.6 1
v 1 0.7 1
v 1 0.8 1
v 1 0.9 1
v 1.1 0.3 1
v 1.1 0.4 1
v 1.1 0.6 1
v 1.1 0.8 1
v 1.2 0.4 1
v 1.2 0.5 1
v 1.2 0.7 1
v 1.2 0.8 1
v 1.3 0.4 1
v 1.3 0.5 1
v 1.3 0.7 1
v 1.3 0.8 1
v 1.4 0.5 1
v 1.4 1 1
v 1.4 1.1 1
v 1.5 0.3 1
v 1.5 0.4 1
v -1.6 0.3 0.9
v -1.6 0.4 0.9
v -1.5 0.3 0.9
v -1.5 0.4 0.9
v -1.4 0.4 0.9
v -1.4 0.5 0.9
v -1.3 0.4 0.9
v -1.3 0.5 0.9
v -1.2 0.4 0.9
v -1.2 0.5 0.9
v -1 0.4 0.9
v -1 0.5 0.9
v -0.9 0.4 0.9
v -0.9 0.5 0.9
v -0.8 0.4 0.9
v -0.8 0.5 0.9
v -0.7 0.4 0.9
v -0.7 0.5 0.9
v -0.6 0.4 0.9
v -0.5 0.4 0.9
v -0.5 0.5 0.9
v -0.4 0.4 0.9
v -0.4 0.5 0.9
v -0.3 0.4 0.9
v -0.3 0.5 0.9
v -0.2 0.4 0.9
v -0.2 0.5 0.9
v -0.1 0.4 0.9
v 0 0.4 0.9
v 0 0.5 0.9
v 0.2 0.4 0.9
v 0.2 0.5 0.9
v 0.4 0.4 0.9
v 0.5 0.4 0.9
v 0.5 0.5 0.9
v 0.6 0.4 0.9
v 0.6 0.5 0.9
v 0.7 0.4 0.9
v 0.7 0.5 0.9
v 0.8 0.4 0.9
v 0.8 0.5 0.9
v 0.9 0.4 0.9
v 0.9 0.5 0.9
v 1 0.4 0.9
v 1 0.5 0.9
v 1.1 0.4 0.9
v 1.2 0.4 0.9
v 1.2 0.5 0.9
v 1.3 0.4 0.9
v 1.3 0.5 0.9
v 1.4 0.4 0.9
v 1.4 0.5 0.9
v -1.5 0.2 0.8
v -1.5 0.3 0.8
v -1.4 0.2 0.8
v -1.4 0.3 0.8
v -1.3 0.2 0.8
v -1.3 0.3 0.8
v -1.2 0.3 0.8
v -1.1 0.3 0.8
v -1 0.2 0.8
v -1 0.3 0.8
v -0.8 0.2 0.8
v -0.8 0.3 0.8
v -0.7 0.2 0.8
v -0.7 0.3 0.8
v -0.6 0.2 0.8
v -0.6 0.3 0.8
v -0.5 0.2 0.8
v -0.5 0.3 0.8
v -0.4 0.2 0.8
v -0.4 0.3 0.8
v -0.2 0.3 0.8
v -0.1 0.2 0.8
v -0.1 0.3 0.8
v 0.1 0.2 0.8
v 0.1 0.3 0.8
v 0.2 0.3 0.8
v 0.3 0.2 0.8
v 0.3 0.3 0.8
v 0.5 0.2 0.8
v 0.5 0.3 0.8
v 0.7 0.2 0.8
v 0.7 0.3 0.8
v 0.8 0.3 0.8
v 0.9 0.2 0.8
v 0.9 0.3 0.8
v 1.2 0.2 0.8
v 1.2 0.3 0.8
v 1.3 0.2 0.8
v 1.3 0.3 0.8
v 1.4 0.2 0.8
v 1.4 0.3 0.8
v 1.5 0.2 0.8
v 1.5 0.3 0.8
v -1.6 0.2 0.7
v -1.6 0.3 0.7
v -1.5 0.2 0.7
v -1.5 0.3 0.7
v -1.4 0.3 0.7
v -1.4 0.4 0.7
v -1.3 0.3 0.7
v -1.2 0.3 0.7
v -1.2 0.4 0.7
v -1.1 0.3 0.7
v -1.1 0.4 0.7
v -1 0.3 0.7
v -0.9 0.3 0.7
v -0.8 0.3 0.7
v -0.8 0.4 0.7
v -0.7 0.3 0.7
v -0.7 0.4 0.7
v -0.6 0.3 0.7
v -0.5 0.3 0.7
v -0.2 0.3 0.7
v -0.2 0.4 0.7
v -0.1 0.3 0.7
v -0.1 0.4 0.7
v 0 0.3 0.7
v 0.1 0.3 0.7
v 0.2 0.3 0.7
v 0.2 0.4 0.7
v 0.3 0.3 0.7
v 0.3 0.4 0.7
v 0.5 0.3 0.7
v 0.6 0.3 0.7
v 0.8 0.3 0.7
v 0.8 0.4 0.7
v 0.9 0.3 0.7
v 0.9 0.4 0.7
v 1 0.3 0.7
v 1.2 0.3 0.7
v 1.2 0.4 0.7
v 1.3 0.3 0.7
v 1.3 0.4 0.7
v 1.4 0.3 0.7
v 1.4 0.4 0.7
v -1.5 0.1 0.5
v -1.5 0.2 0.5
v -1.4 0.1 0.5
v -1.4 0.2 0.5
v -1.3 0.2 0.5
v -1.1 0.1 0.5
v -1.1 0.2 0.5
v -1 0.2 0.5
v -0.7 0.1 0.5
v -0.7 0.2 0.5
v -0.6 0.2 0.5
v -0.4 0.1 0.5
v -0.4 0.2 0.5
v -0.2 0.1 0.5
v -0.2 0.2 0.5
v -0.1 0.2 0.5
v 0 0.2 0.5
v 0.3 0.1 0.5
v 0.3 0.2 0.5
v 0.4 0.2 0.5
v 0.5 0.2 0.5
v 0.6 0.1 0.5
v 0.6 0.2 0.5
v 0.7 0.1 0.5
v 0.7 0.2 0.5
v 0.8 0.2 0.5
v 0.9 0.1 0.5
v 0.9 0.2 0.5
v 1.3 0.2 0.5
v 1.4 0.1 0.5
v 1.4 0.2 0.5
v 1.5 0.1 0.5
v 1.5 0.2 0.5
v -1.6 0.1 0.4
v -1.6 0.2 0.4
v -1.5 0.1 0.4
v -1.5 0.2 0.4
v -1.4 0.2 0.4
v -1.4 0.3 0.4
v -1.3 0.2 0.4
v -1.3 0.3 0.4
v -1.1 0.2 0.4
v -1.1 0.3 0.4
v -1 0.2 0.4
v -1 0.3 0.4
v -0.7 0.2 0.4
v -0.7 0.3 0.4
v -0.6 0.2 0.4
v -0.6 0.3 0.4
v -0.1 0.2 0.4
v -0.1 0.3 0.4
v 0 0.2 0.4
v 0 0.3 0.4
v 0.4 0.2 0.4
v 0.4 0.3 0.4
v 0.5 0.2 0.4
v 0.5 0.3 0.4
v 0.8 0.2 0.4
v 0.8 0.3 0.4
v 0.9 0.2 0.4
v 0.9 0.3 0.4
v 1.3 0.2 0.4
v 1.3 0.3 0.4
v 1.4 0.2 0.4
v 1.4 0.3 0.4
v -1.5 0.1 -0.5
v -1.5 0.2 -0.5
v -1.3 0.2 -0.5
v -1 0.2 -0.5
v -0.9 0.2 -0.5
v -0.3 0.2 -0.5
v -0.2 0.2 -0.5
v 0.1 0.2 -0.5
v 0.2 0.2 -0.5
v 0.7 0.2 -0.5
v 0.8 0.2 -0.5
v 1.1 0.2 -0.5
v 1.2 0.2 -0.5
v 1.3 0.2 -0.5
v 1.5 0.1 -0.5
v 1.5 0.2 -0.5
v -1.6 0 -0.6
v -1.6 0.1 -0.6
v -1.5 0.1 -0.6
v -1.4 0.1 -0.6
v -1.1 0.1 -0.6
v -0.8 0.1 -0.6
v -0.2 0.1 -0.6
v 0.2 0.1 -0.6
v 0.3 0.1 -0.6
v 0.5 0.1 -0.6
v 0.8 0.1 -0.6
v 1 0.1 -0.6
v 1.3 0.1 -0.6
v 1.5 0.1 -0.6
v 1.6 0 -0.6
v 1.6 0.1 -0.6
v -1.5 0.2 -0.8
v -1.5 0.3 -0.8
v -1.3 0.2 -0.8
v -1.3 0.3 -0.8
v -1 0.3 -0.8
v -0.9 0.2 -0.8
v -0.9 0.3 -0.8
v -0.8 0.2 -0.8
v -0.8 0.3 -0.8
v -0.7 0.3 -0.8
v -0.6 0.3 -0.8
v -0.4 0.2 -0.8
v -0.4 0.3 -0.8
v -0.3 0.2 -0.8
v -0.3 0.3 -0.8
v -0.1 0.3 -0.8
v 0.2 0.2 -0.8
v 0.2 0.3 -0.8
v 0.3 0.2 -0.8
v 0.3 0.3 -0.8
v 0.4 0.3 -0.8
v 0.6 0.2 -0.8
v 0.6 0.3 -0.8
v 0.7 0.2 -0.8
v 0.7 0.3 -0.8
v 0.8 0.3 -0.8
v 0.9 0.3 -0.8
v 1 0.2 -0.8
v 1 0.3 -0.8
v 1.1 0.2 -0.8
v 1.1 0.3 -0.8
v 1.2 0.3 -0.8
v 1.3 0.2 -0.8
v 1.3 0.3 -0.8
v 1.5 0.2 -0.8
v 1.5 0.3 -0.8
v -1.6 0.1 -0.9
v -1.6 0.2 -0.9
v -1.5 0.2 -0.9
v -1.1 0.2 -0.9
v -1 0.2 -0.9
v -0.9 0.2 -0.9
v -0.8 0.2 -0.9
v -0.4 0.2 -0.9
v -0.2 0.2 -0.9
v 0.2 0.2 -0.9
v 0.5 0.2 -0.9
v 0.6 0.2 -0.9
v 0.7 0.2 -0.9
v 1.1 0.2 -0.9
v 1.2 0.2 -0.9
v 1.5 0.2 -0.9
v 1.6 0.1 -0.9
v 1.6 0.2 -0.9
v -1.5 0.3 -1
v -1.5 0.4 -1
v -1.3 0.3 -1
v -1.3 0.4 -1
v -1.2 0.4 -1
v -1.1 0.3 -1
v -1.1 0.4 -1
v -1 0.3 -1
v -1 0.4 -1
v -0.9 0.4 -1
v -0.8 0.3 -1
v -0.8 0.4 -1
v -0.7 0.3 -1
v -0.7 0.4 -1
v -0.6 0.4 -1
v -0.5 0.4 -1
v -0.4 0.4 -1
v -0.2 0.4 -1
v -0.1 0.3 -1
v -0.1 0.4 -1
v 0 0.3 -1
v 0 0.4 -1
v 0.2 0.4 -1
v 0.4 0.4 -1
v 0.5 0.3 -1
v 0.5 0.4 -1
v 0.6 0.3 -1
v 0.6 0.4 -1
v 0.8 0.4 -1
v 0.9 0.3 -1
v 0.9 0.4 -1
v 1 0.3 -1
v 1 0.4 -1
v 1.1 0.4 -1
v 1.2 0.4 -1
v 1.3 0.3 -1
v 1.3 0.4 -1
v 1.5 0.3 -1
v 1.5 0.4 -1
v -1.6 0.2 -1.1
v -1.6 0.3 -1.1
v -1.5 0.3 -1.1
v -1.5 0.4 -1.1
v -1.5 0.5 -1.1
v -1.3 0.4 -1.1
v -1.3 0.5 -1.1
v -1.2 0.4 -1.1
v -1.2 0.5 -1.1
v -1.1 0.3 -1.1
v -1.1 0.4 -1.1
v -1 0.3 -1.1
v -1 0.4 -1.1
v -0.9 0.4 -1.1
v -0.9 0.5 -1.1
v -0.8 0.3 -1.1
v -0.8 0.4 -1.1
v -0.8 0.5 -1.1
v -0.7 0.3 -1.1
v -0.7 0.4 -1.1
v -0.6 0.4 -1.1
v -0.6 0.5 -1.1
v -0.5 0.4 -1.1
v -0.5 0.5 -1.1
v -0.4 0.4 -1.1
v -0.4 0.5 -1.1
v -0.3 0.3 -1.1
v -0.3 0.4 -1.1
v -0.2 0.3 -1.1
v -0.2 0.4 -1.1
v -0.2 0.5 -1.1
v -0.1 0.3 -1.1
v -0.1 0.4 -1.1
v 0 0.3 -1.1
v 0 0.4 -1.1
v 0.1 0.3 -1.1
v 0.1 0.4 -1.1
v 0.2 0.3 -1.1
v 0.2 0.4 -1.1
v 0.2 0.5 -1.1
v 0.4 0.4 -1.1
v 0.4 0.5 -1.1
v 0.5 0.3 -1.1
v 0.5 0.4 -1.1
v 0.6 0.3 -1.1
v 0.6 0.4 -1.1
v 0.6 0.5 -1.1
v 0.7 0.3 -1.1
v 0.7 0.4 -1.1
v 0.8 0.3 -1.1
v 0.8 0.4 -1.1
v 0.8 0.5 -1.1
v 1 0.3 -1.1
v 1 0.4 -1.1
v 1.1 0.3 -1.1
v 1.1 0.4 -1.1
v 1.1 0.5 -1.1
v 1.2 0.3 -1.1
v 1.2 0.4 -1.1
v 1.2 0.5 -1.1
v 1.3 0.3 -1.1
v 1.3 0.4 -1.1
v 1.5 0.3 -1.1
v 1.5 0.4 -1.1
v 1.5 0.5 -1.1
v 1.6 0.2 -1.1
v 1.6 0.3 -1.1
v -1.6 0.3 -1.2
v -1.6 0.4 -1.2
v -1.5 0.3 -1.2
v -1.5 0.4 -1.2
v -1.1 0.3 -1.2
v -1.1 0.4 -1.2
v -1 0.3 -1.2
v -1 0.4 -1.2
v -0.8 0.3 -1.2
v -0.8 0.4 -1.2
v -0.7 0.3 -1.2
v -0.7 0.4 -1.2
v -0.3 0.3 -1.2
v -0.3 0.4 -1.2
v -0.2 0.3 -1.2
v -0.2 0.4 -1.2
v -0.1 0.3 -1.2
v -0.1 0.4 -1.2
v 0 0.3 -1.2
v 0 0.4 -1.2
v 0.1 0.3 -1.2
v 0.1 0.4 -1.2
v 0.2 0.3 -1.2
v 0.2 0.4 -1.2
v 0.5 0.3 -1.2
v 0.5 0.4 -1.2
v 0.6 0.3 -1.2
v 0.6 0.4 -1.2
v 0.7 0.3 -1.2
v 0.7 0.4 -1.2
v 0.8 0.3 -1.2
v 0.8 0.4 -1.2
v 1 0.3 -1.2
v 1 0.4 -1.2
v 1.1 0.3 -1.2
v 1.1 0.4 -1.2
v 1.2 0.3 -1.2
v 1.2 0.4 -1.2
v 1.3 0.3 -1.2
v 1.3 0.4 -1.2
v 1.5 0.3 -1.2
v 1.5 0.4 -1.2
v 1.6 0.3 -1.2
v 1.6 0.4 -1.2
v -1.6 0.4 -1.3
v -1.6 1.1 -1.3
v -1.5 0.5 -1.3
v -1.5 1 -1.3
v -1.4 0.7 -1.3
v -1.4 0.8 -1.3
v -1.3 0.7 -1.3
v -1.3 0.8 -1.3
v -1.2 0.7 -1.3
v -1.2 0.8 -1.3
v -1.1 0.6 -1.3
v -1.1 0.7 -1.3
v -1 0.6 -1.3
v -1 0.7 -1.3
v -1 0.8 -1.3
v -1 0.9 -1.3
v -0.9 0.6 -1.3
v -0.9 0.7 -1.3
v -0.9 0.8 -1.3
v -0.9 0.9 -1.3
v -0.8 0.6 -1.3
v -0.8 0.7 -1.3
v -0.6 0.8 -1.3
v -0.6 0.9 -1.3
v -0.5 0.6 -1.3
v -0.5 0.7 -1.3
v -0.5 0.8 -1.3
v -0.5 0.9 -1.3
v -0.4 0.6 -1.3
v -0.4 0.8 -1.3
v -0.3 0.7 -1.3
v -0.3 0.9 -1.3
v -0.2 0.8 -1.3
v -0.2 0.9 -1.3
v -0.1 0.8 -1.3
v -0.1 0.9 -1.3
v 0 0.8 -1.3
v 0 0.9 -1.3
v 0.1 0.6 -1.3
v 0.1 0.7 -1.3
v 0.2 0.6 -1.3
v 0.2 0.7 -1.3
v 0.3 0.7 -1.3
v 0.3 0.8 -1.3
v 0.4 0.7 -1.3
v 0.4 0.8 -1.3
v 0.5 0.8 -1.3
v 0.5 0.9 -1.3
v 0.6 0.6 -1.3
v 0.6 0.7 -1.3
v 0.7 0.6 -1.3
v 0.7 0.7 -1.3
v 0.7 0.8 -1.3
v 0.7 0.9 -1.3
v 0.8 0.8 -1.3
v 0.8 0.9 -1.3
v 0.9 0.7 -1.3
v 0.9 0.9 -1.3
v 1 0.6 -1.3
v 1 0.8 -1.3
v 1.1 0.6 -1.3
v 1.1 0.7 -1.3
v 1.1 0.8 -1.3
v 1.1 0.9 -1.3
v 1.2 0.8 -1.3
v 1.2 0.9 -1.3
v 1.4 0.7 -1.3
v 1.4 0.8 -1.3
v 1.5 0.5 -1.3
v 1.5 1 -1.3
v 1.6 0.4 -1.3
v 1.6 1.1 -1.3
v -1.6 0 0.5
v 1.6 0 0.5
v -1.5 0 0.4
v 1.5 0 0.4
v -1.1 0 0.3
v -1 0 0.3
v -0.9 0 0.3
v -0.8 0 0.3
v -0.6 0 0.3
v -0.5 0 0.3
v -0.2 0 0.3
v 0 0 0.3
v 0.4 0 0.3
v 0.5 0 0.3
v 0.6 0 0.3
v 0.7 0 0.3
v 1 0 0.3
v 1.2 0 0.3
v -1.4 0 0.2
v -1.1 0 0.2
v -1 0 0.2
v -0.9 0 0.2
v -0.7 0 0.2
v -0.6 0 0.2
v -0.5 0 0.2
v -0.2 0 0.2
v 0 0 0.2
v 0.4 0 0.2
v 0.5 0 0.2
v 0.6 0 0.2
v 0.7 0 0.2
v 1 0 0.2
v 1.2 0 0.2
v 1.4 0 0.2
v -1.4 0 0.1
v -1.2 0 0.1
v -1.1 0 0.1
v -1 0 0.1
v -0.9 0 0.1
v -0.8 0 0.1
v -0.5 0 0.1
v -0.1 0 0.1
v 0.1 0 0.1
v 0.2 0 0.1
v 0.3 0 0.1
v 0.6 0 0.1
v 0.8 0 0.1
v 1.3 0 0.1
v -1.4 0 0
v -1.3 0 0
v -1.1 0 0
v -1 0 0
v -0.9 0 0
v -0.7 0 0
v -0.5 0 0
v -0.3 0 0
v -0.2 0 0
v -0.1 0 0
v 0.1 0 0
v 0.2 0 0
v 0.3 0 0
v 0.4 0 0
v 0.5 0 0
v 0.6 0 0
v 0.8 0 0
v 1 0 0
v 1.1 0 0
v 1.3 0 0
v -1.4 0 -0.0999999
v -1.3 0 -0.0999999
v -1.2 0 -0.0999999
v -1.1 0 -0.0999999
v -1 0 -0.0999999
v -0.6 0 -0.0999999
v -0.4 0 -0.0999999
v -0.3 0 -0.0999999
v -0.2 0 -0.0999999
v 0.1 0 -0.0999999
v 0.2 0 -0.0999999
v 0.3 0 -0.0999999
v 0.5 0 -0.0999999
v 0.8 0 -0.0999999
v 0.9 0 -0.0999999
v 1 0 -0.0999999
v 1.1 0 -0.0999999
v 1.4 0 -0.0999999
v -1.4 0 -0.2
v -1.1 0 -0.2
v -0.9 0 -0.2
v -0.6 0 -0.2
v -0.4 0 -0.2
v 0 0 -0.2
v 0.2 0 -0.2
v 0.3 0 -0.2
v 0.4 0 -0.2
v 0.8 0 -0.2
v 0.9 0 -0.2
v 1.1 0 -0.2
v 1.2 0 -0.2
v 1.4 0 -0.2
v -1.4 0 -0.3
v -1.3 0 -0.3
v -1.2 0 -0.3
v -1 0 -0.3
v -0.7 0 -0.3
v -0.3 0 -0.3
v -0.1 0 -0.3
v 0 0 -0.3
v 0.1 0 -0.3
v 0.4 0 -0.3
v 0.5 0 -0.3
v 0.7 0 -0.3
v 0.8 0 -0.3
v 1 0 -0.3
v 1.2 0 -0.3
v 1.4 0 -0.3
v -1.3 0 -0.4
v -1.2 0 -0.4
v -0.9 0 -0.4
v -0.7 0 -0.4
v -0.3 0 -0.4
v -0.1 0 -0.4
v 0.4 0 -0.4
v 0.5 0 -0.4
v 0.7 0 -0.4
v 0.8 0 -0.4
v 1 0 -0.4
v 1.1 0 -0.4
v -1.5 0 -0.5
v 1.5 0 -0.5
v -1.6 0 -0.6
v 1.6 0 -0.6
v -1.6 0.1 0.8
v 1.6 0.1 0.8
v -1.5 0.1 0.7
v -1.2 0.1 0.7
v -0.6 0.1 0.7
v -0.5 0.1 0.7
v -0.3 0.1 0.7
v -0.2 0.1 0.7
v -0.1 0.1 0.7
v 0.2 0.1 0.7
v 1 0.1 0.7
v 1.3 0.1 0.7
v 1.4 0.1 0.7
v 1.5 0.1 0.7
v -1.4 0.1 0.6
v -1.2 0.1 0.6
v -1.1 0.1 0.6
v -0.7 0.1 0.6
v -0.6 0.1 0.6
v -0.5 0.1 0.6
v -0.4 0.1 0.6
v -0.3 0.1 0.6
v -0.1 0.1 0.6
v 0.2 0.1 0.6
v 0.3 0.1 0.6
v 0.6 0.1 0.6
v 0.7 0.1 0.6
v 0.9 0.1 0.6
v 1 0.1 0.6
v 1.3 0.1 0.6
v -1.6 0.1 0.5
v -1.5 0.1 0.5
v -1.4 0.1 0.5
v -1.1 0.1 0.5
v -0.7 0.1 0.5
v -0.4 0.1 0.5
v -0.2 0.1 0.5
v 0.3 0.1 0.5
v 0.6 0.1 0.5
v 0.7 0.1 0.5
v 0.9 0.1 0.5
v 1.4 0.1 0.5
v 1.5 0.1 0.5
v 1.6 0.1 0.5
v -1.6 0.1 -0.6
v -1.5 0.1 -0.6
v -1.4 0.1 -0.6
v -1.1 0.1 -0.6
v -0.8 0.1 -0.6
v -0.2 0.1 -0.6
v 0.2 0.1 -0.6
v 0.3 0.1 -0.6
v 0.5 0.1 -0.6
v 0.8 0.1 -0.6
v 1 0.1 -0.6
v 1.3 0.1 -0.6
v 1.5 0.1 -0.6
v 1.6 0.1 -0.6
v -1.4 0.1 -0.7
v -1.2 0.1 -0.7
v -1.1 0.1 -0.7
v -0.8 0.1 -0.7
v -0.6 0.1 -0.7
v -0.3 0.1 -0.7
v -0.2 0.1 -0.7
v 0.2 0.1 -0.7
v 0.3 0.1 -0.7
v 0.5 0.1 -0.7
v 0.6 0.1 -0.7
v 0.7 0.1 -0.7
v 0.8 0.1 -0.7
v 1 0.1 -0.7
v 1.1 0.1 -0.7
v 1.3 0.1 -0.7
v -1.5 0.1 -0.8
v -1.2 0.1 -0.8
v -0.6 0.1 -0.8
v -0.3 0.1 -0.8
v 0.6 0.1 -0.8
v 0.7 0.1 -0.8
v 1.1 0.1 -0.8
v 1.5 0.1 -0.8
v -1.6 0.1 -0.9
v 1.6 0.1 -0.9
v -1.6 0.2 1
v 1.6 0.2 1
v -1.5 0.2 0.9
v -1.4 0.2 0.9
v -1.3 0.2 0.9
v -1 0.2 0.9
v -0.8 0.2 0.9
v -0.7 0.2 0.9
v -0.6 0.2 0.9
v -0.5 0.2 0.9
v -0.4 0.2 0.9
v -0.1 0.2 0.9
v 0.1 0.2 0.9
v 0.3 0.2 0.9
v 0.5 0.2 0.9
v 0.7 0.2 0.9
v 0.9 0.2 0.9
v 1.2 0.2 0.9
v 1.3 0.2 0.9
v 1.4 0.2 0.9
v 1.5 0.2 0.9
v -1.6 0.2 0.8
v -1.5 0.2 0.8
v -1.4 0.2 0.8
v -1.3 0.2 0.8
v -1 0.2 0.8
v -0.8 0.2 0.8
v -0.7 0.2 0.8
v -0.6 0.2 0.8
v -0.5 0.2 0.8
v -0.4 0.2 0.8
v -0.1 0.2 0.8
v 0.1 0.2 0.8
v 0.3 0.2 0.8
v 0.5 0.2 0.8
v 0.7 0.2 0.8
v 0.9 0.2 0.8
v 1.2 0.2 0.8
v 1.3 0.2 0.8
v 1.4 0.2 0.8
v 1.5 0.2 0.8
v 1.6 0.2 0.8
v -1.5 0.2 0.5
v -1.4 0.2 0.5
v -1.3 0.2 0.5
v -1.1 0.2 0.5
v -1 0.2 0.5
v -0.7 0.2 0.5
v -0.6 0.2 0.5
v -0.4 0.2 0.5
v -0.2 0.2 0.5
v -0.1 0.2 0.5
v 0 0.2 0.5
v 0.3 0.2 0.5
v 0.4 0.2 0.5
v 0.5 0.2 0.5
v 0.6 0.2 0.5
v 0.7 0.2 0.5
v 0.8 0.2 0.5
v 0.9 0.2 0.5
v 1.3 0.2 0.5
v 1.4 0.2 0.5
v 1.5 0.2 0.5
v -1.5 0.2 0.4
v -1.3 0.2 0.4
v -1.1 0.2 0.4
v -1 0.2 0.4
v -0.7 0.2 0.4
v -0.6 0.2 0.4
v -0.1 0.2 0.4
v 0 0.2 0.4
v 0.4 0.2 0.4
v 0.5 0.2 0.4
v 0.8 0.2 0.4
v 0.9 0.2 0.4
v 1.3 0.2 0.4
v 1.5 0.2 0.4
v -1.5 0.2 -0.5
v -1.3 0.2 -0.5
v -1 0.2 -0.5
v -0.9 0.2 -0.5
v -0.3 0.2 -0.5
v -0.2 0.2 -0.5
v 0.1 0.2 -0.5
v 0.2 0.2 -0.5
v 0.7 0.2 -0.5
v 0.8 0.2 -0.5
v 1.1 0.2 -0.5
v 1.2 0.2 -0.5
v 1.3 0.2 -0.5
v 1.5 0.2 -0.5
v -1.5 0.2 -0.6
v -1.4 0.2 -0.6
v -1.3 0.2 -0.6
v -1.1 0.2 -0.6
v -1 0.2 -0.6
v -0.9 0.2 -0.6
v -0.8 0.2 -0.6
v -0.3 0.2 -0.6
v -0.2 0.2 -0.6
v 0.1 0.2 -0.6
v 0.2 0.2 -0.6
v 0.3 0.2 -0.6
v 0.5 0.2 -0.6
v 0.7 0.2 -0.6
v 0.8 0.2 -0.6
v 1 0.2 -0.6
v 1.1 0.2 -0.6
v 1.2 0.2 -0.6
v 1.3 0.2 -0.6
v 1.5 0.2 -0.6
v -1.6 0.2 -0.9
v -1.5 0.2 -0.9
v -1.1 0.2 -0.9
v -1 0.2 -0.9
v -0.9 0.2 -0.9
v -0.8 0.2 -0.9
v -0.4 0.2 -0.9
v -0.2 0.2 -0.9
v 0.2 0.2 -0.9
v 0.5 0.2 -0.9
v 0.6 0.2 -0.9
v 0.7 0.2 -0.9
v 1.1 0.2 -0.9
v 1.2 0.2 -0.9
v 1.5 0.2 -0.9
v 1.6 0.2 -0.9
v -1.5 0.2 -1
v -1.1 0.2 -1
v -1 0.2 -1
v -0.9 0.2 -1
v -0.8 0.2 -1
v -0.4 0.2 -1
v -0.2 0.2 -1
v 0.2 0.2 -1
v 0.5 0.2 -1
v 0.6 0.2 -1
v 0.7 0.2 -1
v 1.1 0.2 -1
v 1.2 0.2 -1
v 1.5 0.2 -1
v -1.6 0.2 -1.1
v 1.6 0.2 -1.1
v -1.6 0.3 1.1
v -1.5 0.3 1.1
v -1.1 0.3 1.1
v -1 0.3 1.1
v -0.8 0.3 1.1
v -0.5 0.3 1.1
v -0.4 0.3 1.1
v -0.2 0.3 1.1
v 0 0.3 1.1
v 0.1 0.3 1.1
v 0.2 0.3 1.1
v 0.3 0.3 1.1
v 0.6 0.3 1.1
v 0.8 0.3 1.1
v 1 0.3 1.1
v 1.1 0.3 1.1
v 1.5 0.3 1.1
v 1.6 0.3 1.1
v -1.6 0.3 1
v -1.5 0.3 1
v -1.1 0.3 1
v -1 0.3 1
v -0.8 0.3 1
v -0.5 0.3 1
v -0.4 0.3 1
v -0.2 0.3 1
v 0 0.3 1
v 0.1 0.3 1
v 0.2 0.3 1
v 0.3 0.3 1
v 0.6 0.3 1
v 0.8 0.3 1
v 1 0.3 1
v 1.1 0.3 1
v 1.5 0.3 1
v 1.6 0.3 1
v -1.5 0.3 0.8
v -1.4 0.3 0.8
v -1.3 0.3 0.8
v -1.2 0.3 0.8
v -1.1 0.3 0.8
v -1 0.3 0.8
v -0.8 0.3 0.8
v -0.7 0.3 0.8
v -0.6 0.3 0.8
v -0.5 0.3 0.8
v -0.4 0.3 0.8
v -0.2 0.3 0.8
v -0.1 0.3 0.8
v 0.1 0.3 0.8
v 0.2 0.3 0.8
v 0.3 0.3 0.8
v 0.5 0.3 0.8
v 0.7 0.3 0.8
v 0.8 0.3 0.8
v 0.9 0.3 0.8
v 1.2 0.3 0.8
v 1.3 0.3 0.8
v 1.4 0.3 0.8
v 1.5 0.3 0.8
v -1.5 0.3 0.7
v -1.3 0.3 0.7
v -1.2 0.3 0.7
v -1.1 0.3 0.7
v -1 0.3 0.7
v -0.9 0.3 0.7
v -0.8 0.3 0.7
v -0.7 0.3 0.7
v -0.6 0.3 0.7
v -0.5 0.3 0.7
v -0.2 0.3 0.7
v -0.1 0.3 0.7
v 0 0.3 0.7
v 0.1 0.3 0.7
v 0.2 0.3 0.7
v 0.3 0.3 0.7
v 0.5 0.3 0.7
v 0.6 0.3 0.7
v 0.8 0.3 0.7
v 0.9 0.3 0.7
v 1 0.3 0.7
v 1.2 0.3 0.7
v 1.3 0.3 0.7
v 1.5 0.3 0.7
v -1.5 0.3 -0.8
v -1.3 0.3 -0.8
v -1 0.3 -0.8
v -0.9 0.3 -0.8
v -0.8 0.3 -0.8
v -0.7 0.3 -0.8
v -0.6 0.3 -0.8
v -0.4 0.3 -0.8
v -0.3 0.3 -0.8
v -0.1 0.3 -0.8
v 0.2 0.3 -0.8
v 0.3 0.3 -0.8
v 0.4 0.3 -0.8
v 0.6 0.3 -0.8
v 0.7 0.3 -0.8
v 0.8 0.3 -0.8
v 0.9 0.3 -0.8
v 1 0.3 -0.8
v 1.1 0.3 -0.8
v 1.2 0.3 -0.8
v 1.3 0.3 -0.8
v 1.5 0.3 -0.8
v -1.5 0.3 -0.9
v -1.1 0.3 -0.9
v -1 0.3 -0.9
v -0.9 0.3 -0.9
v -0.8 0.3 -0.9
v -0.7 0.3 -0.9
v -0.6 0.3 -0.9
v -0.4 0.3 -0.9
v -0.3 0.3 -0.9
v -0.2 0.3 -0.9
v -0.1 0.3 -0.9
v 0.2 0.3 -0.9
v 0.3 0.3 -0.9
v 0.4 0.3 -0.9
v 0.5 0.3 -0.9
v 0.6 0.3 -0.9
v 0.7 0.3 -0.9
v 0.8 0.3 -0.9
v 0.9 0.3 -0.9
v 1.1 0.3 -0.9
v 1.2 0.3 -0.9
v 1.5 0.3 -0.9
v -1.6 0.3 -1.1
v -1.5 0.3 -1.1
v -1.1 0.3 -1.1
v -1 0.3 -1.1
v -0.8 0.3 -1.1
v -0.7 0.3 -1.1
v -0.3 0.3 -1.1
v -0.2 0.3 -1.1
v -0.1 0.3 -1.1
v 0 0.3 -1.1
v 0.1 0.3 -1.1
v 0.2 0.3 -1.1
v 0.5 0.3 -1.1
v 0.6 0.3 -1.1
v 0.7 0.3 -1.1
v 0.8 0.3 -1.1
v 1 0.3 -1.1
v 1.1 0.3 -1.1
v 1.2 0.3 -1.1
v 1.3 0.3 -1.1
v 1.5 0.3 -1.1
v 1.6 0.3 -1.1
v -1.6 0.3 -1.2
v -1.5 0.3 -1.2
v -1.1 0.3 -1.2
v -1 0.3 -1.2
v -0.8 0.3 -1.2
v -0.7 0.3 -1.2
v -0.3 0.3 -1.2
v -0.2 0.3 -1.2
v -0.1 0.3 -1.2
v 0 0.3 -1.2
v 0.1 0.3 -1.2
v 0.2 0.3 -1.2
v 0.5 0.3 -1.2
v 0.6 0.3 -1.2
v 0.7 0.3 -1.2
v 0.8 0.3 -1.2
v 1 0.3 -1.2
v 1.1 0.3 -1.2
v 1.2 0.3 -1.2
v 1.3 0.3 -1.2
v 1.5 0.3 -1.2
v 1.6 0.3 -1.2
v -1.6 0.4 1.2
v 1.6 0.4 1.2
v -1.6 0.4 1.1
v -1.5 0.4 1.1
v -1.1 0.4 1.1
v -1 0.4 1.1
v -0.8 0.4 1.1
v -0.5 0.4 1.1
v -0.4 0.4 1.1
v -0.2 0.4 1.1
v 0 0.4 1.1
v 0.1 0.4 1.1
v 0.2 0.4 1.1
v 0.3 0.4 1.1
v 0.6 0.4 1.1
v 0.8 0.4 1.1
v 1 0.4 1.1
v 1.1 0.4 1.1
v 1.5 0.4 1.1
v 1.6 0.4 1.1
v -1.5 0.4 1
v -1.3 0.4 1
v -1.2 0.4 1
v -1.1 0.4 1
v -1 0.4 1
v -0.9 0.4 1
v -0.8 0.4 1
v -0.7 0.4 1
v -0.5 0.4 1
v -0.4 0.4 1
v -0.3 0.4 1
v -0.2 0.4 1
v 0 0.4 1
v 0.1 0.4 1
v 0.2 0.4 1
v 0.3 0.4 1
v 0.5 0.4 1
v 0.6 0.4 1
v 0.7 0.4 1
v 0.8 0.4 1
v 0.9 0.4 1
v 1 0.4 1
v 1.1 0.4 1
v 1.2 0.4 1
v 1.3 0.4 1
v 1.5 0.4 1
v -1.5 0.4 0.9
v -1.3 0.4 0.9
v -1.2 0.4 0.9
v -1 0.4 0.9
v -0.9 0.4 0.9
v -0.8 0.4 0.9
v -0.7 0.4 0.9
v -0.6 0.4 0.9
v -0.5 0.4 0.9
v -0.4 0.4 0.9
v -0.3 0.4 0.9
v -0.2 0.4 0.9
v -0.1 0.4 0.9
v 0 0.4 0.9
v 0.2 0.4 0.9
v 0.4 0.4 0.9
v 0.5 0.4 0.9
v 0.6 0.4 0.9
v 0.7 0.4 0.9
v 0.8 0.4 0.9
v 0.9 0.4 0.9
v 1 0.4 0.9
v 1.1 0.4 0.9
v 1.2 0.4 0.9
v 1.3 0.4 0.9
v 1.5 0.4 0.9
v -1.5 0.4 -1
v -1.3 0.4 -1
v -1.2 0.4 -1
v -1.1 0.4 -1
v -1 0.4 -1
v -0.9 0.4 -1
v -0.8 0.4 -1
v -0.7 0.4 -1
v -0.6 0.4 -1
v -0.5 0.4 -1
v -0.4 0.4 -1
v -0.2 0.4 -1
v -0.1 0.4 -1
v 0 0.4 -1
v 0.2 0.4 -1
v 0.4 0.4 -1
v 0.5 0.4 -1
v 0.6 0.4 -1
v 0.8 0.4 -1
v 0.9 0.4 -1
v 1 0.4 -1
v 1.1 0.4 -1
v 1.2 0.4 -1
v 1.3 0.4 -1
v 1.5 0.4 -1
v -1.5 0.4 -1.1
v -1.3 0.4 -1.1
v -1.2 0.4 -1.1
v -1.1 0.4 -1.1
v -1 0.4 -1.1
v -0.9 0.4 -1.1
v -0.8 0.4 -1.1
v -0.7 0.4 -1.1
v -0.6 0.4 -1.1
v -0.5 0.4 -1.1
v -0.4 0.4 -1.1
v -0.3 0.4 -1.1
v -0.2 0.4 -1.1
v -0.1 0.4 -1.1
v 0 0.4 -1.1
v 0.1 0.4 -1.1
v 0.2 0.4 -1.1
v 0.4 0.4 -1.1
v 0.5 0.4 -1.1
v 0.6 0.4 -1.1
v 0.7 0.4 -1.1
v 0.8 0.4 -1.1
v 1 0.4 -1.1
v 1.1 0.4 -1.1
v 1.2 0.4 -1.1
v 1.3 0.4 -1.1
v 1.5 0.4 -1.1
v -1.6 0.4 -1.2
v -1.5 0.4 -1.2
v -1.1 0.4 -1.2
v -1 0.4 -1.2
v -0.8 0.4 -1.2
v -0.7 0.4 -1.2
v -0.3 0.4 -1.2
v -0.2 0.4 -1.2
v -0.1 0.4 -1.2
v 0 0.4 -1.2
v 0.1 0.4 -1.2
v 0.2 0.4 -1.2
v 0.5 0.4 -1.2
v 0.6 0.4 -1.2
v 0.7 0.4 -1.2
v 0.8 0.4 -1.2
v 1 0.4 -1.2
v 1.1 0.4 -1.2
v 1.2 0.4 -1.2
v 1.3 0.4 -1.2
v 1.5 0.4 -1.2
v 1.6 0.4 -1.2
v -1.6 0.4 -1.3
v 1.6 0.4 -1.3
v -1.5 0.5 1.1
v 1.5 0.5 1.1
v -1.5 0.5 1
v -1.3 0.5 1
v -1.2 0.5 1
v -1 0.5 1
v -0.9 0.5 1
v -0.8 0.5 1
v -0.7 0.5 1
v -0.5 0.5 1
v -0.4 0.5 1
v -0.3 0.5 1
v -0.2 0.5 1
v 0 0.5 1
v 0.2 0.5 1
v 0.5 0.5 1
v 0.6 0.5 1
v 0.7 0.5 1
v 0.8 0.5 1
v 0.9 0.5 1
v 1 0.5 1
v 1.2 0.5 1
v 1.3 0.5 1
v 1.5 0.5 1
v -1.5 0.5 -1.1
v -1.3 0.5 -1.1
v -1.2 0.5 -1.1
v -0.9 0.5 -1.1
v -0.8 0.5 -1.1
v -0.6 0.5 -1.1
v -0.5 0.5 -1.1
v -0.4 0.5 -1.1
v -0.2 0.5 -1.1
v 0.2 0.5 -1.1
v 0.4 0.5 -1.1
v 0.6 0.5 -1.1
v 0.8 0.5 -1.1
v 1.1 0.5 -1.1
v 1.2 0.5 -1.1
v 1.5 0.5 -1.1
v -1.5 0.5 -1.2
v 1.5 0.5 -1.2
v -1.6 1 1.1
v -1.5 1 1.1
v -1.6 1 -1.2
v -1.5 1 -1.2
v -1.5 0.1 0.5
v -1.4 0.1 0.5
v -1.1 0.1 0.5
v -0.7 0.1 0.5
v -0.4 0.1 0.5
v -0.2 0.1 0.5
v 0.3 0.1 0.5
v 0.6 0.1 0.5
v 0.7 0.1 0.5
v 0.9 0.1 0.5
v 1.4 0.1 0.5
v 1.5 0.1 0.5
v -1.6 0.1 0.4
v -1.5 0.1 0.4
v 1.5 0.1 0.4
v -1.6 0.1 -0.5
v -1.5 0.1 -0.5
v 1.5 0.1 -0.5
v -1.5 0.1 -0.6
v -1.4 0.1 -0.6
v -1.1 0.1 -0.6
v -0.8 0.1 -0.6
v -0.2 0.1 -0.6
v 0.2 0.1 -0.6
v 0.3 0.1 -0.6
v 0.5 0.1 -0.6
v 0.8 0.1 -0.6
v 1 0.1 -0.6
v 1.3 0.1 -0.6
v 1.5 0.1 -0.6
v -1.5 0.2 0.8
v -1.4 0.2 0.8
v -1.3 0.2 0.8
v -1 0.2 0.8
v -0.8 0.2 0.8
v -0.7 0.2 0.8
v -0.6 0.2 0.8
v -0.5 0.2 0.8
v -0.4 0.2 0.8
v -0.1 0.2 0.8
v 0.1 0.2 0.8
v 0.3 0.2 0.8
v 0.5 0.2 0.8
v 0.7 0.2 0.8
v 0.9 0.2 0.8
v 1.2 0.2 0.8
v 1.3 0.2 0.8
v 1.4 0.2 0.8
v 1.5 0.2 0.8
v -1.6 0.2 0.7
v -1.5 0.2 0.7
v -1.3 0.2 0.7
v -1 0.2 0.7
v -0.9 0.2 0.7
v -0.6 0.2 0.7
v -0.5 0.2 0.7
v 0 0.2 0.7
v 0.1 0.2 0.7
v 0.5 0.2 0.7
v 0.6 0.2 0.7
v 0.9 0.2 0.7
v 1 0.2 0.7
v 1.3 0.2 0.7
v 1.5 0.2 0.7
v -1.6 0.2 0.4
v -1.5 0.2 0.4
v -1.4 0.2 0.4
v -1.3 0.2 0.4
v -1.1 0.2 0.4
v -1 0.2 0.4
v -0.7 0.2 0.4
v -0.6 0.2 0.4
v -0.1 0.2 0.4
v 0 0.2 0.4
v 0.4 0.2 0.4
v 0.5 0.2 0.4
v 0.8 0.2 0.4
v 0.9 0.2 0.4
v 1.3 0.2 0.4
v 1.4 0.2 0.4
v -1.3 0.2 0.3
v -1 0.2 0.3
v -0.9 0.2 0.3
v -0.5 0.2 0.3
v -0.4 0.2 0.3
v -0.1 0.2 0.3
v 0 0.2 0.3
v 0.9 0.2 0.3
v 1 0.2 0.3
v 1.3 0.2 0.3
v -1.3 0.2 0.2
v -1.2 0.2 0.2
v -1.1 0.2 0.2
v -1 0.2 0.2
v -0.9 0.2 0.2
v -0.7 0.2 0.2
v -0.6 0.2 0.2
v -0.5 0.2 0.2
v -0.4 0.2 0.2
v -0.3 0.2 0.2
v -0.2 0.2 0.2
v -0.1 0.2 0.2
v 0 0.2 0.2
v 0.2 0.2 0.2
v 0.3 0.2 0.2
v 0.4 0.2 0.2
v 0.5 0.2 0.2
v 0.8 0.2 0.2
v 1 0.2 0.2
v 1.1 0.2 0.2
v 1.2 0.2 0.2
v 1.3 0.2 0.2
v -1.3 0.2 0.1
v -1.2 0.2 0.1
v -1.1 0.2 0.1
v -0.8 0.2 0.1
v -0.6 0.2 0.1
v -0.4 0.2 0.1
v -0.2 0.2 0.1
v 0.2 0.2 0.1
v 0.3 0.2 0.1
v 0.4 0.2 0.1
v 0.6 0.2 0.1
v 0.8 0.2 0.1
v 1 0.2 0.1
v 1.1 0.2 0.1
v 1.2 0.2 0.1
v 1.3 0.2 0.1
v -1.3 0.2 0
v -0.9 0.2 0
v -0.7 0.2 0
v -0.6 0.2 0
v -0.5 0.2 0
v -0.4 0.2 0
v -0.3 0.2 0
v -0.1 0.2 0
v 0.1 0.2 0
v 0.5 0.2 0
v 0.7 0.2 0
v 0.9 0.2 0
v 1 0.2 0
v 1.2 0.2 0
v -1.3 0.2 -0.0999999
v -1.1 0.2 -0.0999999
v -1 0.2 -0.0999999
v -0.9 0.2 -0.0999999
v -0.8 0.2 -0.0999999
v -0.7 0.2 -0.0999999
v -0.5 0.2 -0.0999999
v -0.2 0.2 -0.0999999
v 0.1 0.2 -0.0999999
v 0.3 0.2 -0.0999999
v 0.4 0.2 -0.0999999
v 0.6 0.2 -0.0999999
v 0.7 0.2 -0.0999999
v 0.9 0.2 -0.0999999
v 1 0.2 -0.0999999
v 1.2 0.2 -0.0999999
v -1.3 0.2 -0.2
v -1.1 0.2 -0.2
v -0.8 0.2 -0.2
v -0.7 0.2 -0.2
v -0.6 0.2 -0.2
v -0.5 0.2 -0.2
v -0.3 0.2 -0.2
v -0.2 0.2 -0.2
v -0.1 0.2 -0.2
v 0.1 0.2 -0.2
v 0.2 0.2 -0.2
v 0.3 0.2 -0.2
v 0.4 0.2 -0.2
v 0.5 0.2 -0.2
v 0.6 0.2 -0.2
v 0.9 0.2 -0.2
v 1 0.2 -0.2
v 1.1 0.2 -0.2
v 1.2 0.2 -0.2
v 1.3 0.2 -0.2
v -1.3 0.2 -0.3
v -1.2 0.2 -0.3
v -1.1 0.2 -0.3
v -1 0.2 -0.3
v -0.8 0.2 -0.3
v -0.6 0.2 -0.3
v -0.3 0.2 -0.3
v -0.1 0.2 -0.3
v 0 0.2 -0.3
v 0.1 0.2 -0.3
v 0.3 0.2 -0.3
v 0.5 0.2 -0.3
v 0.7 0.2 -0.3
v 1.1 0.2 -0.3
v 1.2 0.2 -0.3
v 1.3 0.2 -0.3
v -1.3 0.2 -0.4
v -1.2 0.2 -0.4
v -1.1 0.2 -0.4
v -0.6 0.2 -0.4
v -0.5 0.2 -0.4
v -0.1 0.2 -0.4
v 0 0.2 -0.4
v 0.2 0.2 -0.4
v 0.3 0.2 -0.4
v 0.6 0.2 -0.4
v 0.7 0.2 -0.4
v 1.3 0.2 -0.4
v -1.6 0.2 -0.5
v -1.5 0.2 -0.5
v -1.4 0.2 -0.5
v -1.3 0.2 -0.5
v -1 0.2 -0.5
v -0.9 0.2 -0.5
v -0.3 0.2 -0.5
v -0.2 0.2 -0.5
v 0.1 0.2 -0.5
v 0.2 0.2 -0.5
v 0.7 0.2 -0.5
v 0.8 0.2 -0.5
v 1.1 0.2 -0.5
v 1.2 0.2 -0.5
v 1.3 0.2 -0.5
v 1.4 0.2 -0.5
v -1.6 0.2 -0.8
v -1.5 0.2 -0.8
v -1.3 0.2 -0.8
v -0.9 0.2 -0.8
v -0.8 0.2 -0.8
v -0.4 0.2 -0.8
v -0.3 0.2 -0.8
v 0.2 0.2 -0.8
v 0.3 0.2 -0.8
v 0.6 0.2 -0.8
v 0.7 0.2 -0.8
v 1 0.2 -0.8
v 1.1 0.2 -0.8
v 1.3 0.2 -0.8
v 1.5 0.2 -0.8
v -1.5 0.2 -0.9
v -1.1 0.2 -0.9
v -1 0.2 -0.9
v -0.9 0.2 -0.9
v -0.8 0.2 -0.9
v -0.4 0.2 -0.9
v -0.2 0.2 -0.9
v 0.2 0.2 -0.9
v 0.5 0.2 -0.9
v 0.6 0.2 -0.9
v 0.7 0.2 -0.9
v 1.1 0.2 -0.9
v 1.2 0.2 -0.9
v 1.5 0.2 -0.9
v -1.5 0.3 1
v -1.1 0.3 1
v -1 0.3 1
v -0.8 0.3 1
v -0.5 0.3 1
v -0.4 0.3 1
v -0.2 0.3 1
v 0 0.3 1
v 0.1 0.3 1
v 0.2 0.3 1
v 0.3 0.3 1
v 0.6 0.3 1
v 0.8 0.3 1
v 1 0.3 1
v 1.1 0.3 1
v 1.5 0.3 1
v -1.6 0.3 0.9
v -1.5 0.3 0.9
v -1.3 0.3 0.9
v -0.6 0.3 0.9
v -0.5 0.3 0.9
v -0.1 0.3 0.9
v 0 0.3 0.9
v 0.4 0.3 0.9
v 0.5 0.3 0.9
v 1.1 0.3 0.9
v 1.2 0.3 0.9
v 1.3 0.3 0.9
v 1.5 0.3 0.9
v -1.6 0.3 0.7
v -1.5 0.3 0.7
v -1.4 0.3 0.7
v -1.3 0.3 0.7
v -1.2 0.3 0.7
v -1.1 0.3 0.7
v -1 0.3 0.7
v -0.9 0.3 0.7
v -0.8 0.3 0.7
v -0.7 0.3 0.7
v -0.6 0.3 0.7
v -0.5 0.3 0.7
v -0.2 0.3 0.7
v -0.1 0.3 0.7
v 0 0.3 0.7
v 0.1 0.3 0.7
v 0.2 0.3 0.7
v 0.3 0.3 0.7
v 0.5 0.3 0.7
v 0.6 0.3 0.7
v 0.8 0.3 0.7
v 0.9 0.3 0.7
v 1 0.3 0.7
v 1.2 0.3 0.7
v 1.3 0.3 0.7
v 1.4 0.3 0.7
v -1.2 0.3 0.6
v -1 0.3 0.6
v -0.8 0.3 0.6
v -0.6 0.3 0.6
v -0.4 0.3 0.6
v -0.3 0.3 0.6
v -0.2 0.3 0.6
v 0 0.3 0.6
v 0.1 0.3 0.6
v 0.3 0.3 0.6
v 0.4 0.3 0.6
v 0.5 0.3 0.6
v 0.7 0.3 0.6
v 0.9 0.3 0.6
v 1.1 0.3 0.6
v 1.3 0.3 0.6
v -1.2 0.3 0.5
v -1.1 0.3 0.5
v -1 0.3 0.5
v -0.9 0.3 0.5
v -0.8 0.3 0.5
v -0.7 0.3 0.5
v -0.6 0.3 0.5
v -0.5 0.3 0.5
v -0.4 0.3 0.5
v -0.3 0.3 0.5
v -0.2 0.3 0.5
v -0.1 0.3 0.5
v 0 0.3 0.5
v 0.3 0.3 0.5
v 0.5 0.3 0.5
v 0.6 0.3 0.5
v 0.7 0.3 0.5
v 0.8 0.3 0.5
v 0.9 0.3 0.5
v 1 0.3 0.5
v 1.1 0.3 0.5
v 1.3 0.3 0.5
v -1.4 0.3 0.4
v -1.3 0.3 0.4
v -1.1 0.3 0.4
v -1 0.3 0.4
v -0.7 0.3 0.4
v -0.6 0.3 0.4
v -0.1 0.3 0.4
v 0 0.3 0.4
v 0.4 0.3 0.4
v 0.5 0.3 0.4
v 0.8 0.3 0.4
v 0.9 0.3 0.4
v 1.3 0.3 0.4
v 1.4 0.3 0.4
v -1.4 0.3 -0.5
v -1.3 0.3 -0.5
v -1 0.3 -0.5
v -0.9 0.3 -0.5
v -0.3 0.3 -0.5
v -0.2 0.3 -0.5
v 0.1 0.3 -0.5
v 0.2 0.3 -0.5
v 0.7 0.3 -0.5
v 0.8 0.3 -0.5
v 1.1 0.3 -0.5
v 1.2 0.3 -0.5
v 1.3 0.3 -0.5
v 1.4 0.3 -0.5
v -1.3 0.3 -0.6
v -1.1 0.3 -0.6
v -0.9 0.3 -0.6
v -0.6 0.3 -0.6
v -0.5 0.3 -0.6
v -0.3 0.3 -0.6
v -0.2 0.3 -0.6
v -0.1 0.3 -0.6
v 0 0.3 -0.6
v 0.1 0.3 -0.6
v 0.2 0.3 -0.6
v 0.4 0.3 -0.6
v 0.5 0.3 -0.6
v 0.7 0.3 -0.6
v 0.9 0.3 -0.6
v 1.1 0.3 -0.6
v -1.3 0.3 -0.7
v -1.1 0.3 -0.7
v -1 0.3 -0.7
v -0.9 0.3 -0.7
v -0.8 0.3 -0.7
v -0.6 0.3 -0.7
v -0.5 0.3 -0.7
v -0.4 0.3 -0.7
v -0.3 0.3 -0.7
v -0.1 0.3 -0.7
v 0 0.3 -0.7
v 0.2 0.3 -0.7
v 0.3 0.3 -0.7
v 0.4 0.3 -0.7
v 0.5 0.3 -0.7
v 0.6 0.3 -0.7
v 0.7 0.3 -0.7
v 0.8 0.3 -0.7
v 0.9 0.3 -0.7
v 1 0.3 -0.7
v 1.1 0.3 -0.7
v 1.2 0.3 -0.7
v -1.6 0.3 -0.8
v -1.5 0.3 -0.8
v -1.4 0.3 -0.8
v -1.3 0.3 -0.8
v -1 0.3 -0.8
v -0.9 0.3 -0.8
v -0.8 0.3 -0.8
v -0.7 0.3 -0.8
v -0.6 0.3 -0.8
v -0.4 0.3 -0.8
v -0.3 0.3 -0.8
v -0.1 0.3 -0.8
v 0.2 0.3 -0.8
v 0.3 0.3 -0.8
v 0.4 0.3 -0.8
v 0.6 0.3 -0.8
v 0.7 0.3 -0.8
v 0.8 0.3 -0.8
v 0.9 0.3 -0.8
v 1 0.3 -0.8
v 1.1 0.3 -0.8
v 1.2 0.3 -0.8
v 1.3 0.3 -0.8
v 1.4 0.3 -0.8
v -1.6 0.3 -1
v -1.5 0.3 -1
v -1.3 0.3 -1
v -1.1 0.3 -1
v -1 0.3 -1
v -0.8 0.3 -1
v -0.7 0.3 -1
v -0.1 0.3 -1
v 0 0.3 -1
v 0.5 0.3 -1
v 0.6 0.3 -1
v 0.9 0.3 -1
v 1 0.3 -1
v 1.3 0.3 -1
v 1.5 0.3 -1
v -1.5 0.3 -1.1
v -1.1 0.3 -1.1
v -1 0.3 -1.1
v -0.8 0.3 -1.1
v -0.7 0.3 -1.1
v -0.3 0.3 -1.1
v -0.2 0.3 -1.1
v -0.1 0.3 -1.1
v 0 0.3 -1.1
v 0.1 0.3 -1.1
v 0.2 0.3 -1.1
v 0.5 0.3 -1.1
v 0.6 0.3 -1.1
v 0.7 0.3 -1.1
v 0.8 0.3 -1.1
v 1 0.3 -1.1
v 1.1 0.3 -1.1
v 1.2 0.3 -1.1
v 1.3 0.3 -1.1
v 1.5 0.3 -1.1
v -1.5 0.4 1.1
v -1.1 0.4 1.1
v -1 0.4 1.1
v -0.8 0.4 1.1
v -0.5 0.4 1.1
v -0.4 0.4 1.1
v -0.2 0.4 1.1
v 0 0.4 1.1
v 0.1 0.4 1.1
v 0.2 0.4 1.1
v 0.3 0.4 1.1
v 0.6 0.4 1.1
v 0.8 0.4 1.1
v 1 0.4 1.1
v 1.1 0.4 1.1
v 1.5 0.4 1.1
v -1.6 0.4 1
v -1.5 0.4 1
v -1.3 0.4 1
v -1.2 0.4 1
v -1.1 0.4 1
v -1 0.4 1
v -0.9 0.4 1
v -0.8 0.4 1
v -0.7 0.4 1
v -0.5 0.4 1
v -0.4 0.4 1
v -0.3 0.4 1
v -0.2 0.4 1
v 0 0.4 1
v 0.1 0.4 1
v 0.2 0.4 1
v 0.3 0.4 1
v 0.5 0.4 1
v 0.6 0.4 1
v 0.7 0.4 1
v 0.8 0.4 1
v 0.9 0.4 1
v 1 0.4 1
v 1.1 0.4 1
v 1.2 0.4 1
v 1.3 0.4 1
v 1.5 0.4 1
v -1.6 0.4 0.9
v -1.5 0.4 0.9
v -1.4 0.4 0.9
v -1.3 0.4 0.9
v -1.2 0.4 0.9
v -1 0.4 0.9
v -0.9 0.4 0.9
v -0.8 0.4 0.9
v -0.7 0.4 0.9
v -0.6 0.4 0.9
v -0.5 0.4 0.9
v -0.4 0.4 0.9
v -0.3 0.4 0.9
v -0.2 0.4 0.9
v -0.1 0.4 0.9
v 0 0.4 0.9
v 0.2 0.4 0.9
v 0.4 0.4 0.9
v 0.5 0.4 0.9
v 0.6 0.4 0.9
v 0.7 0.4 0.9
v 0.8 0.4 0.9
v 0.9 0.4 0.9
v 1 0.4 0.9
v 1.1 0.4 0.9
v 1.2 0.4 0.9
v 1.3 0.4 0.9
v 1.4 0.4 0.9
v -1.3 0.4 0.8
v -1.2 0.4 0.8
v -1.1 0.4 0.8
v -0.8 0.4 0.8
v -0.7 0.4 0.8
v -0.6 0.4 0.8
v -0.5 0.4 0.8
v -0.2 0.4 0.8
v 0 0.4 0.8
v 0.2 0.4 0.8
v 0.3 0.4 0.8
v 0.4 0.4 0.8
v 0.5 0.4 0.8
v 0.8 0.4 0.8
v 0.9 0.4 0.8
v 1.1 0.4 0.8
v -1.4 0.4 0.7
v -1.2 0.4 0.7
v -1.1 0.4 0.7
v -0.8 0.4 0.7
v -0.7 0.4 0.7
v -0.2 0.4 0.7
v -0.1 0.4 0.7
v 0.2 0.4 0.7
v 0.3 0.4 0.7
v 0.8 0.4 0.7
v 0.9 0.4 0.7
v 1.2 0.4 0.7
v 1.3 0.4 0.7
v 1.4 0.4 0.7
v -1.4 0.4 -0.8
v -1 0.4 -0.8
v -0.9 0.4 -0.8
v -0.7 0.4 -0.8
v -0.6 0.4 -0.8
v -0.3 0.4 -0.8
v -0.1 0.4 -0.8
v 0.3 0.4 -0.8
v 0.4 0.4 -0.8
v 0.8 0.4 -0.8
v 0.9 0.4 -0.8
v 1.1 0.4 -0.8
v 1.2 0.4 -0.8
v 1.4 0.4 -0.8
v -1.3 0.4 -0.9
v -1.1 0.4 -0.9
v -0.9 0.4 -0.9
v -0.8 0.4 -0.9
v -0.6 0.4 -0.9
v -0.3 0.4 -0.9
v 0 0.4 -0.9
v 0.3 0.4 -0.9
v 0.4 0.4 -0.9
v 0.5 0.4 -0.9
v 0.6 0.4 -0.9
v 0.8 0.4 -0.9
v 1 0.4 -0.9
v 1.1 0.4 -0.9
v 1.2 0.4 -0.9
v 1.3 0.4 -0.9
v -1.6 0.4 -1
v -1.5 0.4 -1
v -1.4 0.4 -1
v -1.3 0.4 -1
v -1.2 0.4 -1
v -1.1 0.4 -1
v -1 0.4 -1
v -0.9 0.4 -1
v -0.8 0.4 -1
v -0.7 0.4 -1
v -0.6 0.4 -1
v -0.5 0.4 -1
v -0.4 0.4 -1
v -0.2 0.4 -1
v -0.1 0.4 -1
v 0 0.4 -1
v 0.2 0.4 -1
v 0.4 0.4 -1
v 0.5 0.4 -1
v 0.6 0.4 -1
v 0.8 0.4 -1
v 0.9 0.4 -1
v 1 0.4 -1
v 1.1 0.4 -1
v 1.2 0.4 -1
v 1.3 0.4 -1
v 1.4 0.4 -1
v -1.6 0.4 -1.1
v -1.5 0.4 -1.1
v -1.3 0.4 -1.1
v -1.2 0.4 -1.1
v -1.1 0.4 -1.1
v -1 0.4 -1.1
v -0.9 0.4 -1.1
v -0.8 0.4 -1.1
v -0.7 0.4 -1.1
v -0.6 0.4 -1.1
v -0.5 0.4 -1.1
v -0.4 0.4 -1.1
v -0.3 0.4 -1.1
v -0.2 0.4 -1.1
v -0.1 0.4 -1.1
v 0 0.4 -1.1
v 0.1 0.4 -1.1
v 0.2 0.4 -1.1
v 0.4 0.4 -1.1
v 0.5 0.4 -1.1
v 0.6 0.4 -1.1
v 0.7 0.4 -1.1
v 0.8 0.4 -1.1
v 1 0.4 -1.1
v 1.1 0.4 -1.1
v 1.2 0.4 -1.1
v 1.3 0.4 -1.1
v 1.5 0.4 -1.1
v -1.5 0.4 -1.2
v -1.1 0.4 -1.2
v -1 0.4 -1.2
v -0.8 0.4 -1.2
v -0.7 0.4 -1.2
v -0.3 0.4 -1.2
v -0.2 0.4 -1.2
v -0.1 0.4 -1.2
v 0 0.4 -1.2
v 0.1 0.4 -1.2
v 0.2 0.4 -1.2
v 0.5 0.4 -1.2
v 0.6 0.4 -1.2
v 0.7 0.4 -1.2
v 0.8 0.4 -1.2
v 1 0.4 -1.2
v 1.1 0.4 -1.2
v 1.2 0.4 -1.2
v 1.3 0.4 -1.2
v 1.5 0.4 -1.2
v -1.6 0.5 1.1
v -1.5 0.5 1.1
v -1.6 0.5 1
v -1.5 0.5 1
v -1.4 0.5 1
v -1.3 0.5 1
v -1.2 0.5 1
v -1 0.5 1
v -0.9 0.5 1
v -0.8 0.5 1
v -0.7 0.5 1
v -0.5 0.5 1
v -0.4 0.5 1
v -0.3 0.5 1
v -0.2 0.5 1
v 0 0.5 1
v 0.2 0.5 1
v 0.5 0.5 1
v 0.6 0.5 1
v 0.7 0.5 1
v 0.8 0.5 1
v 0.9 0.5 1
v 1 0.5 1
v 1.2 0.5 1
v 1.3 0.5 1
v 1.4 0.5 1
v -1.4 0.5 0.9
v -1.3 0.5 0.9
v -1.2 0.5 0.9
v -1 0.5 0.9
v -0.9 0.5 0.9
v -0.8 0.5 0.9
v -0.7 0.5 0.9
v -0.5 0.5 0.9
v -0.4 0.5 0.9
v -0.3 0.5 0.9
v -0.2 0.5 0.9
v 0 0.5 0.9
v 0.2 0.5 0.9
v 0.5 0.5 0.9
v 0.6 0.5 0.9
v 0.7 0.5 0.9
v 0.8 0.5 0.9
v 0.9 0.5 0.9
v 1 0.5 0.9
v 1.2 0.5 0.9
v 1.3 0.5 0.9
v 1.4 0.5 0.9
v -1.4 0.5 -1
v -1.3 0.5 -1
v -1.2 0.5 -1
v -0.9 0.5 -1
v -0.8 0.5 -1
v -0.6 0.5 -1
v -0.5 0.5 -1
v -0.4 0.5 -1
v -0.2 0.5 -1
v 0.2 0.5 -1
v 0.4 0.5 -1
v 0.6 0.5 -1
v 0.8 0.5 -1
v 1.1 0.5 -1
v 1.2 0.5 -1
v 1.4 0.5 -1
v -1.6 0.5 -1.1
v -1.5 0.5 -1.1
v -1.4 0.5 -1.1
v -1.3 0.5 -1.1
v -1.2 0.5 -1.1
v -0.9 0.5 -1.1
v -0.8 0.5 -1.1
v -0.6 0.5 -1.1
v -0.5 0.5 -1.1
v -0.4 0.5 -1.1
v -0.2 0.5 -1.1
v 0.2 0.5 -1.1
v 0.4 0.5 -1.1
v 0.6 0.5 -1.1
v 0.8 0.5 -1.1
v 1.1 0.5 -1.1
v 1.2 0.5 -1.1
v 1.4 0.5 -1.1
v -1.6 0.5 -1.2
v -1.5 0.5 -1.2
v -1.6 1.1 1.2
v 1.6 1.1 1.2
v -1.4 1.1 1
v 1.4 1.1 1
v -1.4 1.1 -1.1
v 1.4 1.1 -1.1
v -1.6 1.1 -1.3
v 1.6 1.1 -1.3

# faces
f 4/3/1 2/3/1 1/3/1
f 5/3/1 2/3/1 4/3/1
f 6/3/1 2/3/1 5/3/1
f 7/3/1 2/3/1 6/3/1
f 10/3/1 4/3/1 3/3/1
f 10/3/1 5/3/1 4/3/1
f 11/3/1 5/3/1 10/3/1
f 12/3/1 5/3/1 11/3/1
f 13/3/1 7/3/1 6/3/1
f 13/3/1 8/3/1 7/3/1
f 14/3/1 8/3/1 13/3/1
f 15/3/1 8/3/1 14/3/1
f 18/3/1 11/3/1 10/3/1
f 18/3/1 10/3/1 9/3/1
f 19/3/1 11/3/1 18/3/1
f 20/3/1 11/3/1 19/3/1
f 21/3/1 16/3/1 15/3/1
f 21/3/1 15/3/1 14/3/1
f 22/3/1 16/3/1 21/3/1
f 23/3/1 16/3/1 22/3/1
f 26/3/1 19/3/1 18/3/1
f 26/3/1 18/3/1 17/3/1
f 27/3/1 19/3/1 26/3/1
f 28/3/1 19/3/1 27/3/1
f 29/3/1 24/3/1 23/3/1
f 29/3/1 23/3/1 22/3/1
f 30/3/1 24/3/1 29/3/1
f 31/3/1 24/3/1 30/3/1
f 33/3/1 27/3/1 26/3/1
f 33/3/1 26/3/1 25/3/1
f 34/3/1 27/3/1 33/3/1
f 35/3/1 32/3/1 31/3/1
f 35/3/1 31/3/1 30/3/1
f 36/3/1 32/3/1 35/3/1
f 37/3/1 33/3/1 25/3/1
f 38/3/1 32/3/1 36/3/1
f 39/3/1 37/3/1 25/3/1
f 39/3/1 38/3/1 37/3/1
f 40/3/1 32/3/1 38/3/1
f 40/3/1 38/3/1 39/3/1
f 44/1/1 42/1/1 41/1/1
f 45/1/1 42/1/1 44/1/1
f 48/1/1 44/1/1 43/1/1
f 48/1/1 46/1/1 45/1/1
f 48/1/1 45/1/1 44/1/1
f 49/1/1 46/1/1 48/1/1
f 50/1/1 46/1/1 49/1/1
f 51/1/1 46/1/1 50/1/1
f 52/1/1 46/1/1 51/1/1
f 53/1/1 46/1/1 52/1/1
f 56/1/1 48/1/1 47/1/1
f 56/1/1 49/1/1 48/1/1
f 57/1/1 49/1/1 56/1/1
f 58/2/1 50/2/1 49/2/1
f 58/1/1 49/1/1 57/1/1
f 59/1/1 51/1/1 50/1/1
f 59/2/1 50/2/1 58/2/1
f 60/2/1 52/2/1 51/2/1
f 60/1/1 51/1/1 59/1/1
f 61/1/1 54/1/1 53/1/1
f 61/2/1 52/2/1 60/2/1
f 61/1/1 53/1/1 52/1/1
f 62/1/1 54/1/1 61/1/1
f 63/1/1 54/1/1 62/1/1
f 66/1/1 56/1/1 55/1/1
f 66/1/1 57/1/1 56/1/1
f 67/2/1 60/2/1 59/2/1
f 67/2/1 58/2/1 57/2/1
f 67/1/1 57/1/1 66/1/1
f 67/2/1 59/2/1 58/2/1
f 67/2/1 62/2/1 61/2/1
f 67/2/1 61/2/1 60/2/1
f 68/2/1 62/2/1 67/2/1
f 69/2/1 62/2/1 68/2/1
f 70/2/1 62/2/1 69/2/1
f 71/2/1 62/2/1 70/2/1
f 72/2/1 62/2/1 71/2/1
f 73/2/1 62/2/1 72/2/1
f 74/1/1 64/1/1 63/1/1
f 74/2/1 62/2/1 73/2/1
f 74/1/1 63/1/1 62/1/1
f 75/1/1 64/1/1 74/1/1
f 77/1/1 66/1/1 65/1/1
f 77/1/1 67/1/1 66/1/1
f 77/1/1 68/1/1 67/1/1
f 78/2/1 69/2/1 68/2/1
f 78/1/1 68/1/1 77/1/1
f 79/1/1 70/1/1 69/1/1
f 79/2/1 69/2/1 78/2/1
f 80/1/1 70/1/1 79/1/1
f 81/1/1 70/1/1 80/1/1
f 82/2/1 71/2/1 70/2/1
f 82/1/1 70/1/1 81/1/1
f 83/1/1 72/1/1 71/1/1
f 83/2/1 71/2/1 82/2/1
f 84/1/1 72/1/1 83/1/1
f 85/1/1 72/1/1 84/1/1
f 86/2/1 73/2/1 72/2/1
f 86/1/1 72/1/1 85/1/1
f 87/1/1 76/1/1 75/1/1
f 87/2/1 73/2/1 86/2/1
f 87/1/1 75/1/1 74/1/1
f 87/1/1 74/1/1 73/1/1
f 88/1/1 76/1/1 87/1/1
f 89/1/1 76/1/1 88/1/1
f 90/1/1 76/1/1 89/1/1
f 91/1/1 77/1/1 65/1/1
f 91/2/1 78/2/1 77/2/1
f 91/2/1 79/2/1 78/2/1
f 91/2/1 80/2/1 79/2/1
f 92/2/1 80/2/1 91/2/1
f 93/2/1 80/2/1 92/2/1
f 94/1/1 81/1/1 80/1/1
f 94/2/1 80/2/1 93/2/1
f 95/2/1 82/2/1 81/2/1
f 95/2/1 84/2/1 83/2/1
f 95/2/1 83/2/1 82/2/1
f 96/1/1 85/1/1 84/1/1
f 96/2/1 84/2/1 95/2/1
f 97/2/1 86/2/1 85/2/1
f 97/2/1 88/2/1 87/2/1
f 97/2/1 87/2/1 86/2/1
f 98/2/1 88/2/1 97/2/1
f 99/2/1 88/2/1 98/2/1
f 100/1/1 89/1/1 88/1/1
f 100/2/1 88/2/1 99/2/1
f 101/2/1 90/2/1 89/2/1
f 101/1/1 89/1/1 100/1/1
f 102/1/1 76/1/1 90/1/1
f 102/2/1 90/2/1 101/2/1
f 103/1/1 92/1/1 91/1/1
f 104/2/1 93/2/1 92/2/1
f 104/1/1 92/1/1 103/1/1
f 105/1/1 94/1/1 93/1/1
f 105/2/1 93/2/1 104/2/1
f 106/1/1 94/1/1 105/1/1
f 107/1/1 94/1/1 106/1/1
f 108/2/1 95/2/1 81/2/1
f 108/1/1 94/1/1 107/1/1
f 108/1/1 81/1/1 94/1/1
f 109/1/1 96/1/1 95/1/1
f 109/2/1 95/2/1 108/2/1
f 110/1/1 96/1/1 109/1/1
f 111/1/1 96/1/1 110/1/1
f 112/1/1 85/1/1 96/1/1
f 112/1/1 96/1/1 111/1/1
f 112/2/1 97/2/1 85/2/1
f 113/1/1 98/1/1 97/1/1
f 113/2/1 97/2/1 112/2/1
f 114/2/1 99/2/1 98/2/1
f 114/1/1 98/1/1 113/1/1
f 115/1/1 101/1/1 100/1/1
f 115/2/1 99/2/1 114/2/1
f 115/1/1 100/1/1 99/1/1
f 115/1/1 102/1/1 101/1/1
f 116/1/1 102/1/1 115/1/1
f 117/2/1 106/2/1 105/2/1
f 117/2/1 104/2/1 103/2/1
f 117/1/1 103/1/1 91/1/1
f 117/2/1 105/2/1 104/2/1
f 118/1/1 107/1/1 106/1/1
f 118/2/1 106/2/1 117/2/1
f 119/2/1 109/2/1 108/2/1
f 119/1/1 107/1/1 118/1/1
f 119/2/1 108/2/1 107/2/1
f 119/2/1 110/2/1 109/2/1
f 120/1/1 111/1/1 110/1/1
f 120/2/1 110/2/1 119/2/1
f 121/2/1 116/2/1 115/2/1
f 121/1/1 111/1/1 120/1/1
f 121/2/1 114/2/1 113/2/1
f 121/2/1 115/2/1 114/2/1
f 121/2/1 112/2/1 111/2/1
f 121/2/1 113/2/1 112/2/1
f 122/1/1 102/1/1 116/1/1
f 122/2/1 116/2/1 121/2/1
f 123/1/1 119/1/1 118/1/1
f 123/1/1 117/1/1 91/1/1
f 123/1/1 122/1/1 121/1/1
f 123/1/1 118/1/1 117/1/1
f 123/1/1 91/1/1 65/1/1
f 123/1/1 121/1/1 120/1/1
f 123/1/1 120/1/1 119/1/1
f 124/1/1 102/1/1 122/1/1
f 124/1/1 122/1/1 123/1/1
f 124/1/1 76/1/1 102/1/1
f 128/1/1 126/1/1 125/1/1
f 129/1/1 126/1/1 128/1/1
f 130/1/1 126/1/1 129/1/1
f 131/1/1 126/1/1 130/1/1
f 132/1/1 126/1/1 131/1/1
f 133/1/1 126/1/1 132/1/1
f 134/1/1 126/1/1 133/1/1
f 135/1/1 126/1/1 134/1/1
f 138/1/1 128/1/1 127/1/1
f 138/1/1 129/1/1 128/1/1
f 139/1/1 129/1/1 138/1/1
f 140/1/1 129/1/1 139/1/1
f 141/1/1 129/1/1 140/1/1
f 142/2/1 130/2/1 129/2/1
f 142/1/1 129/1/1 141/1/1
f 143/1/1 131/1/1 130/1/1
f 143/2/1 130/2/1 142/2/1
f 144/2/1 132/2/1 131/2/1
f 144/1/1 131/1/1 143/1/1
f 145/1/1 133/1/1 132/1/1
f 145/2/1 132/2/1 144/2/1
f 146/2/1 134/2/1 133/2/1
f 146/1/1 133/1/1 145/1/1
f 147/1/1 136/1/1 135/1/1
f 147/2/1 134/2/1 146/2/1
f 147/1/1 135/1/1 134/1/1
f 148/1/1 136/1/1 147/1/1
f 149/1/1 136/1/1 148/1/1
f 152/1/1 138/1/1 137/1/1
f 152/1/1 139/1/1 138/1/1
f 153/1/1 139/1/1 152/1/1
f 154/2/1 140/2/1 139/2/1
f 154/1/1 139/1/1 153/1/1
f 155/2/1 146/2/1 145/2/1
f 155/1/1 141/1/1 140/1/1
f 155/2/1 142/2/1 141/2/1
f 155/2/1 143/2/1 142/2/1
f 155/2/1 144/2/1 143/2/1
f 155/2/1 148/2/1 147/2/1
f 155/2/1 147/2/1 146/2/1
f 155/2/1 145/2/1 144/2/1
f 156/2/1 148/2/1 155/2/1
f 157/2/1 148/2/1 156/2/1
f 158/2/1 148/2/1 157/2/1
f 159/2/1 148/2/1 158/2/1
f 160/1/1 149/1/1 148/1/1
f 160/2/1 148/2/1 159/2/1
f 160/1/1 150/1/1 149/1/1
f 161/1/1 150/1/1 160/1/1
f 162/1/1 150/1/1 161/1/1
f 163/1/1 150/1/1 162/1/1
f 165/1/1 153/1/1 152/1/1
f 165/1/1 152/1/1 151/1/1
f 166/1/1 153/1/1 165/1/1
f 167/2/1 140/2/1 154/2/1
f 167/2/1 154/2/1 153/2/1
f 167/1/1 155/1/1 140/1/1
f 167/1/1 156/1/1 155/1/1
f 168/1/1 156/1/1 167/1/1
f 169/1/1 156/1/1 168/1/1
f 170/2/1 157/2/1 156/2/1
f 170/1/1 156/1/1 169/1/1
f 171/1/1 158/1/1 157/1/1
f 171/2/1 157/2/1 170/2/1
f 172/1/1 158/1/1 171/1/1
f 173/2/1 159/2/1 158/2/1
f 173/1/1 160/1/1 159/1/1
f 173/1/1 161/1/1 160/1/1
f 174/2/1 162/2/1 161/2/1
f 174/1/1 161/1/1 173/1/1
f 175/1/1 164/1/1 163/1/1
f 175/2/1 162/2/1 174/2/1
f 175/1/1 163/1/1 162/1/1
f 176/1/1 164/1/1 175/1/1
f 177/2/1 166/2/1 165/2/1
f 177/1/1 165/1/1 151/1/1
f 178/1/1 153/1/1 166/1/1
f 178/2/1 166/2/1 177/2/1
f 179/2/1 168/2/1 167/2/1
f 179/1/1 153/1/1 178/1/1
f 179/2/1 167/2/1 153/2/1
f 180/2/1 168/2/1 179/2/1
f 181/2/1 168/2/1 180/2/1
f 182/2/1 168/2/1 181/2/1
f 183/2/1 170/2/1 169/2/1
f 183/1/1 169/1/1 168/1/1
f 183/2/1 172/2/1 171/2/1
f 183/2/1 171/2/1 170/2/1
f 184/2/1 172/2/1 183/2/1
f 185/2/1 172/2/1 184/2/1
f 186/2/1 172/2/1 185/2/1
f 187/2/1 174/2/1 173/2/1
f 187/1/1 158/1/1 172/1/1
f 187/2/1 176/2/1 175/2/1
f 187/2/1 173/2/1 158/2/1
f 187/2/1 175/2/1 174/2/1
f 188/2/1 176/2/1 187/2/1
f 189/2/1 176/2/1 188/2/1
f 190/1/1 164/1/1 176/1/1
f 190/2/1 176/2/1 189/2/1
f 191/1/1 177/1/1 151/1/1
f 191/1/1 178/1/1 177/1/1
f 191/1/1 180/1/1 179/1/1
f 191/1/1 179/1/1 178/1/1
f 192/1/1 180/1/1 191/1/1
f 193/1/1 182/1/1 181/1/1
f 193/2/1 181/2/1 180/2/1
f 194/2/1 168/2/1 182/2/1
f 194/1/1 182/1/1 193/1/1
f 195/1/1 184/1/1 183/1/1
f 195/2/1 168/2/1 194/2/1
f 195/1/1 183/1/1 168/1/1
f 196/1/1 184/1/1 195/1/1
f 197/1/1 186/1/1 185/1/1
f 197/2/1 185/2/1 184/2/1
f 198/1/1 186/1/1 197/1/1
f 199/2/1 172/2/1 186/2/1
f 199/1/1 188/1/1 187/1/1
f 199/1/1 187/1/1 172/1/1
f 200/1/1 188/1/1 199/1/1
f 201/1/1 188/1/1 200/1/1
f 202/2/1 189/2/1 188/2/1
f 202/1/1 188/1/1 201/1/1
f 203/1/1 190/1/1 189/1/1
f 203/2/1 189/2/1 202/2/1
f 204/1/1 164/1/1 190/1/1
f 204/1/1 190/1/1 203/1/1
f 205/2/1 192/2/1 191/2/1
f 205/1/1 191/1/1 151/1/1
f 206/1/1 180/1/1 192/1/1
f 206/2/1 192/2/1 205/2/1
f 207/2/1 193/2/1 180/2/1
f 207/1/1 180/1/1 206/1/1
f 207/2/1 196/2/1 195/2/1
f 207/2/1 194/2/1 193/2/1
f 207/2/1 195/2/1 194/2/1
f 208/1/1 184/1/1 196/1/1
f 208/2/1 196/2/1 207/2/1
f 209/2/1 198/2/1 197/2/1
f 209/1/1 184/1/1 208/1/1
f 209/2/1 197/2/1 184/2/1
f 210/1/1 186/1/1 198/1/1
f 210/2/1 198/2/1 209/2/1
f 211/2/1 200/2/1 199/2/1
f 211/1/1 186/1/1 210/1/1
f 211/2/1 199/2/1 186/2/1
f 212/1/1 201/1/1 200/1/1
f 212/2/1 200/2/1 211/2/1
f 213/2/1 203/2/1 202/2/1
f 213/1/1 201/1/1 212/1/1
f 213/2/1 202/2/1 201/2/1
f 213/2/1 204/2/1 203/2/1
f 214/1/1 164/1/1 204/1/1
f 214/2/1 204/2/1 213/2/1
f 215/1/1 212/1/1 211/1/1
f 215/1/1 209/1/1 208/1/1
f 215/1/1 214/1/1 213/1/1
f 215/1/1 205/1/1 151/1/1
f 215/1/1 213/1/1 212/1/1
f 215/1/1 210/1/1 209/1/1
f 215/1/1 211/1/1 210/1/1
f 215/1/1 206/1/1 205/1/1
f 215/1/1 207/1/1 206/1/1
f 215/1/1 208/1/1 207/1/1
f 216/1/1 164/1/1 214/1/1
f 216/1/1 214/1/1 215/1/1
f 217/3/1 216/3/1 215/3/1
f 218/3/1 216/3/1 217/3/1
f 225/3/1 220/3/1 219/3/1
f 226/3/1 220/3/1 225/3/1
f 227/3/1 222/3/1 221/3/1
f 228/3/1 222/3/1 227/3/1
f 233/3/1 224/3/1 223/3/1
f 234/3/1 224/3/1 233/3/1
f 235/3/1 230/3/1 229/3/1
f 236/3/1 230/3/1 235/3/1
f 240/3/1 232/3/1 231/3/1
f 241/3/1 232/3/1 240/3/1
f 242/3/1 238/3/1 237/3/1
f 243/3/1 238/3/1 242/3/1
f 245/3/1 240/3/1 239/3/1
f 246/3/1 240/3/1 245/3/1
f 247/3/1 244/3/1 243/3/1
f 248/3/1 244/3/1 247/3/1
f 249/3/2 250/3/2 255/3/2
f 255/3/2 250/3/2 256/3/2
f 251/3/2 252/3/2 257/3/2
f 257/3/2 252/3/2 258/3/2
f 253/3/2 254/3/2 263/3/2
f 263/3/2 254/3/2 264/3/2
f 259/3/2 260/3/2 265/3/2
f 265/3/2 260/3/2 266/3/2
f 261/3/2 262/3/2 270/3/2
f 270/3/2 262/3/2 271/3/2
f 267/3/2 268/3/2 272/3/2
f 272/3/2 268/3/2 273/3/2
f 269/3/2 270/3/2 275/3/2
f 275/3/2 270/3/2 276/3/2
f 273/3/2 274/3/2 277/3/2
f 277/3/2 274/3/2 278/3/2
f 279/1/2 280/1/2 282/1/2
f 282/1/2 280/1/2 283/1/2
f 283/1/2 280/1/2 284/1/2
f 284/1/2 280/1/2 285/1/2
f 285/1/2 280/1/2 286/1/2
f 286/1/2 280/1/2 287/1/2
f 281/1/2 282/1/2 290/1/2
f 282/1/2 283/1/2 290/1/2
f 290/1/2 283/1/2 291/1/2
f 283/2/2 284/2/2 292/2/2
f 291/1/2 283/1/2 292/1/2
f 284/1/2 285/1/2 293/1/2
f 292/2/2 284/2/2 293/2/2
f 285/2/2 286/2/2 294/2/2
f 293/1/2 285/1/2 294/1/2
f 287/1/2 288/1/2 295/1/2
f 294/2/2 286/2/2 295/2/2
f 286/1/2 287/1/2 295/1/2
f 295/1/2 288/1/2 296/1/2
f 296/1/2 288/1/2 297/1/2
f 289/1/2 290/1/2 300/1/2
f 290/1/2 291/1/2 300/1/2
f 293/2/2 294/2/2 301/2/2
f 291/2/2 292/2/2 301/2/2
f 300/1/2 291/1/2 301/1/2
f 292/2/2 293/2/2 301/2/2
f 295/2/2 296/2/2 301/2/2
f 294/2/2 295/2/2 301/2/2
f 301/2/2 296/2/2 302/2/2
f 302/2/2 296/2/2 303/2/2
f 303/2/2 296/2/2 304/2/2
f 304/2/2 296/2/2 305/2/2
f 305/2/2 296/2/2 306/2/2
f 306/2/2 296/2/2 307/2/2
f 297/1/2 298/1/2 308/1/2
f 307/2/2 296/2/2 308/2/2
f 296/1/2 297/1/2 308/1/2
f 308/1/2 298/1/2 309/1/2
f 299/1/2 300/1/2 311/1/2
f 300/1/2 301/1/2 311/1/2
f 301/1/2 302/1/2 311/1/2
f 302/2/2 303/2/2 312/2/2
f 311/1/2 302/1/2 312/1/2
f 303/1/2 304/1/2 313/1/2
f 312/2/2 303/2/2 313/2/2
f 313/1/2 304/1/2 314/1/2
f 314/1/2 304/1/2 315/1/2
f 304/2/2 305/2/2 316/2/2
f 315/1/2 304/1/2 316/1/2
f 305/1/2 306/1/2 317/1/2
f 316/2/2 305/2/2 317/2/2
f 317/1/2 306/1/2 318/1/2
f 318/1/2 306/1/2 319/1/2
f 306/2/2 307/2/2 320/2/2
f 319/1/2 306/1/2 320/1/2
f 309/1/2 310/1/2 321/1/2
f 320/2/2 307/2/2 321/2/2
f 308/1/2 309/1/2 321/1/2
f 307/1/2 308/1/2 321/1/2
f 321/1/2 310/1/2 322/1/2
f 322/1/2 310/1/2 323/1/2
f 323/1/2 310/1/2 324/1/2
f 299/1/2 311/1/2 325/1/2
f 311/2/2 312/2/2 325/2/2
f 312/2/2 313/2/2 325/2/2
f 313/2/2 314/2/2 325/2/2
f 325/2/2 314/2/2 326/2/2
f 326/2/2 314/2/2 327/2/2
f 314/1/2 315/1/2 328/1/2
f 327/2/2 314/2/2 328/2/2
f 315/2/2 316/2/2 329/2/2
f 317/2/2 318/2/2 329/2/2
f 316/2/2 317/2/2 329/2/2
f 318/1/2 319/1/2 330/1/2
f 329/2/2 318/2/2 330/2/2
f 319/2/2 320/2/2 331/2/2
f 321/2/2 322/2/2 331/2/2
f 320/2/2 321/2/2 331/2/2
f 331/2/2 322/2/2 332/2/2
f 332/2/2 322/2/2 333/2/2
f 322/1/2 323/1/2 334/1/2
f 333/2/2 322/2/2 334/2/2
f 323/2/2 324/2/2 335/2/2
f 334/1/2 323/1/2 335/1/2
f 324/1/2 310/1/2 336/1/2
f 335/2/2 324/2/2 336/2/2
f 325/1/2 326/1/2 337/1/2
f 326/2/2 327/2/2 338/2/2
f 337/1/2 326/1/2 338/1/2
f 327/1/2 328/1/2 339/1/2
f 338/2/2 327/2/2 339/2/2
f 339/1/2 328/1/2 340/1/2
f 340/1/2 328/1/2 341/1/2
f 315/2/2 329/2/2 342/2/2
f 341/1/2 328/1/2 342/1/2
f 328/1/2 315/1/2 342/1/2
f 329/1/2 330/1/2 343/1/2
f 342/2/2 329/2/2 343/2/2
f 343/1/2 330/1/2 344/1/2
f 344/1/2 330/1/2 345/1/2
f 330/1/2 319/1/2 346/1/2
f 345/1/2 330/1/2 346/1/2
f 319/2/2 331/2/2 346/2/2
f 331/1/2 332/1/2 347/1/2
f 346/2/2 331/2/2 347/2/2
f 332/2/2 333/2/2 348/2/2
f 347/1/2 332/1/2 348/1/2
f 334/1/2 335/1/2 349/1/2
f 348/2/2 333/2/2 349/2/2
f 333/1/2 334/1/2 349/1/2
f 335/1/2 336/1/2 349/1/2
f 349/1/2 336/1/2 350/1/2
f 339/2/2 340/2/2 351/2/2
f 337/2/2 338/2/2 351/2/2
f 325/1/2 337/1/2 351/1/2
f 338/2/2 339/2/2 351/2/2
f 340/1/2 341/1/2 352/1/2
f 351/2/2 340/2/2 352/2/2
f 342/2/2 343/2/2 353/2/2
f 352/1/2 341/1/2 353/1/2
f 341/2/2 342/2/2 353/2/2
f 343/2/2 344/2/2 353/2/2
f 344/1/2 345/1/2 354/1/2
f 353/2/2 344/2/2 354/2/2
f 349/2/2 350/2/2 355/2/2
f 354/1/2 345/1/2 355/1/2
f 347/2/2 348/2/2 355/2/2
f 348/2/2 349/2/2 355/2/2
f 345/2/2 346/2/2 355/2/2
f 346/2/2 347/2/2 355/2/2
f 350/1/2 336/1/2 356/1/2
f 355/2/2 350/2/2 356/2/2
f 352/1/2 353/1/2 357/1/2
f 325/1/2 351/1/2 357/1/2
f 355/1/2 356/1/2 357/1/2
f 351/1/2 352/1/2 357/1/2
f 299/1/2 325/1/2 357/1/2
f 354/1/2 355/1/2 357/1/2
f 353/1/2 354/1/2 357/1/2
f 356/1/2 336/1/2 358/1/2
f 357/1/2 356/1/2 358/1/2
f 336/1/2 310/1/2 358/1/2
f 357/3/2 358/3/2 359/3/2
f 359/3/2 358/3/2 360/3/2
f 361/3/2 362/3/2 364/3/2
f 364/3/2 362/3/2 365/3/2
f 365/3/2 362/3/2 366/3/2
f 366/3/2 362/3/2 367/3/2
f 363/3/2 364/3/2 370/3/2
f 364/3/2 365/3/2 370/3/2
f 370/3/2 365/3/2 371/3/2
f 365/1/2 366/1/2 372/1/2
f 371/3/2 365/3/2 372/3/2
f 372/1/2 366/1/2 373/1/2
f 373/1/2 366/1/2 374/1/2
f 374/1/2 366/1/2 375/1/2
f 375/1/2 366/1/2 376/1/2
f 367/3/2 368/3/2 377/3/2
f 376/1/2 366/1/2 377/1/2
f 366/3/2 367/3/2 377/3/2
f 377/3/2 368/3/2 378/3/2
f 378/3/2 368/3/2 379/3/2
f 370/3/2 371/3/2 382/3/2
f 369/3/2 370/3/2 382/3/2
f 382/3/2 371/3/2 383/3/2
f 371/1/2 372/1/2 384/1/2
f 383/3/2 371/3/2 384/3/2
f 372/1/2 373/1/2 384/1/2
f 384/1/2 373/1/2 385/1/2
f 385/1/2 373/1/2 386/1/2
f 386/1/2 373/1/2 387/1/2
f 373/2/2 374/2/2 388/2/2
f 387/1/2 373/1/2 388/1/2
f 374/1/2 375/1/2 389/1/2
f 375/2/2 376/2/2 390/2/2
f 389/1/2 375/1/2 390/1/2
f 376/1/2 377/1/2 391/1/2
f 390/2/2 376/2/2 391/2/2
f 377/1/2 378/1/2 391/1/2
f 391/1/2 378/1/2 392/1/2
f 379/3/2 380/3/2 393/3/2
f 392/1/2 378/1/2 393/1/2
f 378/3/2 379/3/2 393/3/2
f 393/3/2 380/3/2 394/3/2
f 394/3/2 380/3/2 395/3/2
f 382/3/2 383/3/2 398/3/2
f 381/3/2 382/3/2 398/3/2
f 398/3/2 383/3/2 399/3/2
f 383/1/2 384/1/2 400/1/2
f 399/3/2 383/3/2 400/3/2
f 384/1/2 385/1/2 400/1/2
f 400/1/2 385/1/2 401/1/2
f 401/1/2 385/1/2 402/1/2
f 385/2/2 386/2/2 403/2/2
f 402/1/2 385/1/2 403/1/2
f 403/2/2 386/2/2 404/2/2
f 386/1/2 387/1/2 405/1/2
f 387/2/2 388/2/2 405/2/2
f 374/1/2 389/1/2 406/1/2
f 405/2/2 388/2/2 406/2/2
f 388/2/2 374/2/2 406/2/2
f 391/2/2 392/2/2 407/2/2
f 406/1/2 389/1/2 407/1/2
f 390/2/2 391/2/2 407/2/2
f 389/2/2 390/2/2 407/2/2
f 407/2/2 392/2/2 408/2/2
f 408/2/2 392/2/2 409/2/2
f 392/1/2 393/1/2 410/1/2
f 409/2/2 392/2/2 410/2/2
f 393/1/2 394/1/2 410/1/2
f 395/3/2 396/3/2 411/3/2
f 410/1/2 394/1/2 411/1/2
f 394/3/2 395/3/2 411/3/2
f 411/3/2 396/3/2 412/3/2
f 412/3/2 396/3/2 413/3/2
f 398/3/2 399/3/2 415/3/2
f 397/3/2 398/3/2 415/3/2
f 400/1/2 401/1/2 416/1/2
f 415/3/2 399/3/2 416/3/2
f 399/1/2 400/1/2 416/1/2
f 401/2/2 402/2/2 417/2/2
f 416/1/2 401/1/2 417/1/2
f 402/1/2 403/1/2 418/1/2
f 417/2/2 402/2/2 418/2/2
f 403/1/2 404/1/2 418/1/2
f 418/1/2 404/1/2 419/1/2
f 419/1/2 404/1/2 420/1/2
f 404/2/2 386/2/2 421/2/2
f 420/1/2 404/1/2 421/1/2
f 386/1/2 405/1/2 422/1/2
f 421/2/2 386/2/2 422/2/2
f 405/1/2 406/1/2 422/1/2
f 406/1/2 407/1/2 422/1/2
f 407/1/2 408/1/2 422/1/2
f 422/1/2 408/1/2 423/1/2
f 423/1/2 408/1/2 424/1/2
f 408/2/2 409/2/2 425/2/2
f 424/1/2 408/1/2 425/1/2
f 409/1/2 410/1/2 426/1/2
f 425/2/2 409/2/2 426/2/2
f 411/1/2 412/1/2 426/1/2
f 410/1/2 411/1/2 426/1/2
f 426/1/2 412/1/2 427/1/2
f 427/1/2 412/1/2 428/1/2
f 428/1/2 412/1/2 429/1/2
f 413/3/2 414/3/2 430/3/2
f 429/1/2 412/1/2 430/1/2
f 412/3/2 413/3/2 430/3/2
f 430/3/2 414/3/2 431/3/2
f 416/2/2 417/2/2 432/2/2
f 418/2/2 419/2/2 432/2/2
f 417/2/2 418/2/2 432/2/2
f 415/1/2 416/1/2 432/1/2
f 432/2/2 419/2/2 433/2/2
f 420/2/2 421/2/2 434/2/2
f 419/1/2 420/1/2 434/1/2
f 422/2/2 423/2/2 434/2/2
f 421/2/2 422/2/2 434/2/2
f 423/1/2 424/1/2 435/1/2
f 434/2/2 423/2/2 435/2/2
f 424/2/2 425/2/2 436/2/2
f 435/1/2 424/1/2 436/1/2
f 425/2/2 426/2/2 436/2/2
f 426/2/2 427/2/2 436/2/2
f 436/2/2 427/2/2 437/2/2
f 437/2/2 427/2/2 438/2/2
f 427/1/2 428/1/2 439/1/2
f 438/2/2 427/2/2 439/2/2
f 428/2/2 429/2/2 440/2/2
f 439/1/2 428/1/2 440/1/2
f 440/2/2 429/2/2 441/2/2
f 441/2/2 429/2/2 442/2/2
f 430/1/2 431/1/2 443/1/2
f 442/2/2 429/2/2 443/2/2
f 429/1/2 430/1/2 443/1/2
f 432/1/2 433/1/2 444/1/2
f 415/1/2 432/1/2 444/1/2
f 444/1/2 433/1/2 445/1/2
f 445/1/2 433/1/2 446/1/2
f 433/2/2 419/2/2 447/2/2
f 446/1/2 433/1/2 447/1/2
f 434/1/2 435/1/2 448/1/2
f 447/2/2 419/2/2 448/2/2
f 419/1/2 434/1/2 448/1/2
f 435/1/2 436/1/2 448/1/2
f 436/1/2 437/1/2 448/1/2
f 448/1/2 437/1/2 449/1/2
f 449/1/2 437/1/2 450/1/2
f 450/1/2 437/1/2 451/1/2
f 440/1/2 441/1/2 452/1/2
f 438/1/2 439/1/2 452/1/2
f 437/2/2 438/2/2 452/2/2
f 439/1/2 440/1/2 452/1/2
f 452/1/2 441/1/2 453/1/2
f 441/2/2 442/2/2 454/2/2
f 442/1/2 443/1/2 454/1/2
f 443/1/2 431/1/2 455/1/2
f 454/1/2 443/1/2 455/1/2
f 444/2/2 445/2/2 456/2/2
f 415/1/2 444/1/2 456/1/2
f 445/1/2 446/1/2 457/1/2
f 456/2/2 445/2/2 457/2/2
f 446/2/2 447/2/2 458/2/2
f 448/2/2 449/2/2 458/2/2
f 447/2/2 448/2/2 458/2/2
f 458/2/2 449/2/2 459/2/2
f 459/2/2 449/2/2 460/2/2
f 449/1/2 450/1/2 461/1/2
f 460/2/2 449/2/2 461/2/2
f 450/2/2 451/2/2 462/2/2
f 451/1/2 437/1/2 463/1/2
f 462/2/2 451/2/2 463/2/2
f 452/2/2 453/2/2 464/2/2
f 463/1/2 437/1/2 464/1/2
f 437/2/2 452/2/2 464/2/2
f 464/2/2 453/2/2 465/2/2
f 465/2/2 453/2/2 466/2/2
f 453/1/2 441/1/2 467/1/2
f 466/2/2 453/2/2 467/2/2
f 441/2/2 454/2/2 468/2/2
f 467/1/2 441/1/2 468/1/2
f 454/2/2 455/2/2 468/2/2
f 468/2/2 455/2/2 469/2/2
f 457/1/2 446/1/2 470/1/2
f 456/1/2 457/1/2 470/1/2
f 446/2/2 458/2/2 470/2/2
f 458/1/2 459/1/2 471/1/2
f 470/2/2 458/2/2 471/2/2
f 459/2/2 460/2/2 472/2/2
f 471/1/2 459/1/2 472/1/2
f 460/1/2 461/1/2 473/1/2
f 472/2/2 460/2/2 473/2/2
f 450/2/2 462/2/2 474/2/2
f 473/1/2 461/1/2 474/1/2
f 461/1/2 450/1/2 474/1/2
f 462/1/2 463/1/2 475/1/2
f 474/2/2 462/2/2 475/2/2
f 463/1/2 464/1/2 475/1/2
f 464/1/2 465/1/2 475/1/2
f 465/2/2 466/2/2 476/2/2
f 475/1/2 465/1/2 476/1/2
f 466/1/2 467/1/2 477/1/2
f 476/2/2 466/2/2 477/2/2
f 467/1/2 468/1/2 477/1/2
f 468/1/2 469/1/2 477/1/2
f 469/2/2 455/2/2 478/2/2
f 477/1/2 469/1/2 478/1/2
f 455/1/2 431/1/2 479/1/2
f 478/2/2 455/2/2 479/2/2
f 415/1/2 456/1/2 480/1/2
f 474/1/2 475/1/2 480/1/2
f 478/1/2 479/1/2 480/1/2
f 471/1/2 472/1/2 480/1/2
f 477/1/2 478/1/2 480/1/2
f 470/1/2 471/1/2 480/1/2
f 456/1/2 470/1/2 480/1/2
f 397/3/2 415/3/2 480/3/2
f 476/1/2 477/1/2 480/1/2
f 473/1/2 474/1/2 480/1/2
f 475/1/2 476/1/2 480/1/2
f 472/1/2 473/1/2 480/1/2
f 479/1/2 431/1/2 481/1/2
f 480/1/2 479/1/2 481/1/2
f 431/3/2 414/3/2 481/3/2
f 397/3/2 480/3/2 482/3/2
f 480/3/2 481/3/2 482/3/2
f 481/3/2 414/3/2 483/3/2
f 482/3/2 481/3/2 483/3/2
f 486/3/3 485/3/3 484/3/3
f 487/3/3 485/3/3 486/3/3
f 488/1/3 487/1/3 486/1/3
f 489/1/3 487/1/3 488/1/3
f 490/1/3 488/1/3 486/1/3
f 491/2/3 489/2/3 488/2/3
f 491/1/3 488/1/3 490/1/3
f 492/2/3 489/2/3 491/2/3
f 493/1/3 487/1/3 489/1/3
f 493/2/3 489/2/3 492/2/3
f 494/2/3 492/2/3 491/2/3
f 494/1/3 490/1/3 486/1/3
f 494/2/3 491/2/3 490/2/3
f 495/1/3 493/1/3 492/1/3
f 495/2/3 492/2/3 494/2/3
f 496/1/3 495/1/3 494/1/3
f 497/1/3 487/1/3 493/1/3
f 497/1/3 495/1/3 496/1/3
f 497/1/3 493/1/3 495/1/3
f 498/1/3 496/1/3 494/1/3
f 498/1/3 494/1/3 486/1/3
f 499/2/3 497/2/3 496/2/3
f 499/1/3 496/1/3 498/1/3
f 500/2/3 497/2/3 499/2/3
f 501/1/3 487/1/3 497/1/3
f 501/2/3 497/2/3 500/2/3
f 502/2/3 500/2/3 499/2/3
f 502/1/3 498/1/3 486/1/3
f 502/2/3 499/2/3 498/2/3
f 503/2/3 500/2/3 502/2/3
f 504/1/3 502/1/3 486/1/3
f 504/1/3 503/1/3 502/1/3
f 505/2/3 500/2/3 503/2/3
f 505/1/3 503/1/3 504/1/3
f 506/1/3 504/1/3 486/1/3
f 506/2/3 505/2/3 504/2/3
f 507/2/3 500/2/3 505/2/3
f 507/2/3 505/2/3 506/2/3
f 508/1/3 501/1/3 500/1/3
f 508/2/3 500/2/3 507/2/3
f 509/1/3 487/1/3 501/1/3
f 509/1/3 501/1/3 508/1/3
f 510/2/3 508/2/3 507/2/3
f 510/1/3 507/1/3 506/1/3
f 510/2/3 509/2/3 508/2/3
f 511/1/3 487/1/3 509/1/3
f 511/2/3 509/2/3 510/2/3
f 512/1/3 510/1/3 506/1/3
f 512/1/3 511/1/3 510/1/3
f 513/1/3 511/1/3 512/1/3
f 514/1/3 506/1/3 486/1/3
f 514/1/3 512/1/3 506/1/3
f 515/2/3 513/2/3 512/2/3
f 515/1/3 512/1/3 514/1/3
f 516/1/3 514/1/3 486/1/3
f 516/2/3 515/2/3 514/2/3
f 517/2/3 513/2/3 515/2/3
f 517/2/3 515/2/3 516/2/3
f 518/1/3 511/1/3 513/1/3
f 518/2/3 513/2/3 517/2/3
f 519/1/3 487/1/3 511/1/3
f 519/1/3 511/1/3 518/1/3
f 520/1/3 517/1/3 516/1/3
f 520/1/3 516/1/3 486/1/3
f 521/2/3 518/2/3 517/2/3
f 521/1/3 517/1/3 520/1/3
f 521/2/3 519/2/3 518/2/3
f 522/2/3 519/2/3 521/2/3
f 523/1/3 487/1/3 519/1/3
f 523/2/3 519/2/3 522/2/3
f 524/1/3 520/1/3 486/1/3
f 524/2/3 522/2/3 521/2/3
f 524/2/3 521/2/3 520/2/3
f 525/2/3 522/2/3 524/2/3
f 526/1/3 523/1/3 522/1/3
f 526/2/3 522/2/3 525/2/3
f 527/1/3 487/1/3 523/1/3
f 527/1/3 523/1/3 526/1/3
f 528/2/3 526/2/3 525/2/3
f 528/1/3 525/1/3 524/1/3
f 528/2/3 527/2/3 526/2/3
f 529/1/3 487/1/3 527/1/3
f 529/2/3 527/2/3 528/2/3
f 530/1/3 528/1/3 524/1/3
f 530/1/3 529/1/3 528/1/3
f 531/1/3 529/1/3 530/1/3
f 532/1/3 524/1/3 486/1/3
f 532/1/3 530/1/3 524/1/3
f 533/2/3 531/2/3 530/2/3
f 533/1/3 530/1/3 532/1/3
f 534/1/3 532/1/3 486/1/3
f 534/2/3 533/2/3 532/2/3
f 535/1/3 529/1/3 531/1/3
f 535/2/3 533/2/3 534/2/3
f 535/2/3 531/2/3 533/2/3
f 536/1/3 535/1/3 534/1/3
f 537/1/3 529/1/3 535/1/3
f 537/1/3 535/1/3 536/1/3
f 538/1/3 534/1/3 486/1/3
f 538/1/3 536/1/3 534/1/3
f 539/2/3 537/2/3 536/2/3
f 539/1/3 536/1/3 538/1/3
f 540/1/3 529/1/3 537/1/3
f 540/2/3 537/2/3 539/2/3
f 541/1/3 487/1/3 529/1/3
f 541/1/3 529/1/3 540/1/3
f 542/2/3 540/2/3 539/2/3
f 542/2/3 539/2/3 538/2/3
f 542/2/3 541/2/3 540/2/3
f 542/1/3 538/1/3 486/1/3
f 543/2/3 541/2/3 542/2/3
f 544/2/3 541/2/3 543/2/3
f 545/1/3 487/1/3 541/1/3
f 545/2/3 541/2/3 544/2/3
f 546/1/3 542/1/3 486/1/3
f 546/1/3 543/1/3 542/1/3
f 547/2/3 544/2/3 543/2/3
f 547/1/3 543/1/3 546/1/3
f 548/1/3 546/1/3 486/1/3
f 548/2/3 547/2/3 546/2/3
f 549/2/3 544/2/3 547/2/3
f 549/2/3 547/2/3 548/2/3
f 549/1/3 545/1/3 544/1/3
f 550/1/3 549/1/3 548/1/3
f 551/1/3 545/1/3 549/1/3
f 551/1/3 549/1/3 550/1/3
f 552/2/3 551/2/3 550/2/3
f 552/1/3 545/1/3 551/1/3
f 553/1/3 487/1/3 545/1/3
f 553/1/3 545/1/3 552/1/3
f 554/1/3 548/1/3 486/1/3
f 554/1/3 550/1/3 548/1/3
f 555/2/3 552/2/3 550/2/3
f 555/1/3 550/1/3 554/1/3
f 555/2/3 553/2/3 552/2/3
f 556/2/3 553/2/3 555/2/3
f 557/1/3 487/1/3 553/1/3
f 557/2/3 553/2/3 556/2/3
f 558/2/3 556/2/3 555/2/3
f 558/1/3 554/1/3 486/1/3
f 558/2/3 555/2/3 554/2/3
f 559/1/3 557/1/3 556/1/3
f 559/2/3 556/2/3 558/2/3
f 560/3/3 486/3/3 484/3/3
f 560/1/3 558/1/3 486/1/3
f 560/1/3 559/1/3 558/1/3
f 561/1/3 557/1/3 559/1/3
f 561/1/3 559/1/3 560/1/3
f 561/3/3 485/3/3 487/3/3
f 561/1/3 487/1/3 557/1/3
f 562/3/3 560/3/3 484/3/3
f 562/3/3 561/3/3 560/3/3
f 563/3/3 485/3/3 561/3/3
f 563/3/3 561/3/3 562/3/3
f 566/3/3 565/3/3 564/3/3
f 567/3/3 565/3/3 566/3/3
f 568/1/3 567/1/3 566/1/3
f 569/1/3 567/1/3 568/1/3
f 570/2/3 569/2/3 568/2/3
f 571/2/3 569/2/3 570/2/3
f 572/1/3 571/1/3 570/1/3
f 573/1/3 571/1/3 572/1/3
f 574/2/3 573/2/3 572/2/3
f 575/2/3 573/2/3 574/2/3
f 576/1/3 575/1/3 574/1/3
f 577/1/3 575/1/3 576/1/3
f 578/2/3 577/2/3 576/2/3
f 579/2/3 577/2/3 578/2/3
f 580/1/3 579/1/3 578/1/3
f 581/1/3 579/1/3 580/1/3
f 582/2/3 581/2/3 580/2/3
f 583/2/3 581/2/3 582/2/3
f 584/1/3 583/1/3 582/1/3
f 585/1/3 583/1/3 584/1/3
f 586/2/3 585/2/3 584/2/3
f 587/2/3 585/2/3 586/2/3
f 588/1/3 587/1/3 586/1/3
f 589/1/3 587/1/3 588/1/3
f 590/2/3 589/2/3 588/2/3
f 591/2/3 589/2/3 590/2/3
f 592/1/3 591/1/3 590/1/3
f 593/1/3 591/1/3 592/1/3
f 594/2/3 593/2/3 592/2/3
f 595/2/3 593/2/3 594/2/3
f 596/1/3 595/1/3 594/1/3
f 597/1/3 595/1/3 596/1/3
f 598/3/3 597/3/3 596/3/3
f 599/3/3 597/3/3 598/3/3
f 602/3/3 601/3/3 600/3/3
f 605/1/3 604/1/3 603/1/3
f 606/1/3 604/1/3 605/1/3
f 607/2/3 606/2/3 605/2/3
f 608/2/3 606/2/3 607/2/3
f 609/3/3 602/3/3 600/3/3
f 610/1/3 608/1/3 607/1/3
f 611/3/3 609/3/3 600/3/3
f 612/1/3 608/1/3 610/1/3
f 613/1/3 608/1/3 612/1/3
f 614/2/3 613/2/3 612/2/3
f 615/2/3 613/2/3 614/2/3
f 616/3/3 611/3/3 600/3/3
f 617/1/3 615/1/3 614/1/3
f 618/1/3 615/1/3 617/1/3
f 619/2/3 618/2/3 617/2/3
f 620/2/3 618/2/3 619/2/3
f 621/3/3 616/3/3 600/3/3
f 622/1/3 620/1/3 619/1/3
f 623/1/3 620/1/3 622/1/3
f 624/3/3 621/3/3 600/3/3
f 625/2/3 623/2/3 622/2/3
f 626/2/3 623/2/3 625/2/3
f 627/1/3 626/1/3 625/1/3
f 628/1/3 626/1/3 627/1/3
f 629/3/3 624/3/3 600/3/3
f 630/2/3 628/2/3 627/2/3
f 631/2/3 628/2/3 630/2/3
f 632/3/3 629/3/3 600/3/3
f 633/1/3 631/1/3 630/1/3
f 634/1/3 631/1/3 633/1/3
f 635/3/3 632/3/3 600/3/3
f 636/2/3 634/2/3 633/2/3
f 637/3/3 635/3/3 600/3/3
f 638/2/3 634/2/3 636/2/3
f 639/2/3 634/2/3 638/2/3
f 640/3/3 637/3/3 600/3/3
f 641/1/3 639/1/3 638/1/3
f 642/1/3 639/1/3 641/1/3
f 643/1/3 639/1/3 642/1/3
f 644/3/3 640/3/3 600/3/3
f 645/2/3 643/2/3 642/2/3
f 646/2/3 643/2/3 645/2/3
f 647/1/3 646/1/3 645/1/3
f 648/1/3 646/1/3 647/1/3
f 649/3/3 644/3/3 600/3/3
f 650/2/3 648/2/3 647/2/3
f 651/2/3 648/2/3 650/2/3
f 652/1/3 651/1/3 650/1/3
f 653/1/3 651/1/3 652/1/3
f 654/3/3 649/3/3 600/3/3
f 655/2/3 653/2/3 652/2/3
f 656/2/3 653/2/3 655/2/3
f 657/3/3 654/3/3 600/3/3
f 658/1/3 656/1/3 655/1/3
f 659/1/3 656/1/3 658/1/3
f 660/1/3 656/1/3 659/1/3
f 661/2/3 660/2/3 659/2/3
f 662/2/3 660/2/3 661/2/3
f 663/3/3 657/3/3 600/3/3
f 664/1/3 662/1/3 661/1/3
f 665/1/3 662/1/3 664/1/3
f 666/3/3 663/3/3 600/3/3
f 667/3/3 663/3/3 666/3/3
f 670/1/3 669/1/3 668/1/3
f 671/1/3 669/1/3 670/1/3
f 672/2/3 671/2/3 670/2/3
f 673/2/3 672/2/3 670/2/3
f 674/2/3 673/2/3 670/2/3
f 675/2/3 674/2/3 670/2/3
f 676/2/3 675/2/3 670/2/3
f 677/2/3 676/2/3 670/2/3
f 678/2/3 676/2/3 677/2/3
f 679/1/3 678/1/3 677/1/3
f 680/1/3 678/1/3 679/1/3
f 681/2/3 680/2/3 679/2/3
f 682/2/3 681/2/3 679/2/3
f 683/2/3 682/2/3 679/2/3
f 684/2/3 683/2/3 679/2/3
f 685/2/3 683/2/3 684/2/3
f 686/1/3 685/1/3 684/1/3
f 687/1/3 685/1/3 686/1/3
f 688/2/3 687/2/3 686/2/3
f 689/2/3 688/2/3 686/2/3
f 690/2/3 688/2/3 689/2/3
f 691/1/3 690/1/3 689/1/3
f 692/1/3 690/1/3 691/1/3
f 693/2/3 692/2/3 691/2/3
f 694/2/3 693/2/3 691/2/3
f 695/2/3 694/2/3 691/2/3
f 696/2/3 695/2/3 691/2/3
f 697/2/3 696/2/3 691/2/3
f 698/2/3 697/2/3 691/2/3
f 699/2/3 697/2/3 698/2/3
f 700/1/3 699/1/3 698/1/3
f 701/1/3 699/1/3 700/1/3
f 702/2/3 701/2/3 700/2/3
f 703/2/3 701/2/3 702/2/3
f 704/1/3 703/1/3 702/1/3
f 705/1/3 703/1/3 704/1/3
f 708/3/3 707/3/3 706/3/3
f 709/3/3 708/3/3 706/3/3
f 710/3/3 709/3/3 706/3/3
f 711/3/3 710/3/3 706/3/3
f 712/3/3 711/3/3 706/3/3
f 713/3/3 712/3/3 706/3/3
f 714/3/3 713/3/3 706/3/3
f 715/3/3 714/3/3 706/3/3
f 716/3/3 715/3/3 706/3/3
f 717/3/3 716/3/3 706/3/3
f 718/3/3 717/3/3 706/3/3
f 719/3/3 718/3/3 706/3/3
f 720/3/3 719/3/3 706/3/3
f 721/3/3 720/3/3 706/3/3
f 722/3/3 721/3/3 706/3/3
f 723/3/3 722/3/3 706/3/3
f 724/3/3 723/3/3 706/3/3
f 725/3/3 724/3/3 706/3/3
f 726/3/3 725/3/3 706/3/3
f 727/3/3 726/3/3 706/3/3
f 728/3/3 726/3/3 727/3/3
f 731/1/3 730/1/3 729/1/3
f 732/1/3 730/1/3 731/1/3
f 733/2/3 732/2/3 731/2/3
f 734/2/3 733/2/3 731/2/3
f 735/2/3 734/2/3 731/2/3
f 736/2/3 734/2/3 735/2/3
f 737/1/3 736/1/3 735/1/3
f 738/1/3 736/1/3 737/1/3
f 739/2/3 738/2/3 737/2/3
f 740/2/3 739/2/3 737/2/3
f 741/2/3 740/2/3 737/2/3
f 742/2/3 740/2/3 741/2/3
f 743/1/3 742/1/3 741/1/3
f 744/1/3 742/1/3 743/1/3
f 745/2/3 744/2/3 743/2/3
f 746/2/3 745/2/3 743/2/3
f 747/2/3 746/2/3 743/2/3
f 748/2/3 746/2/3 747/2/3
f 749/1/3 748/1/3 747/1/3
f 750/1/3 748/1/3 749/1/3
f 751/2/3 750/2/3 749/2/3
f 752/2/3 751/2/3 749/2/3
f 753/2/3 752/2/3 749/2/3
f 754/2/3 752/2/3 753/2/3
f 755/1/3 754/1/3 753/1/3
f 756/1/3 754/1/3 755/1/3
f 757/2/3 756/2/3 755/2/3
f 758/2/3 757/2/3 755/2/3
f 759/2/3 757/2/3 758/2/3
f 760/1/3 759/1/3 758/1/3
f 761/1/3 759/1/3 760/1/3
f 762/2/3 761/2/3 760/2/3
f 763/2/3 762/2/3 760/2/3
f 764/2/3 762/2/3 763/2/3
f 765/1/3 764/1/3 763/1/3
f 766/1/3 764/1/3 765/1/3
f 769/3/3 768/3/3 767/3/3
f 770/3/3 769/3/3 767/3/3
f 771/3/3 770/3/3 767/3/3
f 772/3/3 771/3/3 767/3/3
f 773/3/3 772/3/3 767/3/3
f 774/3/3 773/3/3 767/3/3
f 775/3/3 774/3/3 767/3/3
f 776/3/3 775/3/3 767/3/3
f 777/3/3 776/3/3 767/3/3
f 778/3/3 777/3/3 767/3/3
f 779/3/3 778/3/3 767/3/3
f 780/3/3 779/3/3 767/3/3
f 781/3/3 780/3/3 767/3/3
f 782/3/3 780/3/3 781/3/3
f 785/1/3 784/1/3 783/1/3
f 786/1/3 785/1/3 783/1/3
f 787/1/3 786/1/3 783/1/3
f 788/1/3 787/1/3 783/1/3
f 789/1/3 788/1/3 783/1/3
f 790/1/3 789/1/3 783/1/3
f 791/1/3 790/1/3 783/1/3
f 792/1/3 791/1/3 783/1/3
f 793/1/3 792/1/3 783/1/3
f 794/1/3 793/1/3 783/1/3
f 795/1/3 794/1/3 783/1/3
f 796/1/3 795/1/3 783/1/3
f 797/1/3 796/1/3 783/1/3
f 798/1/3 796/1/3 797/1/3
f 801/3/3 800/3/3 799/3/3
f 802/3/3 800/3/3 801/3/3
f 805/1/3 804/1/3 803/1/3
f 806/1/3 804/1/3 805/1/3
f 807/2/3 806/2/3 805/2/3
f 808/2/3 806/2/3 807/2/3
f 809/1/3 808/1/3 807/1/3
f 810/1/3 808/1/3 809/1/3
f 811/2/3 810/2/3 809/2/3
f 812/2/3 810/2/3 811/2/3
f 813/1/3 812/1/3 811/1/3
f 814/1/3 812/1/3 813/1/3
f 815/2/3 814/2/3 813/2/3
f 816/2/3 814/2/3 815/2/3
f 817/1/3 816/1/3 815/1/3
f 818/1/3 816/1/3 817/1/3
f 819/2/3 818/2/3 817/2/3
f 820/2/3 818/2/3 819/2/3
f 821/1/3 820/1/3 819/1/3
f 822/1/3 820/1/3 821/1/3
f 823/2/3 822/2/3 821/2/3
f 824/2/3 822/2/3 823/2/3
f 825/1/3 824/1/3 823/1/3
f 826/1/3 824/1/3 825/1/3
f 827/2/3 826/2/3 825/2/3
f 828/2/3 826/2/3 827/2/3
f 829/1/3 828/1/3 827/1/3
f 830/1/3 828/1/3 829/1/3
f 833/1/3 832/1/3 831/1/3
f 834/1/3 832/1/3 833/1/3
f 835/2/3 834/2/3 833/2/3
f 836/2/3 835/2/3 833/2/3
f 837/2/3 835/2/3 836/2/3
f 838/1/3 837/1/3 836/1/3
f 839/1/3 838/1/3 836/1/3
f 840/1/3 839/1/3 836/1/3
f 841/1/3 839/1/3 840/1/3
f 842/2/3 841/2/3 840/2/3
f 843/2/3 842/2/3 840/2/3
f 844/2/3 842/2/3 843/2/3
f 845/1/3 844/1/3 843/1/3
f 846/1/3 845/1/3 843/1/3
f 847/1/3 845/1/3 846/1/3
f 848/2/3 847/2/3 846/2/3
f 849/2/3 847/2/3 848/2/3
f 850/1/3 849/1/3 848/1/3
f 851/1/3 849/1/3 850/1/3
f 852/2/3 851/2/3 850/2/3
f 853/2/3 852/2/3 850/2/3
f 854/2/3 852/2/3 853/2/3
f 855/1/3 854/1/3 853/1/3
f 856/1/3 854/1/3 855/1/3
f 857/2/3 856/2/3 855/2/3
f 858/2/3 857/2/3 855/2/3
f 859/2/3 858/2/3 855/2/3
f 860/2/3 858/2/3 859/2/3
f 861/1/3 860/1/3 859/1/3
f 862/1/3 860/1/3 861/1/3
f 865/3/3 864/3/3 863/3/3
f 866/3/3 864/3/3 865/3/3
f 869/1/3 868/1/3 867/1/3
f 870/1/3 868/1/3 869/1/3
f 871/1/3 868/1/3 870/1/3
f 872/2/3 871/2/3 870/2/3
f 873/2/3 871/2/3 872/2/3
f 874/1/3 873/1/3 872/1/3
f 875/1/3 873/1/3 874/1/3
f 876/1/3 873/1/3 875/1/3
f 877/2/3 876/2/3 875/2/3
f 878/2/3 876/2/3 877/2/3
f 879/1/3 878/1/3 877/1/3
f 880/1/3 878/1/3 879/1/3
f 881/1/3 878/1/3 880/1/3
f 882/2/3 881/2/3 880/2/3
f 883/2/3 881/2/3 882/2/3
f 884/1/3 883/1/3 882/1/3
f 885/1/3 883/1/3 884/1/3
f 886/1/3 883/1/3 885/1/3
f 887/2/3 886/2/3 885/2/3
f 888/2/3 886/2/3 887/2/3
f 889/1/3 888/1/3 887/1/3
f 890/1/3 888/1/3 889/1/3
f 891/1/3 888/1/3 890/1/3
f 892/1/3 888/1/3 891/1/3
f 893/2/3 892/2/3 891/2/3
f 894/2/3 892/2/3 893/2/3
f 895/1/3 894/1/3 893/1/3
f 896/1/3 894/1/3 895/1/3
f 897/1/3 894/1/3 896/1/3
f 898/2/3 897/2/3 896/2/3
f 899/2/3 897/2/3 898/2/3
f 900/1/3 899/1/3 898/1/3
f 901/1/3 899/1/3 900/1/3
f 902/1/3 899/1/3 901/1/3
f 905/1/3 904/1/3 903/1/3
f 906/1/3 904/1/3 905/1/3
f 907/2/3 906/2/3 905/2/3
f 908/2/3 906/2/3 907/2/3
f 909/1/3 908/1/3 907/1/3
f 910/1/3 908/1/3 909/1/3
f 911/2/3 910/2/3 909/2/3
f 912/2/3 910/2/3 911/2/3
f 913/1/3 912/1/3 911/1/3
f 914/1/3 913/1/3 911/1/3
f 915/1/3 914/1/3 911/1/3
f 916/1/3 914/1/3 915/1/3
f 917/2/3 916/2/3 915/2/3
f 918/2/3 917/2/3 915/2/3
f 919/2/3 917/2/3 918/2/3
f 920/1/3 919/1/3 918/1/3
f 921/1/3 920/1/3 918/1/3
f 922/1/3 920/1/3 921/1/3
f 923/2/3 922/2/3 921/2/3
f 924/2/3 923/2/3 921/2/3
f 925/2/3 924/2/3 921/2/3
f 926/2/3 924/2/3 925/2/3
f 927/1/3 926/1/3 925/1/3
f 928/1/3 926/1/3 927/1/3
f 929/2/3 928/2/3 927/2/3
f 930/2/3 928/2/3 929/2/3
f 931/1/3 930/1/3 929/1/3
f 932/1/3 931/1/3 929/1/3
f 933/1/3 932/1/3 929/1/3
f 934/1/3 932/1/3 933/1/3
f 935/2/3 934/2/3 933/2/3
f 936/2/3 934/2/3 935/2/3
f 937/1/3 936/1/3 935/1/3
f 938/1/3 936/1/3 937/1/3
f 941/3/3 940/3/3 939/3/3
f 942/3/3 940/3/3 941/3/3
f 945/1/3 944/1/3 943/1/3
f 946/1/3 944/1/3 945/1/3
f 947/2/3 946/2/3 945/2/3
f 948/2/3 946/2/3 947/2/3
f 949/1/3 948/1/3 947/1/3
f 950/1/3 948/1/3 949/1/3
f 951/1/3 948/1/3 950/1/3
f 952/1/3 948/1/3 951/1/3
f 953/2/3 952/2/3 951/2/3
f 954/2/3 952/2/3 953/2/3
f 955/1/3 954/1/3 953/1/3
f 956/1/3 954/1/3 955/1/3
f 957/1/3 954/1/3 956/1/3
f 958/2/3 957/2/3 956/2/3
f 959/2/3 957/2/3 958/2/3
f 960/1/3 959/1/3 958/1/3
f 961/1/3 959/1/3 960/1/3
f 962/2/3 961/2/3 960/2/3
f 963/2/3 961/2/3 962/2/3
f 964/1/3 963/1/3 962/1/3
f 965/1/3 963/1/3 964/1/3
f 966/1/3 963/1/3 965/1/3
f 967/1/3 963/1/3 966/1/3
f 968/2/3 967/2/3 966/2/3
f 969/2/3 967/2/3 968/2/3
f 970/1/3 969/1/3 968/1/3
f 971/1/3 969/1/3 970/1/3
f 972/1/3 969/1/3 971/1/3
f 973/2/3 972/2/3 971/2/3
f 974/2/3 972/2/3 973/2/3
f 975/1/3 974/1/3 973/1/3
f 976/1/3 974/1/3 975/1/3
f 977/1/3 974/1/3 976/1/3
f 978/1/3 974/1/3 977/1/3
f 979/2/3 978/2/3 977/2/3
f 980/2/3 978/2/3 979/2/3
f 981/1/3 980/1/3 979/1/3
f 982/1/3 980/1/3 981/1/3
f 983/1/3 980/1/3 982/1/3
f 987/3/3 985/3/3 984/3/3
f 988/3/3 985/3/3 987/3/3
f 992/1/3 987/1/3 986/1/3
f 993/1/3 990/1/3 989/1/3
f 994/1/3 990/1/3 993/1/3
f 995/1/3 990/1/3 994/1/3
f 996/1/3 992/1/3 986/1/3
f 997/1/3 994/1/3 993/1/3
f 998/2/3 995/2/3 994/2/3
f 998/1/3 994/1/3 997/1/3
f 999/2/3 995/2/3 998/2/3
f 1000/1/3 996/1/3 986/1/3
f 1001/1/3 996/1/3 1000/1/3
f 1002/2/3 995/2/3 999/2/3
f 1002/1/3 998/1/3 997/1/3
f 1002/1/3 999/1/3 998/1/3
f 1003/1/3 990/1/3 995/1/3
f 1003/2/3 995/2/3 1002/2/3
f 1004/2/3 1001/2/3 1000/2/3
f 1005/2/3 1001/2/3 1004/2/3
f 1006/1/3 1002/1/3 997/1/3
f 1006/1/3 1003/1/3 1002/1/3
f 1007/1/3 990/1/3 1003/1/3
f 1007/1/3 1003/1/3 1006/1/3
f 1008/1/3 1005/1/3 1004/1/3
f 1009/1/3 1006/1/3 997/1/3
f 1010/2/3 1007/2/3 1006/2/3
f 1011/1/3 990/1/3 1007/1/3
f 1011/2/3 1007/2/3 1010/2/3
f 1012/1/3 1008/1/3 1004/1/3
f 1013/1/3 1008/1/3 1012/1/3
f 1014/1/3 1006/1/3 1009/1/3
f 1015/1/3 1006/1/3 1014/1/3
f 1016/2/3 1010/2/3 1006/2/3
f 1016/1/3 1006/1/3 1015/1/3
f 1017/2/3 1013/2/3 1012/2/3
f 1018/2/3 1013/2/3 1017/2/3
f 1019/1/3 1015/1/3 1014/1/3
f 1019/2/3 1016/2/3 1015/2/3
f 1020/2/3 1010/2/3 1016/2/3
f 1020/2/3 1016/2/3 1019/2/3
f 1021/1/3 1018/1/3 1017/1/3
f 1022/1/3 1019/1/3 1014/1/3
f 1022/1/3 1020/1/3 1019/1/3
f 1023/2/3 1010/2/3 1020/2/3
f 1023/1/3 1020/1/3 1022/1/3
f 1024/1/3 1011/1/3 1010/1/3
f 1024/2/3 1010/2/3 1023/2/3
f 1025/1/3 1021/1/3 1017/1/3
f 1026/1/3 1023/1/3 1022/1/3
f 1026/1/3 1024/1/3 1023/1/3
f 1027/1/3 1024/1/3 1026/1/3
f 1028/1/3 990/1/3 1011/1/3
f 1028/1/3 1024/1/3 1027/1/3
f 1028/1/3 1011/1/3 1024/1/3
f 1029/1/3 1025/1/3 1017/1/3
f 1030/1/3 1027/1/3 1026/1/3
f 1031/2/3 1028/2/3 1027/2/3
f 1032/1/3 990/1/3 1028/1/3
f 1032/2/3 1028/2/3 1031/2/3
f 1033/1/3 1029/1/3 1017/1/3
f 1034/1/3 1029/1/3 1033/1/3
f 1035/1/3 1027/1/3 1030/1/3
f 1036/2/3 1031/2/3 1027/2/3
f 1036/1/3 1027/1/3 1035/1/3
f 1037/2/3 1034/2/3 1033/2/3
f 1038/2/3 1034/2/3 1037/2/3
f 1039/1/3 1035/1/3 1030/1/3
f 1040/2/3 1036/2/3 1035/2/3
f 1040/1/3 1035/1/3 1039/1/3
f 1041/2/3 1031/2/3 1036/2/3
f 1041/2/3 1036/2/3 1040/2/3
f 1042/1/3 1038/1/3 1037/1/3
f 1043/1/3 1038/1/3 1042/1/3
f 1044/2/3 1031/2/3 1041/2/3
f 1044/1/3 1040/1/3 1039/1/3
f 1044/1/3 1041/1/3 1040/1/3
f 1045/1/3 1032/1/3 1031/1/3
f 1045/2/3 1031/2/3 1044/2/3
f 1046/2/3 1043/2/3 1042/2/3
f 1047/2/3 1043/2/3 1046/2/3
f 1048/1/3 1044/1/3 1039/1/3
f 1048/1/3 1045/1/3 1044/1/3
f 1049/1/3 990/1/3 1032/1/3
f 1049/1/3 1045/1/3 1048/1/3
f 1049/1/3 1032/1/3 1045/1/3
f 1050/1/3 1047/1/3 1046/1/3
f 1051/1/3 1047/1/3 1050/1/3
f 1052/1/3 1048/1/3 1039/1/3
f 1053/2/3 1049/2/3 1048/2/3
f 1053/1/3 1048/1/3 1052/1/3
f 1054/2/3 1049/2/3 1053/2/3
f 1055/1/3 990/1/3 1049/1/3
f 1055/2/3 1049/2/3 1054/2/3
f 1056/2/3 1051/2/3 1050/2/3
f 1057/2/3 1051/2/3 1056/2/3
f 1058/1/3 1052/1/3 1039/1/3
f 1059/2/3 1054/2/3 1053/2/3
f 1059/1/3 1052/1/3 1058/1/3
f 1059/2/3 1053/2/3 1052/2/3
f 1060/2/3 1054/2/3 1059/2/3
f 1061/1/3 1059/1/3 1058/1/3
f 1061/2/3 1054/2/3 1060/2/3
f 1061/1/3 1060/1/3 1059/1/3
f 1062/1/3 1055/1/3 1054/1/3
f 1062/2/3 1054/2/3 1061/2/3
f 1063/1/3 1057/1/3 1056/1/3
f 1064/1/3 1061/1/3 1058/1/3
f 1064/1/3 1062/1/3 1061/1/3
f 1065/1/3 1062/1/3 1064/1/3
f 1066/1/3 990/1/3 1055/1/3
f 1066/1/3 1062/1/3 1065/1/3
f 1066/1/3 1055/1/3 1062/1/3
f 1067/1/3 1063/1/3 1056/1/3
f 1068/1/3 1063/1/3 1067/1/3
f 1069/1/3 1065/1/3 1064/1/3
f 1070/2/3 1066/2/3 1065/2/3
f 1070/1/3 1065/1/3 1069/1/3
f 1071/2/3 1066/2/3 1070/2/3
f 1072/1/3 990/1/3 1066/1/3
f 1072/2/3 1066/2/3 1071/2/3
f 1073/2/3 1068/2/3 1067/2/3
f 1074/2/3 1068/2/3 1073/2/3
f 1075/1/3 1069/1/3 1064/1/3
f 1076/2/3 1071/2/3 1070/2/3
f 1076/1/3 1069/1/3 1075/1/3
f 1076/2/3 1070/2/3 1069/2/3
f 1077/2/3 1071/2/3 1076/2/3
f 1078/1/3 1074/1/3 1073/1/3
f 1079/1/3 1074/1/3 1078/1/3
f 1080/1/3 1076/1/3 1075/1/3
f 1080/1/3 1077/1/3 1076/1/3
f 1081/2/3 1071/2/3 1077/2/3
f 1081/1/3 1077/1/3 1080/1/3
f 1082/1/3 1072/1/3 1071/1/3
f 1082/2/3 1071/2/3 1081/2/3
f 1083/1/3 990/1/3 1072/1/3
f 1083/1/3 1072/1/3 1082/1/3
f 1084/2/3 1079/2/3 1078/2/3
f 1085/2/3 1079/2/3 1084/2/3
f 1086/1/3 1080/1/3 1075/1/3
f 1087/2/3 1082/2/3 1081/2/3
f 1087/1/3 1080/1/3 1086/1/3
f 1087/2/3 1081/2/3 1080/2/3
f 1087/2/3 1083/2/3 1082/2/3
f 1088/2/3 1083/2/3 1087/2/3
f 1089/2/3 1083/2/3 1088/2/3
f 1090/1/3 990/1/3 1083/1/3
f 1090/2/3 1083/2/3 1089/2/3
f 1091/2/3 1089/2/3 1088/2/3
f 1091/1/3 1087/1/3 1086/1/3
f 1091/1/3 1088/1/3 1087/1/3
f 1092/1/3 1090/1/3 1089/1/3
f 1092/2/3 1089/2/3 1091/2/3
f 1093/1/3 1085/1/3 1084/1/3
f 1094/1/3 1085/1/3 1093/1/3
f 1095/1/3 1091/1/3 1086/1/3
f 1095/1/3 1092/1/3 1091/1/3
f 1096/1/3 1090/1/3 1092/1/3
f 1096/1/3 1092/1/3 1095/1/3
f 1097/2/3 1094/2/3 1093/2/3
f 1098/2/3 1094/2/3 1097/2/3
f 1099/1/3 1095/1/3 1086/1/3
f 1100/2/3 1096/2/3 1095/2/3
f 1100/1/3 1095/1/3 1099/1/3
f 1101/2/3 1096/2/3 1100/2/3
f 1102/1/3 1090/1/3 1096/1/3
f 1102/2/3 1096/2/3 1101/2/3
f 1103/1/3 990/1/3 1090/1/3
f 1103/1/3 1090/1/3 1102/1/3
f 1104/1/3 1098/1/3 1097/1/3
f 1105/1/3 1098/1/3 1104/1/3
f 1106/1/3 1101/1/3 1100/1/3
f 1106/1/3 1100/1/3 1099/1/3
f 1107/2/3 1102/2/3 1101/2/3
f 1107/2/3 1103/2/3 1102/2/3
f 1108/1/3 990/1/3 1103/1/3
f 1108/2/3 1103/2/3 1107/2/3
f 1109/2/3 1105/2/3 1104/2/3
f 1110/2/3 1105/2/3 1109/2/3
f 1111/2/3 1107/2/3 1101/2/3
f 1111/1/3 1101/1/3 1106/1/3
f 1112/1/3 1108/1/3 1107/1/3
f 1112/2/3 1107/2/3 1111/2/3
f 1113/1/3 1111/1/3 1106/1/3
f 1113/1/3 1112/1/3 1111/1/3
f 1114/3/3 991/3/3 990/3/3
f 1114/1/3 1112/1/3 1113/1/3
f 1114/1/3 990/1/3 1108/1/3
f 1114/1/3 1108/1/3 1112/1/3
f 1115/3/3 991/3/3 1114/3/3
f 1116/1/3 1110/1/3 1109/1/3
f 1117/1/3 1110/1/3 1116/1/3
f 1121/3/3 1119/3/3 1118/3/3
f 1122/3/3 1119/3/3 1121/3/3
f 1123/3/3 1121/3/3 1120/3/3
f 1124/3/3 1121/3/3 1123/3/3
f 1125/3/3 1121/3/3 1124/3/3
f 1126/3/3 1121/3/3 1125/3/3
f 1127/3/3 1121/3/3 1126/3/3
f 1128/3/3 1121/3/3 1127/3/3
f 1129/3/3 1121/3/3 1128/3/3
f 1130/3/3 1121/3/3 1129/3/3
f 1131/3/3 1121/3/3 1130/3/3
f 1132/3/3 1121/3/3 1131/3/3
f 1133/3/3 1121/3/3 1132/3/3
f 1134/3/3 1121/3/3 1133/3/3
f 1135/3/3 1121/3/3 1134/3/3
f 1136/3/3 1121/3/3 1135/3/3
f 1137/3/3 1121/3/3 1136/3/3
f 1138/3/3 1121/3/3 1137/3/3
f 1139/3/3 1121/3/3 1138/3/3
f 1140/3/3 1121/3/3 1139/3/3
f 1141/3/3 1121/3/3 1140/3/3
f 1142/3/3 1121/3/3 1141/3/3
f 1143/3/4 1144/3/4 1146/3/4
f 1146/3/4 1144/3/4 1147/3/4
f 1145/3/4 1146/3/4 1148/3/4
f 1148/3/4 1146/3/4 1149/3/4
f 1149/3/4 1146/3/4 1150/3/4
f 1150/3/4 1146/3/4 1151/3/4
f 1151/3/4 1146/3/4 1152/3/4
f 1152/3/4 1146/3/4 1153/3/4
f 1153/3/4 1146/3/4 1154/3/4
f 1154/3/4 1146/3/4 1155/3/4
f 1155/3/4 1146/3/4 1156/3/4
f 1156/3/4 1146/3/4 1157/3/4
f 1157/3/4 1146/3/4 1158/3/4
f 1158/3/4 1146/3/4 1159/3/4
f 1159/3/4 1146/3/4 1160/3/4
f 1160/3/4 1146/3/4 1161/3/4
f 1161/3/4 1146/3/4 1162/3/4
f 1162/3/4 1146/3/4 1163/3/4
f 1164/3/4 1165/3/4 1167/3/4
f 1167/3/4 1165/3/4 1168/3/4
f 1166/1/4 1167/1/4 1172/1/4
f 1169/1/4 1170/1/4 1173/1/4
f 1173/1/4 1170/1/4 1174/1/4
f 1174/1/4 1170/1/4 1175/1/4
f 1166/1/4 1172/1/4 1176/1/4
f 1173/1/4 1174/1/4 1177/1/4
f 1174/2/4 1175/2/4 1178/2/4
f 1177/1/4 1174/1/4 1178/1/4
f 1178/2/4 1175/2/4 1179/2/4
f 1175/1/4 1170/1/4 1180/1/4
f 1179/2/4 1175/2/4 1180/2/4
f 1180/1/4 1170/1/4 1181/1/4
f 1166/1/4 1176/1/4 1182/1/4
f 1182/1/4 1176/1/4 1183/1/4
f 1179/2/4 1180/2/4 1184/2/4
f 1180/2/4 1181/2/4 1184/2/4
f 1181/1/4 1170/1/4 1185/1/4
f 1184/2/4 1181/2/4 1185/2/4
f 1182/2/4 1183/2/4 1186/2/4
f 1186/2/4 1183/2/4 1187/2/4
f 1178/1/4 1179/1/4 1188/1/4
f 1177/1/4 1178/1/4 1188/1/4
f 1179/2/4 1184/2/4 1189/2/4
f 1188/1/4 1179/1/4 1189/1/4
f 1184/1/4 1185/1/4 1190/1/4
f 1189/2/4 1184/2/4 1190/2/4
f 1186/1/4 1187/1/4 1191/1/4
f 1188/1/4 1189/1/4 1192/1/4
f 1189/1/4 1190/1/4 1192/1/4
f 1192/1/4 1190/1/4 1193/1/4
f 1190/1/4 1185/1/4 1194/1/4
f 1193/1/4 1190/1/4 1194/1/4
f 1186/1/4 1191/1/4 1195/1/4
f 1195/1/4 1191/1/4 1196/1/4
f 1192/1/4 1193/1/4 1197/1/4
f 1193/2/4 1194/2/4 1198/2/4
f 1197/1/4 1193/1/4 1198/1/4
f 1198/2/4 1194/2/4 1199/2/4
f 1194/1/4 1185/1/4 1200/1/4
f 1199/2/4 1194/2/4 1200/2/4
f 1185/1/4 1170/1/4 1201/1/4
f 1200/1/4 1185/1/4 1201/1/4
f 1195/2/4 1196/2/4 1202/2/4
f 1198/1/4 1199/1/4 1203/1/4
f 1197/1/4 1198/1/4 1203/1/4
f 1199/2/4 1200/2/4 1204/2/4
f 1203/1/4 1199/1/4 1204/1/4
f 1200/2/4 1201/2/4 1204/2/4
f 1201/1/4 1170/1/4 1205/1/4
f 1204/2/4 1201/2/4 1205/2/4
f 1203/1/4 1204/1/4 1206/1/4
f 1204/1/4 1205/1/4 1206/1/4
f 1206/1/4 1205/1/4 1207/1/4
f 1195/2/4 1202/2/4 1208/2/4
f 1208/2/4 1202/2/4 1209/2/4
f 1203/1/4 1206/1/4 1210/1/4
f 1206/2/4 1207/2/4 1211/2/4
f 1210/1/4 1206/1/4 1211/1/4
f 1211/2/4 1207/2/4 1212/2/4
f 1208/1/4 1209/1/4 1213/1/4
f 1213/1/4 1209/1/4 1214/1/4
f 1210/1/4 1211/1/4 1215/1/4
f 1211/1/4 1212/1/4 1215/1/4
f 1215/1/4 1212/1/4 1216/1/4
f 1212/2/4 1207/2/4 1217/2/4
f 1216/1/4 1212/1/4 1217/1/4
f 1213/2/4 1214/2/4 1218/2/4
f 1215/1/4 1216/1/4 1219/1/4
f 1207/1/4 1205/1/4 1220/1/4
f 1217/2/4 1207/2/4 1220/2/4
f 1216/2/4 1217/2/4 1220/2/4
f 1205/1/4 1170/1/4 1221/1/4
f 1220/1/4 1205/1/4 1221/1/4
f 1213/2/4 1218/2/4 1222/2/4
f 1222/2/4 1218/2/4 1223/2/4
f 1219/1/4 1216/1/4 1224/1/4
f 1216/2/4 1220/2/4 1225/2/4
f 1224/1/4 1216/1/4 1225/1/4
f 1220/2/4 1221/2/4 1225/2/4
f 1225/2/4 1221/2/4 1226/2/4
f 1226/2/4 1221/2/4 1227/2/4
f 1221/1/4 1170/1/4 1228/1/4
f 1227/2/4 1221/2/4 1228/2/4
f 1222/1/4 1223/1/4 1229/1/4
f 1229/1/4 1223/1/4 1230/1/4
f 1224/1/4 1225/1/4 1231/1/4
f 1225/1/4 1226/1/4 1231/1/4
f 1226/2/4 1227/2/4 1232/2/4
f 1231/1/4 1226/1/4 1232/1/4
f 1227/1/4 1228/1/4 1233/1/4
f 1232/2/4 1227/2/4 1233/2/4
f 1229/2/4 1230/2/4 1234/2/4
f 1234/2/4 1230/2/4 1235/2/4
f 1231/1/4 1232/1/4 1236/1/4
f 1232/1/4 1233/1/4 1236/1/4
f 1233/1/4 1228/1/4 1237/1/4
f 1236/1/4 1233/1/4 1237/1/4
f 1234/1/4 1235/1/4 1238/1/4
f 1238/1/4 1235/1/4 1239/1/4
f 1231/1/4 1236/1/4 1240/1/4
f 1236/2/4 1237/2/4 1241/2/4
f 1240/1/4 1236/1/4 1241/1/4
f 1241/2/4 1237/2/4 1242/2/4
f 1237/1/4 1228/1/4 1243/1/4
f 1242/2/4 1237/2/4 1243/2/4
f 1228/1/4 1170/1/4 1244/1/4
f 1243/1/4 1228/1/4 1244/1/4
f 1238/2/4 1239/2/4 1245/2/4
f 1245/2/4 1239/2/4 1246/2/4
f 1242/2/4 1243/2/4 1247/2/4
f 1243/2/4 1244/2/4 1247/2/4
f 1244/1/4 1170/1/4 1248/1/4
f 1247/2/4 1244/2/4 1248/2/4
f 1242/2/4 1247/2/4 1249/2/4
f 1247/1/4 1248/1/4 1249/1/4
f 1248/1/4 1170/1/4 1250/1/4
f 1249/1/4 1248/1/4 1250/1/4
f 1245/1/4 1246/1/4 1251/1/4
f 1241/1/4 1242/1/4 1252/1/4
f 1240/1/4 1241/1/4 1252/1/4
f 1252/1/4 1242/1/4 1253/1/4
f 1242/2/4 1249/2/4 1254/2/4
f 1253/1/4 1242/1/4 1254/1/4
f 1249/2/4 1250/2/4 1254/2/4
f 1254/2/4 1250/2/4 1255/2/4
f 1250/1/4 1170/1/4 1256/1/4
f 1255/2/4 1250/2/4 1256/2/4
f 1245/1/4 1251/1/4 1257/1/4
f 1257/1/4 1251/1/4 1258/1/4
f 1252/1/4 1253/1/4 1259/1/4
f 1254/2/4 1255/2/4 1260/2/4
f 1259/1/4 1253/1/4 1260/1/4
f 1253/2/4 1254/2/4 1260/2/4
f 1260/2/4 1255/2/4 1261/2/4
f 1257/2/4 1258/2/4 1262/2/4
f 1259/1/4 1260/1/4 1263/1/4
f 1260/1/4 1261/1/4 1263/1/4
f 1261/2/4 1255/2/4 1264/2/4
f 1263/1/4 1261/1/4 1264/1/4
f 1255/1/4 1256/1/4 1265/1/4
f 1264/2/4 1255/2/4 1265/2/4
f 1257/2/4 1262/2/4 1266/2/4
f 1266/2/4 1262/2/4 1267/2/4
f 1263/1/4 1264/1/4 1268/1/4
f 1264/1/4 1265/1/4 1268/1/4
f 1268/1/4 1265/1/4 1269/1/4
f 1256/1/4 1170/1/4 1270/1/4
f 1269/1/4 1265/1/4 1270/1/4
f 1265/1/4 1256/1/4 1270/1/4
f 1266/1/4 1267/1/4 1271/1/4
f 1268/1/4 1269/1/4 1272/1/4
f 1266/1/4 1271/1/4 1273/1/4
f 1273/1/4 1271/1/4 1274/1/4
f 1272/1/4 1269/1/4 1275/1/4
f 1275/1/4 1269/1/4 1276/1/4
f 1269/2/4 1270/2/4 1277/2/4
f 1276/1/4 1269/1/4 1277/1/4
f 1277/2/4 1270/2/4 1278/2/4
f 1270/1/4 1170/1/4 1279/1/4
f 1278/2/4 1270/2/4 1279/2/4
f 1273/2/4 1274/2/4 1280/2/4
f 1280/2/4 1274/2/4 1281/2/4
f 1277/2/4 1278/2/4 1282/2/4
f 1275/1/4 1276/1/4 1282/1/4
f 1276/2/4 1277/2/4 1282/2/4
f 1278/1/4 1279/1/4 1283/1/4
f 1282/2/4 1278/2/4 1283/2/4
f 1280/1/4 1281/1/4 1284/1/4
f 1275/1/4 1282/1/4 1285/1/4
f 1282/1/4 1283/1/4 1285/1/4
f 1285/1/4 1283/1/4 1286/1/4
f 1283/1/4 1279/1/4 1287/1/4
f 1286/1/4 1283/1/4 1287/1/4
f 1280/1/4 1284/1/4 1288/1/4
f 1285/1/4 1286/1/4 1289/1/4
f 1286/2/4 1287/2/4 1290/2/4
f 1289/1/4 1286/1/4 1290/1/4
f 1287/1/4 1279/1/4 1291/1/4
f 1290/2/4 1287/2/4 1291/2/4
f 1289/1/4 1290/1/4 1292/1/4
f 1290/1/4 1291/1/4 1292/1/4
f 1170/3/4 1171/3/4 1293/3/4
f 1292/1/4 1291/1/4 1293/1/4
f 1279/1/4 1170/1/4 1293/1/4
f 1291/1/4 1279/1/4 1293/1/4
f 1293/3/4 1171/3/4 1294/3/4
f 1280/1/4 1288/1/4 1295/1/4
f 1295/1/4 1288/1/4 1296/1/4
f 1297/3/4 1298/3/4 1299/3/4
f 1299/3/4 1298/3/4 1300/3/4
f 1301/1/4 1302/1/4 1303/1/4
f 1303/1/4 1302/1/4 1304/1/4
f 1303/2/4 1304/2/4 1305/2/4
f 1305/2/4 1304/2/4 1306/2/4
f 1305/1/4 1306/1/4 1307/1/4
f 1307/1/4 1306/1/4 1308/1/4
f 1307/2/4 1308/2/4 1309/2/4
f 1309/2/4 1308/2/4 1310/2/4
f 1309/1/4 1310/1/4 1311/1/4
f 1311/1/4 1310/1/4 1312/1/4
f 1311/2/4 1312/2/4 1313/2/4
f 1313/2/4 1312/2/4 1314/2/4
f 1313/1/4 1314/1/4 1315/1/4
f 1315/1/4 1314/1/4 1316/1/4
f 1316/1/4 1314/1/4 1317/1/4
f 1316/2/4 1317/2/4 1318/2/4
f 1318/2/4 1317/2/4 1319/2/4
f 1318/1/4 1319/1/4 1320/1/4
f 1320/1/4 1319/1/4 1321/1/4
f 1320/2/4 1321/2/4 1322/2/4
f 1322/2/4 1321/2/4 1323/2/4
f 1322/1/4 1323/1/4 1324/1/4
f 1324/1/4 1323/1/4 1325/1/4
f 1325/1/4 1323/1/4 1326/1/4
f 1325/2/4 1326/2/4 1327/2/4
f 1327/2/4 1326/2/4 1328/2/4
f 1327/1/4 1328/1/4 1329/1/4
f 1329/1/4 1328/1/4 1330/1/4
f 1330/1/4 1328/1/4 1331/1/4
f 1330/2/4 1331/2/4 1332/2/4
f 1332/2/4 1331/2/4 1333/2/4
f 1332/1/4 1333/1/4 1334/1/4
f 1334/1/4 1333/1/4 1335/1/4
f 1334/2/4 1335/2/4 1336/2/4
f 1336/2/4 1335/2/4 1337/2/4
f 1336/1/4 1337/1/4 1338/1/4
f 1338/1/4 1337/1/4 1339/1/4
f 1338/2/4 1339/2/4 1340/2/4
f 1340/2/4 1339/2/4 1341/2/4
f 1340/1/4 1341/1/4 1342/1/4
f 1342/1/4 1341/1/4 1343/1/4
f 1343/1/4 1341/1/4 1344/1/4
f 1343/2/4 1344/2/4 1345/2/4
f 1345/2/4 1344/2/4 1346/2/4
f 1345/1/4 1346/1/4 1347/1/4
f 1347/1/4 1346/1/4 1348/1/4
f 1349/1/4 1350/1/4 1351/1/4
f 1351/1/4 1350/1/4 1352/1/4
f 1351/2/4 1352/2/4 1353/2/4
f 1353/2/4 1352/2/4 1354/2/4
f 1353/1/4 1354/1/4 1355/1/4
f 1353/1/4 1355/1/4 1356/1/4
f 1353/1/4 1356/1/4 1357/1/4
f 1357/1/4 1356/1/4 1358/1/4
f 1357/2/4 1358/2/4 1359/2/4
f 1359/2/4 1358/2/4 1360/2/4
f 1359/1/4 1360/1/4 1361/1/4
f 1361/1/4 1360/1/4 1362/1/4
f 1361/2/4 1362/2/4 1363/2/4
f 1363/2/4 1362/2/4 1364/2/4
f 1363/1/4 1364/1/4 1365/1/4
f 1365/1/4 1364/1/4 1366/1/4
f 1365/2/4 1366/2/4 1367/2/4
f 1367/2/4 1366/2/4 1368/2/4
f 1367/1/4 1368/1/4 1369/1/4
f 1367/1/4 1369/1/4 1370/1/4
f 1370/1/4 1369/1/4 1371/1/4
f 1370/2/4 1371/2/4 1372/2/4
f 1372/2/4 1371/2/4 1373/2/4
f 1372/1/4 1373/1/4 1374/1/4
f 1372/1/4 1374/1/4 1375/1/4
f 1375/1/4 1374/1/4 1376/1/4
f 1375/2/4 1376/2/4 1377/2/4
f 1377/2/4 1376/2/4 1378/2/4
f 1377/1/4 1378/1/4 1379/1/4
f 1379/1/4 1378/1/4 1380/1/4
f 1379/2/4 1380/2/4 1381/2/4
f 1379/2/4 1381/2/4 1382/2/4
f 1382/2/4 1381/2/4 1383/2/4
f 1382/1/4 1383/1/4 1384/1/4
f 1384/1/4 1383/1/4 1385/1/4
f 1384/2/4 1385/2/4 1386/2/4
f 1386/2/4 1385/2/4 1387/2/4
f 1386/1/4 1387/1/4 1388/1/4
f 1388/1/4 1387/1/4 1389/1/4
f 1388/2/4 1389/2/4 1390/2/4
f 1390/2/4 1389/2/4 1391/2/4
f 1392/3/4 1393/3/4 1394/3/4
f 1394/3/4 1393/3/4 1395/3/4
f 1396/1/4 1397/1/4 1398/1/4
f 1398/1/4 1397/1/4 1399/1/4
f 1399/1/4 1397/1/4 1400/1/4
f 1399/2/4 1400/2/4 1401/2/4
f 1401/2/4 1400/2/4 1402/2/4
f 1401/1/4 1402/1/4 1403/1/4
f 1403/1/4 1402/1/4 1404/1/4
f 1404/1/4 1402/1/4 1405/1/4
f 1405/1/4 1402/1/4 1406/1/4
f 1405/2/4 1406/2/4 1407/2/4
f 1407/2/4 1406/2/4 1408/2/4
f 1407/1/4 1408/1/4 1409/1/4
f 1409/1/4 1408/1/4 1410/1/4
f 1410/1/4 1408/1/4 1411/1/4
f 1411/1/4 1408/1/4 1412/1/4
f 1411/2/4 1412/2/4 1413/2/4
f 1413/2/4 1412/2/4 1414/2/4
f 1413/1/4 1414/1/4 1415/1/4
f 1415/1/4 1414/1/4 1416/1/4
f 1416/1/4 1414/1/4 1417/1/4
f 1417/1/4 1414/1/4 1418/1/4
f 1417/2/4 1418/2/4 1419/2/4
f 1419/2/4 1418/2/4 1420/2/4
f 1419/1/4 1420/1/4 1421/1/4
f 1421/1/4 1420/1/4 1422/1/4
f 1422/1/4 1420/1/4 1423/1/4
f 1423/1/4 1420/1/4 1424/1/4
f 1423/2/4 1424/2/4 1425/2/4
f 1425/2/4 1424/2/4 1426/2/4
f 1425/1/4 1426/1/4 1427/1/4
f 1427/1/4 1426/1/4 1428/1/4
f 1428/1/4 1426/1/4 1429/1/4
f 1428/2/4 1429/2/4 1430/2/4
f 1430/2/4 1429/2/4 1431/2/4
f 1430/1/4 1431/1/4 1432/1/4
f 1432/1/4 1431/1/4 1433/1/4
f 1434/1/4 1435/1/4 1436/1/4
f 1436/1/4 1435/1/4 1437/1/4
f 1436/2/4 1437/2/4 1438/2/4
f 1436/2/4 1438/2/4 1439/2/4
f 1439/2/4 1438/2/4 1440/2/4
f 1439/1/4 1440/1/4 1441/1/4
f 1439/1/4 1441/1/4 1442/1/4
f 1442/1/4 1441/1/4 1443/1/4
f 1442/2/4 1443/2/4 1444/2/4
f 1442/2/4 1444/2/4 1445/2/4
f 1445/2/4 1444/2/4 1446/2/4
f 1445/1/4 1446/1/4 1447/1/4
f 1447/1/4 1446/1/4 1448/1/4
f 1447/2/4 1448/2/4 1449/2/4
f 1447/2/4 1449/2/4 1450/2/4
f 1447/2/4 1450/2/4 1451/2/4
f 1451/2/4 1450/2/4 1452/2/4
f 1451/1/4 1452/1/4 1453/1/4
f 1451/1/4 1453/1/4 1454/1/4
f 1451/1/4 1454/1/4 1455/1/4
f 1455/1/4 1454/1/4 1456/1/4
f 1455/2/4 1456/2/4 1457/2/4
f 1457/2/4 1456/2/4 1458/2/4
f 1457/1/4 1458/1/4 1459/1/4
f 1457/1/4 1459/1/4 1460/1/4
f 1460/1/4 1459/1/4 1461/1/4
f 1460/2/4 1461/2/4 1462/2/4
f 1460/2/4 1462/2/4 1463/2/4
f 1463/2/4 1462/2/4 1464/2/4
f 1463/1/4 1464/1/4 1465/1/4
f 1465/1/4 1464/1/4 1466/1/4
f 1467/3/4 1468/3/4 1469/3/4
f 1469/3/4 1468/3/4 1470/3/4
f 1471/1/4 1472/1/4 1473/1/4
f 1473/1/4 1472/1/4 1474/1/4
f 1473/2/4 1474/2/4 1475/2/4
f 1475/2/4 1474/2/4 1476/2/4
f 1475/1/4 1476/1/4 1477/1/4
f 1477/1/4 1476/1/4 1478/1/4
f 1477/2/4 1478/2/4 1479/2/4
f 1479/2/4 1478/2/4 1480/2/4
f 1479/1/4 1480/1/4 1481/1/4
f 1481/1/4 1480/1/4 1482/1/4
f 1481/2/4 1482/2/4 1483/2/4
f 1483/2/4 1482/2/4 1484/2/4
f 1483/1/4 1484/1/4 1485/1/4
f 1485/1/4 1484/1/4 1486/1/4
f 1485/2/4 1486/2/4 1487/2/4
f 1487/2/4 1486/2/4 1488/2/4
f 1487/1/4 1488/1/4 1489/1/4
f 1489/1/4 1488/1/4 1490/1/4
f 1489/2/4 1490/2/4 1491/2/4
f 1491/2/4 1490/2/4 1492/2/4
f 1491/1/4 1492/1/4 1493/1/4
f 1493/1/4 1492/1/4 1494/1/4
f 1493/2/4 1494/2/4 1495/2/4
f 1495/2/4 1494/2/4 1496/2/4
f 1495/1/4 1496/1/4 1497/1/4
f 1497/1/4 1496/1/4 1498/1/4
f 1499/1/4 1500/1/4 1501/1/4
f 1499/1/4 1501/1/4 1502/1/4
f 1499/1/4 1502/1/4 1503/1/4
f 1499/1/4 1503/1/4 1504/1/4
f 1499/1/4 1504/1/4 1505/1/4
f 1499/1/4 1505/1/4 1506/1/4
f 1499/1/4 1506/1/4 1507/1/4
f 1499/1/4 1507/1/4 1508/1/4
f 1499/1/4 1508/1/4 1509/1/4
f 1499/1/4 1509/1/4 1510/1/4
f 1499/1/4 1510/1/4 1511/1/4
f 1499/1/4 1511/1/4 1512/1/4
f 1499/1/4 1512/1/4 1513/1/4
f 1513/1/4 1512/1/4 1514/1/4
f 1515/3/4 1516/3/4 1517/3/4
f 1515/3/4 1517/3/4 1518/3/4
f 1515/3/4 1518/3/4 1519/3/4
f 1515/3/4 1519/3/4 1520/3/4
f 1515/3/4 1520/3/4 1521/3/4
f 1515/3/4 1521/3/4 1522/3/4
f 1515/3/4 1522/3/4 1523/3/4
f 1515/3/4 1523/3/4 1524/3/4
f 1515/3/4 1524/3/4 1525/3/4
f 1515/3/4 1525/3/4 1526/3/4
f 1515/3/4 1526/3/4 1527/3/4
f 1515/3/4 1527/3/4 1528/3/4
f 1515/3/4 1528/3/4 1529/3/4
f 1529/3/4 1528/3/4 1530/3/4
f 1531/1/4 1532/1/4 1533/1/4
f 1533/1/4 1532/1/4 1534/1/4
f 1533/2/4 1534/2/4 1535/2/4
f 1533/2/4 1535/2/4 1536/2/4
f 1536/2/4 1535/2/4 1537/2/4
f 1536/1/4 1537/1/4 1538/1/4
f 1538/1/4 1537/1/4 1539/1/4
f 1538/2/4 1539/2/4 1540/2/4
f 1538/2/4 1540/2/4 1541/2/4
f 1538/2/4 1541/2/4 1542/2/4
f 1542/2/4 1541/2/4 1543/2/4
f 1542/1/4 1543/1/4 1544/1/4
f 1544/1/4 1543/1/4 1545/1/4
f 1544/2/4 1545/2/4 1546/2/4
f 1544/2/4 1546/2/4 1547/2/4
f 1547/2/4 1546/2/4 1548/2/4
f 1547/1/4 1548/1/4 1549/1/4
f 1549/1/4 1548/1/4 1550/1/4
f 1549/2/4 1550/2/4 1551/2/4
f 1549/2/4 1551/2/4 1552/2/4
f 1552/2/4 1551/2/4 1553/2/4
f 1552/1/4 1553/1/4 1554/1/4
f 1554/1/4 1553/1/4 1555/1/4
f 1554/2/4 1555/2/4 1556/2/4
f 1554/2/4 1556/2/4 1557/2/4
f 1554/2/4 1557/2/4 1558/2/4
f 1558/2/4 1557/2/4 1559/2/4
f 1558/1/4 1559/1/4 1560/1/4
f 1560/1/4 1559/1/4 1561/1/4
f 1560/2/4 1561/2/4 1562/2/4
f 1560/2/4 1562/2/4 1563/2/4
f 1563/2/4 1562/2/4 1564/2/4
f 1563/1/4 1564/1/4 1565/1/4
f 1565/1/4 1564/1/4 1566/1/4
f 1567/3/4 1568/3/4 1569/3/4
f 1567/3/4 1569/3/4 1570/3/4
f 1567/3/4 1570/3/4 1571/3/4
f 1567/3/4 1571/3/4 1572/3/4
f 1567/3/4 1572/3/4 1573/3/4
f 1567/3/4 1573/3/4 1574/3/4
f 1567/3/4 1574/3/4 1575/3/4
f 1567/3/4 1575/3/4 1576/3/4
f 1567/3/4 1576/3/4 1577/3/4
f 1567/3/4 1577/3/4 1578/3/4
f 1567/3/4 1578/3/4 1579/3/4
f 1567/3/4 1579/3/4 1580/3/4
f 1567/3/4 1580/3/4 1581/3/4
f 1567/3/4 1581/3/4 1582/3/4
f 1567/3/4 1582/3/4 1583/3/4
f 1583/3/4 1582/3/4 1584/3/4
f 1585/1/4 1586/1/4 1587/1/4
f 1587/1/4 1586/1/4 1588/1/4
f 1587/2/4 1588/2/4 1589/2/4
f 1587/2/4 1589/2/4 1590/2/4
f 1590/2/4 1589/2/4 1591/2/4
f 1590/1/4 1591/1/4 1592/1/4
f 1592/1/4 1591/1/4 1593/1/4
f 1592/2/4 1593/2/4 1594/2/4
f 1592/2/4 1594/2/4 1595/2/4
f 1595/2/4 1594/2/4 1596/2/4
f 1595/1/4 1596/1/4 1597/1/4
f 1597/1/4 1596/1/4 1598/1/4
f 1597/2/4 1598/2/4 1599/2/4
f 1597/2/4 1599/2/4 1600/2/4
f 1597/2/4 1600/2/4 1601/2/4
f 1597/2/4 1601/2/4 1602/2/4
f 1597/2/4 1602/2/4 1603/2/4
f 1603/2/4 1602/2/4 1604/2/4
f 1603/1/4 1604/1/4 1605/1/4
f 1605/1/4 1604/1/4 1606/1/4
f 1605/2/4 1606/2/4 1607/2/4
f 1605/2/4 1607/2/4 1608/2/4
f 1605/2/4 1608/2/4 1609/2/4
f 1609/2/4 1608/2/4 1610/2/4
f 1609/1/4 1610/1/4 1611/1/4
f 1611/1/4 1610/1/4 1612/1/4
f 1611/2/4 1612/2/4 1613/2/4
f 1611/2/4 1613/2/4 1614/2/4
f 1614/2/4 1613/2/4 1615/2/4
f 1614/1/4 1615/1/4 1616/1/4
f 1616/1/4 1615/1/4 1617/1/4
f 1616/2/4 1617/2/4 1618/2/4
f 1616/2/4 1618/2/4 1619/2/4
f 1616/2/4 1619/2/4 1620/2/4
f 1620/2/4 1619/2/4 1621/2/4
f 1620/1/4 1621/1/4 1622/1/4
f 1622/1/4 1621/1/4 1623/1/4
f 1624/3/4 1625/3/4 1626/3/4
f 1627/1/4 1628/1/4 1629/1/4
f 1629/1/4 1628/1/4 1630/1/4
f 1629/2/4 1630/2/4 1631/2/4
f 1631/2/4 1630/2/4 1632/2/4
f 1624/3/4 1626/3/4 1633/3/4
f 1631/1/4 1632/1/4 1634/1/4
f 1624/3/4 1633/3/4 1635/3/4
f 1634/1/4 1632/1/4 1636/1/4
f 1636/1/4 1632/1/4 1637/1/4
f 1637/1/4 1632/1/4 1638/1/4
f 1624/3/4 1635/3/4 1639/3/4
f 1637/2/4 1638/2/4 1640/2/4
f 1640/2/4 1638/2/4 1641/2/4
f 1624/3/4 1639/3/4 1642/3/4
f 1640/1/4 1641/1/4 1643/1/4
f 1643/1/4 1641/1/4 1644/1/4
f 1644/1/4 1641/1/4 1645/1/4
f 1644/2/4 1645/2/4 1646/2/4
f 1646/2/4 1645/2/4 1647/2/4
f 1646/1/4 1647/1/4 1648/1/4
f 1648/1/4 1647/1/4 1649/1/4
f 1624/3/4 1642/3/4 1650/3/4
f 1648/2/4 1649/2/4 1651/2/4
f 1624/3/4 1650/3/4 1652/3/4
f 1651/2/4 1649/2/4 1653/2/4
f 1653/2/4 1649/2/4 1654/2/4
f 1624/3/4 1652/3/4 1655/3/4
f 1653/1/4 1654/1/4 1656/1/4
f 1624/3/4 1655/3/4 1657/3/4
f 1656/1/4 1654/1/4 1658/1/4
f 1624/3/4 1657/3/4 1659/3/4
f 1658/1/4 1654/1/4 1660/1/4
f 1624/3/4 1659/3/4 1661/3/4
f 1660/1/4 1654/1/4 1662/1/4
f 1662/1/4 1654/1/4 1663/1/4
f 1662/2/4 1663/2/4 1664/2/4
f 1664/2/4 1663/2/4 1665/2/4
f 1624/3/4 1661/3/4 1666/3/4
f 1664/1/4 1665/1/4 1667/1/4
f 1624/3/4 1666/3/4 1668/3/4
f 1667/1/4 1665/1/4 1669/1/4
f 1669/1/4 1665/1/4 1670/1/4
f 1624/3/4 1668/3/4 1671/3/4
f 1669/2/4 1670/2/4 1672/2/4
f 1624/3/4 1671/3/4 1673/3/4
f 1672/2/4 1670/2/4 1674/2/4
f 1674/2/4 1670/2/4 1675/2/4
f 1624/3/4 1673/3/4 1676/3/4
f 1674/1/4 1675/1/4 1677/1/4
f 1624/3/4 1676/3/4 1678/3/4
f 1677/1/4 1675/1/4 1679/1/4
f 1679/1/4 1675/1/4 1680/1/4
f 1624/3/4 1678/3/4 1681/3/4
f 1679/2/4 1680/2/4 1682/2/4
f 1682/2/4 1680/2/4 1683/2/4
f 1624/3/4 1681/3/4 1684/3/4
f 1682/1/4 1683/1/4 1685/1/4
f 1624/3/4 1684/3/4 1686/3/4
f 1685/1/4 1683/1/4 1687/1/4
f 1687/1/4 1683/1/4 1688/1/4
f 1624/3/4 1686/3/4 1689/3/4
f 1689/3/4 1686/3/4 1690/3/4
f 1691/3/4 1692/3/4 1693/3/4
f 1693/3/4 1692/3/4 1694/3/4
f 1693/1/4 1694/1/4 1695/1/4
f 1695/1/4 1694/1/4 1696/1/4
f 1695/2/4 1696/2/4 1697/2/4
f 1697/2/4 1696/2/4 1698/2/4
f 1697/1/4 1698/1/4 1699/1/4
f 1699/1/4 1698/1/4 1700/1/4
f 1699/2/4 1700/2/4 1701/2/4
f 1701/2/4 1700/2/4 1702/2/4
f 1701/1/4 1702/1/4 1703/1/4
f 1703/1/4 1702/1/4 1704/1/4
f 1703/2/4 1704/2/4 1705/2/4
f 1705/2/4 1704/2/4 1706/2/4
f 1705/1/4 1706/1/4 1707/1/4
f 1707/1/4 1706/1/4 1708/1/4
f 1707/2/4 1708/2/4 1709/2/4
f 1709/2/4 1708/2/4 1710/2/4
f 1709/1/4 1710/1/4 1711/1/4
f 1711/1/4 1710/1/4 1712/1/4
f 1711/2/4 1712/2/4 1713/2/4
f 1713/2/4 1712/2/4 1714/2/4
f 1713/1/4 1714/1/4 1715/1/4
f 1715/1/4 1714/1/4 1716/1/4
f 1715/2/4 1716/2/4 1717/2/4
f 1717/2/4 1716/2/4 1718/2/4
f 1717/1/4 1718/1/4 1719/1/4
f 1719/1/4 1718/1/4 1720/1/4
f 1719/2/4 1720/2/4 1721/2/4
f 1721/2/4 1720/2/4 1722/2/4
f 1721/1/4 1722/1/4 1723/1/4
f 1723/1/4 1722/1/4 1724/1/4
f 1723/2/4 1724/2/4 1725/2/4
f 1725/2/4 1724/2/4 1726/2/4
f 1725/1/4 1726/1/4 1727/1/4
f 1727/1/4 1726/1/4 1728/1/4
f 1727/2/4 1728/2/4 1729/2/4
f 1729/2/4 1728/2/4 1730/2/4
f 1729/1/4 1730/1/4 1731/1/4
f 1731/1/4 1730/1/4 1732/1/4
f 1731/3/4 1732/3/4 1733/3/4
f 1733/3/4 1732/3/4 1734/3/4
f 1735/3/4 1736/3/4 1737/3/4
f 1737/3/4 1736/3/4 1738/3/4
f 1737/1/4 1738/1/4 1739/1/4
f 1739/1/4 1738/1/4 1740/1/4
f 1737/1/4 1739/1/4 1741/1/4
f 1739/2/4 1740/2/4 1741/2/4
f 1740/1/4 1738/1/4 1742/1/4
f 1741/2/4 1740/2/4 1742/2/4
f 1737/1/4 1741/1/4 1743/1/4
f 1741/1/4 1742/1/4 1743/1/4
f 1742/1/4 1738/1/4 1744/1/4
f 1743/1/4 1742/1/4 1744/1/4
f 1737/1/4 1743/1/4 1745/1/4
f 1743/2/4 1744/2/4 1746/2/4
f 1745/1/4 1743/1/4 1746/1/4
f 1737/1/4 1745/1/4 1747/1/4
f 1745/2/4 1746/2/4 1747/2/4
f 1746/2/4 1744/2/4 1748/2/4
f 1747/2/4 1746/2/4 1748/2/4
f 1744/1/4 1738/1/4 1749/1/4
f 1748/2/4 1744/2/4 1749/2/4
f 1749/1/4 1738/1/4 1750/1/4
f 1747/1/4 1748/1/4 1751/1/4
f 1737/1/4 1747/1/4 1751/1/4
f 1749/2/4 1750/2/4 1752/2/4
f 1751/1/4 1748/1/4 1752/1/4
f 1748/2/4 1749/2/4 1752/2/4
f 1752/2/4 1750/2/4 1753/2/4
f 1750/1/4 1738/1/4 1754/1/4
f 1753/2/4 1750/2/4 1754/2/4
f 1752/2/4 1753/2/4 1755/2/4
f 1737/1/4 1751/1/4 1755/1/4
f 1751/2/4 1752/2/4 1755/2/4
f 1755/2/4 1753/2/4 1756/2/4
f 1753/1/4 1754/1/4 1757/1/4
f 1756/2/4 1753/2/4 1757/2/4
f 1754/1/4 1738/1/4 1758/1/4
f 1757/1/4 1754/1/4 1758/1/4
f 1755/1/4 1756/1/4 1759/1/4
f 1737/1/4 1755/1/4 1759/1/4
f 1756/2/4 1757/2/4 1760/2/4
f 1759/1/4 1756/1/4 1760/1/4
f 1757/2/4 1758/2/4 1760/2/4
f 1760/2/4 1758/2/4 1761/2/4
f 1758/1/4 1738/1/4 1762/1/4
f 1761/2/4 1758/2/4 1762/2/4
f 1737/1/4 1759/1/4 1763/1/4
f 1760/2/4 1761/2/4 1763/2/4
f 1759/2/4 1760/2/4 1763/2/4
f 1761/1/4 1762/1/4 1764/1/4
f 1763/2/4 1761/2/4 1764/2/4
f 1763/1/4 1764/1/4 1765/1/4
f 1762/1/4 1738/1/4 1766/1/4
f 1765/1/4 1764/1/4 1766/1/4
f 1764/1/4 1762/1/4 1766/1/4
f 1765/2/4 1766/2/4 1767/2/4
f 1766/1/4 1738/1/4 1768/1/4
f 1767/2/4 1766/2/4 1768/2/4
f 1765/2/4 1767/2/4 1769/2/4
f 1767/1/4 1768/1/4 1769/1/4
f 1768/1/4 1738/1/4 1770/1/4
f 1769/1/4 1768/1/4 1770/1/4
f 1765/2/4 1769/2/4 1771/2/4
f 1769/2/4 1770/2/4 1771/2/4
f 1770/1/4 1738/1/4 1772/1/4
f 1771/2/4 1770/2/4 1772/2/4
f 1763/1/4 1765/1/4 1773/1/4
f 1737/1/4 1763/1/4 1773/1/4
f 1765/2/4 1771/2/4 1774/2/4
f 1773/1/4 1765/1/4 1774/1/4
f 1737/1/4 1773/1/4 1775/1/4
f 1773/2/4 1774/2/4 1775/2/4
f 1774/2/4 1771/2/4 1776/2/4
f 1775/2/4 1774/2/4 1776/2/4
f 1775/1/4 1776/1/4 1777/1/4
f 1776/2/4 1771/2/4 1777/2/4
f 1771/1/4 1772/1/4 1778/1/4
f 1777/2/4 1771/2/4 1778/2/4
f 1775/1/4 1777/1/4 1779/1/4
f 1777/1/4 1778/1/4 1779/1/4
f 1778/1/4 1772/1/4 1780/1/4
f 1779/1/4 1778/1/4 1780/1/4
f 1779/2/4 1780/2/4 1781/2/4
f 1780/1/4 1772/1/4 1781/1/4
f 1772/1/4 1738/1/4 1782/1/4
f 1781/1/4 1772/1/4 1782/1/4
f 1775/1/4 1779/1/4 1783/1/4
f 1737/1/4 1775/1/4 1783/1/4
f 1779/2/4 1781/2/4 1784/2/4
f 1783/1/4 1779/1/4 1784/1/4
f 1781/2/4 1782/2/4 1784/2/4
f 1737/1/4 1783/1/4 1785/1/4
f 1783/2/4 1784/2/4 1785/2/4
f 1784/2/4 1782/2/4 1786/2/4
f 1785/2/4 1784/2/4 1786/2/4
f 1786/2/4 1782/2/4 1787/2/4
f 1782/1/4 1738/1/4 1788/1/4
f 1787/2/4 1782/2/4 1788/2/4
f 1786/2/4 1787/2/4 1789/2/4
f 1787/1/4 1788/1/4 1789/1/4
f 1788/1/4 1738/1/4 1790/1/4
f 1789/1/4 1788/1/4 1790/1/4
f 1786/2/4 1789/2/4 1791/2/4
f 1785/1/4 1786/1/4 1791/1/4
f 1789/2/4 1790/2/4 1791/2/4
f 1790/1/4 1738/1/4 1792/1/4
f 1791/2/4 1790/2/4 1792/2/4
f 1737/1/4 1785/1/4 1793/1/4
f 1785/1/4 1791/1/4 1793/1/4
f 1791/1/4 1792/1/4 1793/1/4
f 1793/1/4 1792/1/4 1794/1/4
f 1737/1/4 1793/1/4 1795/1/4
f 1793/2/4 1794/2/4 1795/2/4
f 1795/2/4 1794/2/4 1796/2/4
f 1794/1/4 1792/1/4 1797/1/4
f 1796/2/4 1794/2/4 1797/2/4
f 1792/1/4 1738/1/4 1798/1/4
f 1797/1/4 1792/1/4 1798/1/4
f 1796/2/4 1797/2/4 1799/2/4
f 1797/2/4 1798/2/4 1799/2/4
f 1798/1/4 1738/1/4 1800/1/4
f 1799/2/4 1798/2/4 1800/2/4
f 1796/2/4 1799/2/4 1801/2/4
f 1795/1/4 1796/1/4 1801/1/4
f 1799/1/4 1800/1/4 1802/1/4
f 1801/2/4 1799/2/4 1802/2/4
f 1735/3/4 1737/3/4 1803/3/4
f 1795/1/4 1801/1/4 1803/1/4
f 1801/1/4 1802/1/4 1803/1/4
f 1737/1/4 1795/1/4 1803/1/4
f 1802/1/4 1800/1/4 1804/1/4
f 1803/1/4 1802/1/4 1804/1/4
f 1738/3/4 1736/3/4 1804/3/4
f 1800/1/4 1738/1/4 1804/1/4
f 1735/3/4 1803/3/4 1805/3/4
f 1803/3/4 1804/3/4 1805/3/4
f 1804/3/4 1736/3/4 1806/3/4
f 1805/3/4 1804/3/4 1806/3/4
f 1809/3/5 1808/3/5 1807/3/5
f 1810/3/5 1808/3/5 1809/3/5
f 1811/1/5 1810/1/5 1809/1/5
f 1812/1/5 1810/1/5 1811/1/5
f 1813/1/5 1810/1/5 1812/1/5
f 1814/1/5 1810/1/5 1813/1/5
f 1815/1/5 1810/1/5 1814/1/5
f 1816/1/5 1810/1/5 1815/1/5
f 1817/1/5 1810/1/5 1816/1/5
f 1818/1/5 1810/1/5 1817/1/5
f 1819/1/5 1810/1/5 1818/1/5
f 1820/1/5 1810/1/5 1819/1/5
f 1821/1/5 1810/1/5 1820/1/5
f 1822/1/5 1810/1/5 1821/1/5
f 1823/1/5 1810/1/5 1822/1/5
f 1824/1/5 1810/1/5 1823/1/5
f 1825/1/5 1811/1/5 1809/1/5
f 1826/2/5 1812/2/5 1811/2/5
f 1826/1/5 1811/1/5 1825/1/5
f 1827/1/5 1813/1/5 1812/1/5
f 1827/2/5 1812/2/5 1826/2/5
f 1828/2/5 1814/2/5 1813/2/5
f 1828/1/5 1813/1/5 1827/1/5
f 1829/1/5 1815/1/5 1814/1/5
f 1830/2/5 1816/2/5 1815/2/5
f 1830/1/5 1815/1/5 1829/1/5
f 1831/1/5 1817/1/5 1816/1/5
f 1831/2/5 1816/2/5 1830/2/5
f 1832/2/5 1818/2/5 1817/2/5
f 1832/1/5 1817/1/5 1831/1/5
f 1833/1/5 1819/1/5 1818/1/5
f 1833/2/5 1818/2/5 1832/2/5
f 1834/2/5 1820/2/5 1819/2/5
f 1834/1/5 1819/1/5 1833/1/5
f 1835/1/5 1821/1/5 1820/1/5
f 1835/2/5 1820/2/5 1834/2/5
f 1836/2/5 1822/2/5 1821/2/5
f 1836/1/5 1821/1/5 1835/1/5
f 1837/1/5 1823/1/5 1822/1/5
f 1837/2/5 1822/2/5 1836/2/5
f 1838/2/5 1824/2/5 1823/2/5
f 1838/1/5 1823/1/5 1837/1/5
f 1839/1/5 1810/1/5 1824/1/5
f 1839/2/5 1824/2/5 1838/2/5
f 1840/1/5 1810/1/5 1839/1/5
f 1841/1/5 1825/1/5 1809/1/5
f 1841/2/5 1826/2/5 1825/2/5
f 1841/2/5 1827/2/5 1826/2/5
f 1841/2/5 1828/2/5 1827/2/5
f 1842/2/5 1828/2/5 1841/2/5
f 1843/2/5 1828/2/5 1842/2/5
f 1844/2/5 1828/2/5 1843/2/5
f 1845/2/5 1814/2/5 1828/2/5
f 1845/2/5 1828/2/5 1844/2/5
f 1846/1/5 1829/1/5 1814/1/5
f 1846/2/5 1814/2/5 1845/2/5
f 1847/2/5 1838/2/5 1837/2/5
f 1847/2/5 1840/2/5 1839/2/5
f 1847/2/5 1839/2/5 1838/2/5
f 1847/2/5 1830/2/5 1829/2/5
f 1847/2/5 1831/2/5 1830/2/5
f 1847/2/5 1832/2/5 1831/2/5
f 1847/2/5 1837/2/5 1836/2/5
f 1847/2/5 1836/2/5 1835/2/5
f 1847/2/5 1835/2/5 1834/2/5
f 1847/2/5 1834/2/5 1833/2/5
f 1847/2/5 1833/2/5 1832/2/5
f 1848/2/5 1840/2/5 1847/2/5
f 1849/2/5 1840/2/5 1848/2/5
f 1850/2/5 1840/2/5 1849/2/5
f 1851/2/5 1840/2/5 1850/2/5
f 1852/2/5 1840/2/5 1851/2/5
f 1853/2/5 1840/2/5 1852/2/5
f 1854/2/5 1840/2/5 1853/2/5
f 1855/1/5 1842/1/5 1841/1/5
f 1855/1/5 1841/1/5 1809/1/5
f 1856/1/5 1842/1/5 1855/1/5
f 1857/2/5 1843/2/5 1842/2/5
f 1857/1/5 1844/1/5 1843/1/5
f 1858/2/5 1845/2/5 1844/2/5
f 1858/1/5 1844/1/5 1857/1/5
f 1859/1/5 1846/1/5 1845/1/5
f 1859/2/5 1845/2/5 1858/2/5
f 1860/1/5 1829/1/5 1846/1/5
f 1860/1/5 1846/1/5 1859/1/5
f 1860/2/5 1847/2/5 1829/2/5
f 1861/1/5 1848/1/5 1847/1/5
f 1861/2/5 1847/2/5 1860/2/5
f 1862/1/5 1848/1/5 1861/1/5
f 1863/1/5 1848/1/5 1862/1/5
f 1864/2/5 1849/2/5 1848/2/5
f 1864/1/5 1848/1/5 1863/1/5
f 1865/1/5 1850/1/5 1849/1/5
f 1865/2/5 1849/2/5 1864/2/5
f 1866/2/5 1851/2/5 1850/2/5
f 1866/1/5 1850/1/5 1865/1/5
f 1867/1/5 1852/1/5 1851/1/5
f 1867/2/5 1851/2/5 1866/2/5
f 1868/1/5 1852/1/5 1867/1/5
f 1869/1/5 1852/1/5 1868/1/5
f 1870/2/5 1853/2/5 1852/2/5
f 1870/1/5 1852/1/5 1869/1/5
f 1871/1/5 1854/1/5 1853/1/5
f 1871/2/5 1853/2/5 1870/2/5
f 1872/1/5 1854/1/5 1871/1/5
f 1873/1/5 1854/1/5 1872/1/5
f 1874/2/5 1840/2/5 1854/2/5
f 1874/1/5 1854/1/5 1873/1/5
f 1875/2/5 1856/2/5 1855/2/5
f 1875/1/5 1855/1/5 1809/1/5
f 1876/1/5 1842/1/5 1856/1/5
f 1876/2/5 1856/2/5 1875/2/5
f 1877/2/5 1859/2/5 1858/2/5
f 1877/1/5 1842/1/5 1876/1/5
f 1877/2/5 1858/2/5 1857/2/5
f 1877/2/5 1857/2/5 1842/2/5
f 1877/2/5 1860/2/5 1859/2/5
f 1877/2/5 1861/2/5 1860/2/5
f 1877/2/5 1862/2/5 1861/2/5
f 1878/2/5 1862/2/5 1877/2/5
f 1879/2/5 1862/2/5 1878/2/5
f 1880/2/5 1862/2/5 1879/2/5
f 1881/2/5 1862/2/5 1880/2/5
f 1882/1/5 1863/1/5 1862/1/5
f 1882/2/5 1862/2/5 1881/2/5
f 1883/2/5 1868/2/5 1867/2/5
f 1883/1/5 1863/1/5 1882/1/5
f 1883/2/5 1864/2/5 1863/2/5
f 1883/2/5 1865/2/5 1864/2/5
f 1883/2/5 1866/2/5 1865/2/5
f 1883/2/5 1867/2/5 1866/2/5
f 1884/2/5 1868/2/5 1883/2/5
f 1885/2/5 1868/2/5 1884/2/5
f 1886/2/5 1868/2/5 1885/2/5
f 1887/2/5 1872/2/5 1871/2/5
f 1887/2/5 1871/2/5 1870/2/5
f 1887/2/5 1870/2/5 1869/2/5
f 1887/1/5 1869/1/5 1868/1/5
f 1888/2/5 1872/2/5 1887/2/5
f 1889/2/5 1872/2/5 1888/2/5
f 1890/1/5 1873/1/5 1872/1/5
f 1890/2/5 1872/2/5 1889/2/5
f 1891/2/5 1874/2/5 1873/2/5
f 1891/1/5 1873/1/5 1890/1/5
f 1892/1/5 1810/1/5 1840/1/5
f 1892/2/5 1874/2/5 1891/2/5
f 1892/2/5 1840/2/5 1874/2/5
f 1893/1/5 1876/1/5 1875/1/5
f 1893/1/5 1875/1/5 1809/1/5
f 1893/1/5 1878/1/5 1877/1/5
f 1893/1/5 1877/1/5 1876/1/5
f 1894/2/5 1879/2/5 1878/2/5
f 1894/1/5 1878/1/5 1893/1/5
f 1895/1/5 1880/1/5 1879/1/5
f 1896/2/5 1881/2/5 1880/2/5
f 1896/1/5 1880/1/5 1895/1/5
f 1897/1/5 1882/1/5 1881/1/5
f 1897/2/5 1881/2/5 1896/2/5
f 1897/1/5 1884/1/5 1883/1/5
f 1897/1/5 1883/1/5 1882/1/5
f 1898/1/5 1884/1/5 1897/1/5
f 1899/1/5 1886/1/5 1885/1/5
f 1899/2/5 1885/2/5 1884/2/5
f 1900/2/5 1868/2/5 1886/2/5
f 1900/1/5 1886/1/5 1899/1/5
f 1901/1/5 1888/1/5 1887/1/5
f 1901/2/5 1868/2/5 1900/2/5
f 1901/1/5 1887/1/5 1868/1/5
f 1902/2/5 1889/2/5 1888/2/5
f 1902/1/5 1888/1/5 1901/1/5
f 1903/1/5 1891/1/5 1890/1/5
f 1903/2/5 1889/2/5 1902/2/5
f 1903/1/5 1892/1/5 1891/1/5
f 1903/1/5 1890/1/5 1889/1/5
f 1904/1/5 1892/1/5 1903/1/5
f 1905/1/5 1892/1/5 1904/1/5
f 1906/1/5 1810/1/5 1892/1/5
f 1906/1/5 1892/1/5 1905/1/5
f 1907/2/5 1894/2/5 1893/2/5
f 1907/1/5 1893/1/5 1809/1/5
f 1908/2/5 1894/2/5 1907/2/5
f 1909/2/5 1894/2/5 1908/2/5
f 1910/1/5 1895/1/5 1879/1/5
f 1910/2/5 1894/2/5 1909/2/5
f 1910/2/5 1879/2/5 1894/2/5
f 1911/2/5 1898/2/5 1897/2/5
f 1911/2/5 1897/2/5 1896/2/5
f 1911/2/5 1896/2/5 1895/2/5
f 1912/2/5 1898/2/5 1911/2/5
f 1913/2/5 1898/2/5 1912/2/5
f 1914/1/5 1884/1/5 1898/1/5
f 1914/2/5 1898/2/5 1913/2/5
f 1915/2/5 1902/2/5 1901/2/5
f 1915/1/5 1884/1/5 1914/1/5
f 1915/2/5 1899/2/5 1884/2/5
f 1915/2/5 1900/2/5 1899/2/5
f 1915/2/5 1901/2/5 1900/2/5
f 1915/2/5 1904/2/5 1903/2/5
f 1915/2/5 1903/2/5 1902/2/5
f 1916/2/5 1904/2/5 1915/2/5
f 1917/2/5 1904/2/5 1916/2/5
f 1918/2/5 1904/2/5 1917/2/5
f 1919/2/5 1904/2/5 1918/2/5
f 1920/2/5 1904/2/5 1919/2/5
f 1921/1/5 1905/1/5 1904/1/5
f 1921/2/5 1906/2/5 1905/2/5
f 1922/1/5 1810/1/5 1906/1/5
f 1922/2/5 1906/2/5 1921/2/5
f 1923/2/5 1909/2/5 1908/2/5
f 1923/1/5 1908/1/5 1907/1/5
f 1924/1/5 1910/1/5 1909/1/5
f 1924/2/5 1909/2/5 1923/2/5
f 1925/2/5 1911/2/5 1895/2/5
f 1925/1/5 1910/1/5 1924/1/5
f 1925/1/5 1895/1/5 1910/1/5
f 1926/1/5 1912/1/5 1911/1/5
f 1926/2/5 1911/2/5 1925/2/5
f 1927/2/5 1913/2/5 1912/2/5
f 1927/1/5 1912/1/5 1926/1/5
f 1928/1/5 1914/1/5 1913/1/5
f 1928/2/5 1913/2/5 1927/2/5
f 1928/1/5 1915/1/5 1914/1/5
f 1928/1/5 1916/1/5 1915/1/5
f 1929/2/5 1917/2/5 1916/2/5
f 1929/1/5 1916/1/5 1928/1/5
f 1930/1/5 1918/1/5 1917/1/5
f 1930/2/5 1917/2/5 1929/2/5
f 1931/2/5 1919/2/5 1918/2/5
f 1931/1/5 1918/1/5 1930/1/5
f 1932/1/5 1920/1/5 1919/1/5
f 1932/2/5 1919/2/5 1931/2/5
f 1933/2/5 1904/2/5 1920/2/5
f 1933/1/5 1920/1/5 1932/1/5
f 1934/1/5 1921/1/5 1904/1/5
f 1934/2/5 1904/2/5 1933/2/5
f 1934/1/5 1922/1/5 1921/1/5
f 1935/3/5 1809/3/5 1807/3/5
f 1935/1/5 1932/1/5 1931/1/5
f 1935/1/5 1934/1/5 1933/1/5
f 1935/1/5 1929/1/5 1928/1/5
f 1935/1/5 1928/1/5 1927/1/5
f 1935/1/5 1927/1/5 1926/1/5
f 1935/1/5 1907/1/5 1809/1/5
f 1935/1/5 1923/1/5 1907/1/5
f 1935/1/5 1930/1/5 1929/1/5
f 1935/1/5 1931/1/5 1930/1/5
f 1935/1/5 1926/1/5 1925/1/5
f 1935/1/5 1924/1/5 1923/1/5
f 1935/1/5 1933/1/5 1932/1/5
f 1935/1/5 1925/1/5 1924/1/5
f 1936/1/5 1922/1/5 1934/1/5
f 1936/1/5 1934/1/5 1935/1/5
f 1936/3/5 1808/3/5 1810/3/5
f 1936/1/5 1810/1/5 1922/1/5
f 1937/3/5 1935/3/5 1807/3/5
f 1937/3/5 1936/3/5 1935/3/5
f 1938/3/5 1808/3/5 1936/3/5
f 1938/3/5 1936/3/5 1937/3/5
f 1941/3/5 1940/3/5 1939/3/5
f 1942/3/5 1940/3/5 1941/3/5
f 1943/3/5 1940/3/5 1942/3/5
f 1944/3/5 1940/3/5 1943/3/5
f 1945/3/5 1940/3/5 1944/3/5
f 1946/3/5 1940/3/5 1945/3/5
f 1947/3/5 1940/3/5 1946/3/5
f 1948/3/5 1940/3/5 1947/3/5
f 1949/3/5 1940/3/5 1948/3/5
f 1950/3/5 1940/3/5 1949/3/5
f 1951/3/5 1940/3/5 1950/3/5
f 1952/3/5 1940/3/5 1951/3/5
f 1953/1/5 1942/1/5 1941/1/5
f 1954/2/5 1943/2/5 1942/2/5
f 1954/1/5 1942/1/5 1953/1/5
f 1955/2/5 1943/2/5 1954/2/5
f 1956/2/5 1943/2/5 1955/2/5
f 1957/1/5 1944/1/5 1943/1/5
f 1957/2/5 1943/2/5 1956/2/5
f 1958/2/5 1945/2/5 1944/2/5
f 1958/1/5 1944/1/5 1957/1/5
f 1959/2/5 1945/2/5 1958/2/5
f 1960/1/5 1946/1/5 1945/1/5
f 1960/2/5 1945/2/5 1959/2/5
f 1961/2/5 1947/2/5 1946/2/5
f 1961/1/5 1948/1/5 1947/1/5
f 1962/2/5 1949/2/5 1948/2/5
f 1962/1/5 1948/1/5 1961/1/5
f 1963/2/5 1949/2/5 1962/2/5
f 1964/2/5 1949/2/5 1963/2/5
f 1965/2/5 1949/2/5 1964/2/5
f 1966/2/5 1949/2/5 1965/2/5
f 1967/1/5 1950/1/5 1949/1/5
f 1967/2/5 1949/2/5 1966/2/5
f 1968/2/5 1951/2/5 1950/2/5
f 1968/1/5 1950/1/5 1967/1/5
f 1969/3/5 1941/3/5 1939/3/5
f 1970/1/5 1953/1/5 1941/1/5
f 1970/3/5 1941/3/5 1969/3/5
f 1971/2/5 1954/2/5 1953/2/5
f 1971/1/5 1953/1/5 1970/1/5
f 1971/2/5 1955/2/5 1954/2/5
f 1972/1/5 1956/1/5 1955/1/5
f 1972/2/5 1955/2/5 1971/2/5
f 1973/2/5 1957/2/5 1956/2/5
f 1973/1/5 1956/1/5 1972/1/5
f 1973/2/5 1959/2/5 1958/2/5
f 1973/2/5 1958/2/5 1957/2/5
f 1974/1/5 1960/1/5 1959/1/5
f 1974/2/5 1959/2/5 1973/2/5
f 1975/1/5 1946/1/5 1960/1/5
f 1975/1/5 1960/1/5 1974/1/5
f 1975/2/5 1961/2/5 1946/2/5
f 1975/2/5 1963/2/5 1962/2/5
f 1975/2/5 1962/2/5 1961/2/5
f 1976/1/5 1964/1/5 1963/1/5
f 1976/2/5 1963/2/5 1975/2/5
f 1977/2/5 1965/2/5 1964/2/5
f 1977/1/5 1964/1/5 1976/1/5
f 1978/1/5 1966/1/5 1965/1/5
f 1978/2/5 1965/2/5 1977/2/5
f 1979/2/5 1967/2/5 1966/2/5
f 1979/1/5 1966/1/5 1978/1/5
f 1979/2/5 1968/2/5 1967/2/5
f 1980/2/5 1951/2/5 1968/2/5
f 1980/2/5 1968/2/5 1979/2/5
f 1980/1/5 1952/1/5 1951/1/5
f 1981/3/5 1940/3/5 1952/3/5
f 1981/1/5 1952/1/5 1980/1/5
f 1982/3/5 1940/3/5 1981/3/5
f 1997/1/5 1985/1/5 1984/1/5
f 1997/2/5 1986/2/5 1985/2/5
f 1998/2/5 1986/2/5 1997/2/5
f 1999/1/5 1987/1/5 1986/1/5
f 1999/2/5 1986/2/5 1998/2/5
f 2000/2/5 1988/2/5 1987/2/5
f 2000/1/5 1987/1/5 1999/1/5
f 2001/2/5 1988/2/5 2000/2/5
f 2002/2/5 1988/2/5 2001/2/5
f 2003/1/5 1989/1/5 1988/1/5
f 2003/2/5 1988/2/5 2002/2/5
f 2004/2/5 1990/2/5 1989/2/5
f 2004/1/5 1989/1/5 2003/1/5
f 2005/1/5 1991/1/5 1990/1/5
f 2005/2/5 1990/2/5 2004/2/5
f 2006/2/5 1992/2/5 1991/2/5
f 2006/1/5 1991/1/5 2005/1/5
f 2007/2/5 1992/2/5 2006/2/5
f 2008/2/5 1992/2/5 2007/2/5
f 2009/1/5 1993/1/5 1992/1/5
f 2009/2/5 1992/2/5 2008/2/5
f 2010/2/5 1994/2/5 1993/2/5
f 2010/1/5 1993/1/5 2009/1/5
f 2011/2/5 1994/2/5 2010/2/5
f 2012/1/5 1995/1/5 1994/1/5
f 2012/2/5 1994/2/5 2011/2/5
f 2013/3/5 1984/3/5 1983/3/5
f 2013/1/5 1998/1/5 1997/1/5
f 2013/1/5 1997/1/5 1984/1/5
f 2014/2/5 1999/2/5 1998/2/5
f 2014/1/5 1998/1/5 2013/1/5
f 2014/2/5 2000/2/5 1999/2/5
f 2014/2/5 2001/2/5 2000/2/5
f 2015/1/5 2002/1/5 2001/1/5
f 2015/2/5 2001/2/5 2014/2/5
f 2016/2/5 2003/2/5 2002/2/5
f 2016/1/5 2002/1/5 2015/1/5
f 2016/2/5 2004/2/5 2003/2/5
f 2016/2/5 2006/2/5 2005/2/5
f 2016/2/5 2007/2/5 2006/2/5
f 2016/2/5 2005/2/5 2004/2/5
f 2017/1/5 2008/1/5 2007/1/5
f 2017/2/5 2007/2/5 2016/2/5
f 2018/2/5 2011/2/5 2010/2/5
f 2018/1/5 2008/1/5 2017/1/5
f 2018/2/5 2010/2/5 2009/2/5
f 2018/2/5 2009/2/5 2008/2/5
f 2019/1/5 2012/1/5 2011/1/5
f 2019/2/5 2011/2/5 2018/2/5
f 2020/1/5 1995/1/5 2012/1/5
f 2020/1/5 2012/1/5 2019/1/5
f 2020/3/5 1996/3/5 1995/3/5
f 2021/3/5 2019/3/5 2018/3/5
f 2021/3/5 2016/3/5 2015/3/5
f 2021/3/5 2020/3/5 2019/3/5
f 2021/3/5 2015/3/5 2014/3/5
f 2021/3/5 2014/3/5 2013/3/5
f 2021/3/5 2013/3/5 1983/3/5
f 2021/3/5 2018/3/5 2017/3/5
f 2021/3/5 2017/3/5 2016/3/5
f 2022/3/5 1996/3/5 2020/3/5
f 2022/3/5 2020/3/5 2021/3/5
f 2025/3/5 2024/3/5 2023/3/5
f 2026/3/5 2024/3/5 2025/3/5
f 2027/3/5 2024/3/5 2026/3/5
f 2028/3/5 2024/3/5 2027/3/5
f 2029/3/5 2024/3/5 2028/3/5
f 2030/3/5 2024/3/5 2029/3/5
f 2031/3/5 2024/3/5 2030/3/5
f 2032/3/5 2024/3/5 2031/3/5
f 2033/3/5 2024/3/5 2032/3/5
f 2034/3/5 2024/3/5 2033/3/5
f 2035/3/5 2024/3/5 2034/3/5
f 2036/3/5 2024/3/5 2035/3/5
f 2037/3/5 2024/3/5 2036/3/5
f 2038/3/5 2024/3/5 2037/3/5
f 2039/3/5 2024/3/5 2038/3/5
f 2040/3/5 2024/3/5 2039/3/5
f 2041/3/5 2024/3/5 2040/3/5
f 2042/3/5 2024/3/5 2041/3/5
f 2043/3/5 2024/3/5 2042/3/5
f 2044/3/5 2025/3/5 2023/3/5
f 2045/1/5 2026/1/5 2025/1/5
f 2045/3/5 2025/3/5 2044/3/5
f 2046/2/5 2027/2/5 2026/2/5
f 2046/1/5 2026/1/5 2045/1/5
f 2047/1/5 2028/1/5 2027/1/5
f 2047/2/5 2027/2/5 2046/2/5
f 2048/2/5 2029/2/5 2028/2/5
f 2048/1/5 2028/1/5 2047/1/5
f 2049/1/5 2030/1/5 2029/1/5
f 2049/2/5 2029/2/5 2048/2/5
f 2050/2/5 2031/2/5 2030/2/5
f 2050/1/5 2030/1/5 2049/1/5
f 2051/1/5 2032/1/5 2031/1/5
f 2051/2/5 2031/2/5 2050/2/5
f 2052/2/5 2033/2/5 2032/2/5
f 2052/1/5 2032/1/5 2051/1/5
f 2053/1/5 2034/1/5 2033/1/5
f 2053/2/5 2033/2/5 2052/2/5
f 2054/2/5 2035/2/5 2034/2/5
f 2054/1/5 2034/1/5 2053/1/5
f 2055/1/5 2036/1/5 2035/1/5
f 2055/2/5 2035/2/5 2054/2/5
f 2056/2/5 2037/2/5 2036/2/5
f 2056/1/5 2036/1/5 2055/1/5
f 2057/1/5 2038/1/5 2037/1/5
f 2057/2/5 2037/2/5 2056/2/5
f 2058/2/5 2039/2/5 2038/2/5
f 2058/1/5 2038/1/5 2057/1/5
f 2059/1/5 2040/1/5 2039/1/5
f 2059/2/5 2039/2/5 2058/2/5
f 2060/2/5 2041/2/5 2040/2/5
f 2060/1/5 2040/1/5 2059/1/5
f 2061/1/5 2042/1/5 2041/1/5
f 2061/2/5 2041/2/5 2060/2/5
f 2062/2/5 2043/2/5 2042/2/5
f 2062/1/5 2042/1/5 2061/1/5
f 2063/3/5 2024/3/5 2043/3/5
f 2063/2/5 2043/2/5 2062/2/5
f 2064/3/5 2024/3/5 2063/3/5
f 2086/1/5 2066/1/5 2065/1/5
f 2086/1/5 2067/1/5 2066/1/5
f 2087/2/5 2068/2/5 2067/2/5
f 2087/1/5 2067/1/5 2086/1/5
f 2088/1/5 2069/1/5 2068/1/5
f 2088/2/5 2068/2/5 2087/2/5
f 2089/2/5 2070/2/5 2069/2/5
f 2089/1/5 2069/1/5 2088/1/5
f 2090/1/5 2071/1/5 2070/1/5
f 2090/2/5 2070/2/5 2089/2/5
f 2091/2/5 2072/2/5 2071/2/5
f 2091/1/5 2071/1/5 2090/1/5
f 2091/2/5 2073/2/5 2072/2/5
f 2091/2/5 2074/2/5 2073/2/5
f 2092/1/5 2075/1/5 2074/1/5
f 2092/2/5 2074/2/5 2091/2/5
f 2093/2/5 2076/2/5 2075/2/5
f 2093/1/5 2075/1/5 2092/1/5
f 2093/2/5 2077/2/5 2076/2/5
f 2094/1/5 2078/1/5 2077/1/5
f 2094/2/5 2077/2/5 2093/2/5
f 2095/2/5 2081/2/5 2080/2/5
f 2095/1/5 2078/1/5 2094/1/5
f 2095/2/5 2079/2/5 2078/2/5
f 2095/2/5 2080/2/5 2079/2/5
f 2096/1/5 2082/1/5 2081/1/5
f 2096/2/5 2081/2/5 2095/2/5
f 2097/2/5 2083/2/5 2082/2/5
f 2097/1/5 2082/1/5 2096/1/5
f 2098/1/5 2085/1/5 2084/1/5
f 2098/2/5 2083/2/5 2097/2/5
f 2098/1/5 2084/1/5 2083/1/5
f 2099/1/5 2085/1/5 2098/1/5
f 2114/1/5 2101/1/5 2100/1/5
f 2115/1/5 2101/1/5 2114/1/5
f 2116/2/5 2102/2/5 2101/2/5
f 2116/1/5 2101/1/5 2115/1/5
f 2117/2/5 2102/2/5 2116/2/5
f 2118/1/5 2103/1/5 2102/1/5
f 2118/2/5 2102/2/5 2117/2/5
f 2119/2/5 2104/2/5 2103/2/5
f 2119/1/5 2103/1/5 2118/1/5
f 2120/2/5 2104/2/5 2119/2/5
f 2121/1/5 2105/1/5 2104/1/5
f 2121/2/5 2104/2/5 2120/2/5
f 2122/2/5 2106/2/5 2105/2/5
f 2122/1/5 2105/1/5 2121/1/5
f 2123/1/5 2107/1/5 2106/1/5
f 2123/2/5 2106/2/5 2122/2/5
f 2124/2/5 2108/2/5 2107/2/5
f 2124/1/5 2107/1/5 2123/1/5
f 2125/2/5 2108/2/5 2124/2/5
f 2126/2/5 2108/2/5 2125/2/5
f 2127/1/5 2109/1/5 2108/1/5
f 2127/2/5 2108/2/5 2126/2/5
f 2128/2/5 2110/2/5 2109/2/5
f 2128/1/5 2109/1/5 2127/1/5
f 2129/2/5 2110/2/5 2128/2/5
f 2130/1/5 2111/1/5 2110/1/5
f 2130/2/5 2110/2/5 2129/2/5
f 2131/2/5 2112/2/5 2111/2/5
f 2131/1/5 2111/1/5 2130/1/5
f 2132/1/5 2113/1/5 2112/1/5
f 2132/2/5 2112/2/5 2131/2/5
f 2133/1/5 2113/1/5 2132/1/5
f 2150/3/5 2135/3/5 2134/3/5
f 2150/1/5 2136/1/5 2135/1/5
f 2151/2/5 2137/2/5 2136/2/5
f 2151/1/5 2136/1/5 2150/1/5
f 2152/1/5 2138/1/5 2137/1/5
f 2152/2/5 2137/2/5 2151/2/5
f 2153/2/5 2139/2/5 2138/2/5
f 2153/1/5 2138/1/5 2152/1/5
f 2154/1/5 2140/1/5 2139/1/5
f 2154/2/5 2139/2/5 2153/2/5
f 2155/2/5 2141/2/5 2140/2/5
f 2155/1/5 2140/1/5 2154/1/5
f 2156/1/5 2142/1/5 2141/1/5
f 2156/2/5 2141/2/5 2155/2/5
f 2157/2/5 2143/2/5 2142/2/5
f 2157/1/5 2142/1/5 2156/1/5
f 2158/1/5 2144/1/5 2143/1/5
f 2158/2/5 2143/2/5 2157/2/5
f 2159/2/5 2145/2/5 2144/2/5
f 2159/1/5 2144/1/5 2158/1/5
f 2160/1/5 2146/1/5 2145/1/5
f 2160/2/5 2145/2/5 2159/2/5
f 2161/2/5 2147/2/5 2146/2/5
f 2161/1/5 2146/1/5 2160/1/5
f 2162/1/5 2148/1/5 2147/1/5
f 2162/2/5 2147/2/5 2161/2/5
f 2163/3/5 2149/3/5 2148/3/5
f 2163/1/5 2148/1/5 2162/1/5
f 2164/3/5 2161/3/5 2160/3/5
f 2164/3/5 2160/3/5 2159/3/5
f 2164/3/5 2163/3/5 2162/3/5
f 2164/3/5 2158/3/5 2157/3/5
f 2164/3/5 2157/3/5 2156/3/5
f 2164/3/5 2156/3/5 2155/3/5
f 2164/3/5 2155/3/5 2154/3/5
f 2164/3/5 2154/3/5 2153/3/5
f 2164/3/5 2153/3/5 2152/3/5
f 2164/3/5 2152/3/5 2151/3/5
f 2164/3/5 2151/3/5 2150/3/5
f 2164/3/5 2150/3/5 2134/3/5
f 2164/3/5 2159/3/5 2158/3/5
f 2164/3/5 2162/3/5 2161/3/5
f 2165/3/5 2149/3/5 2163/3/5
f 2165/3/5 2163/3/5 2164/3/5
f 2184/3/5 2167/3/5 2166/3/5
f 2185/1/5 2168/1/5 2167/1/5
f 2185/3/5 2167/3/5 2184/3/5
f 2186/2/5 2169/2/5 2168/2/5
f 2186/1/5 2168/1/5 2185/1/5
f 2187/1/5 2170/1/5 2169/1/5
f 2187/2/5 2169/2/5 2186/2/5
f 2188/2/5 2171/2/5 2170/2/5
f 2188/1/5 2170/1/5 2187/1/5
f 2189/1/5 2172/1/5 2171/1/5
f 2189/2/5 2171/2/5 2188/2/5
f 2190/2/5 2173/2/5 2172/2/5
f 2190/1/5 2172/1/5 2189/1/5
f 2191/1/5 2174/1/5 2173/1/5
f 2191/2/5 2173/2/5 2190/2/5
f 2192/2/5 2175/2/5 2174/2/5
f 2192/1/5 2174/1/5 2191/1/5
f 2193/1/5 2176/1/5 2175/1/5
f 2193/2/5 2175/2/5 2192/2/5
f 2194/2/5 2177/2/5 2176/2/5
f 2194/1/5 2176/1/5 2193/1/5
f 2195/1/5 2178/1/5 2177/1/5
f 2195/2/5 2177/2/5 2194/2/5
f 2196/2/5 2179/2/5 2178/2/5
f 2196/1/5 2178/1/5 2195/1/5
f 2197/1/5 2180/1/5 2179/1/5
f 2197/2/5 2179/2/5 2196/2/5
f 2198/2/5 2181/2/5 2180/2/5
f 2198/1/5 2180/1/5 2197/1/5
f 2199/1/5 2182/1/5 2181/1/5
f 2199/2/5 2181/2/5 2198/2/5
f 2200/3/5 2183/3/5 2182/3/5
f 2200/1/5 2182/1/5 2199/1/5
f 2201/3/5 2183/3/5 2200/3/5
f 2226/1/5 2203/1/5 2202/1/5
f 2226/1/5 2204/1/5 2203/1/5
f 2226/1/5 2205/1/5 2204/1/5
f 2227/1/5 2205/1/5 2226/1/5
f 2228/2/5 2206/2/5 2205/2/5
f 2228/1/5 2205/1/5 2227/1/5
f 2229/1/5 2207/1/5 2206/1/5
f 2229/2/5 2206/2/5 2228/2/5
f 2229/1/5 2208/1/5 2207/1/5
f 2230/1/5 2208/1/5 2229/1/5
f 2231/1/5 2208/1/5 2230/1/5
f 2232/2/5 2209/2/5 2208/2/5
f 2232/1/5 2208/1/5 2231/1/5
f 2233/1/5 2210/1/5 2209/1/5
f 2233/2/5 2209/2/5 2232/2/5
f 2233/1/5 2211/1/5 2210/1/5
f 2233/1/5 2212/1/5 2211/1/5
f 2233/1/5 2213/1/5 2212/1/5
f 2234/1/5 2213/1/5 2233/1/5
f 2235/1/5 2213/1/5 2234/1/5
f 2236/2/5 2214/2/5 2213/2/5
f 2236/1/5 2213/1/5 2235/1/5
f 2237/1/5 2215/1/5 2214/1/5
f 2237/2/5 2214/2/5 2236/2/5
f 2237/1/5 2216/1/5 2215/1/5
f 2238/1/5 2216/1/5 2237/1/5
f 2239/1/5 2216/1/5 2238/1/5
f 2240/2/5 2217/2/5 2216/2/5
f 2240/1/5 2216/1/5 2239/1/5
f 2241/1/5 2218/1/5 2217/1/5
f 2241/2/5 2217/2/5 2240/2/5
f 2241/1/5 2219/1/5 2218/1/5
f 2241/1/5 2220/1/5 2219/1/5
f 2242/1/5 2220/1/5 2241/1/5
f 2243/1/5 2220/1/5 2242/1/5
f 2244/2/5 2221/2/5 2220/2/5
f 2244/1/5 2220/1/5 2243/1/5
f 2245/1/5 2222/1/5 2221/1/5
f 2245/2/5 2221/2/5 2244/2/5
f 2246/1/5 2222/1/5 2245/1/5
f 2247/2/5 2223/2/5 2222/2/5
f 2247/1/5 2222/1/5 2246/1/5
f 2248/1/5 2225/1/5 2224/1/5
f 2248/2/5 2223/2/5 2247/2/5
f 2248/1/5 2224/1/5 2223/1/5
f 2249/1/5 2225/1/5 2248/1/5
f 2272/1/5 2251/1/5 2250/1/5
f 2272/1/5 2252/1/5 2251/1/5
f 2273/1/5 2252/1/5 2272/1/5
f 2274/2/5 2253/2/5 2252/2/5
f 2274/1/5 2252/1/5 2273/1/5
f 2275/1/5 2254/1/5 2253/1/5
f 2275/2/5 2253/2/5 2274/2/5
f 2275/1/5 2255/1/5 2254/1/5
f 2276/1/5 2255/1/5 2275/1/5
f 2277/2/5 2256/2/5 2255/2/5
f 2277/1/5 2255/1/5 2276/1/5
f 2278/1/5 2257/1/5 2256/1/5
f 2278/2/5 2256/2/5 2277/2/5
f 2278/1/5 2258/1/5 2257/1/5
f 2279/1/5 2258/1/5 2278/1/5
f 2280/2/5 2259/2/5 2258/2/5
f 2280/1/5 2258/1/5 2279/1/5
f 2281/2/5 2259/2/5 2280/2/5
f 2282/1/5 2260/1/5 2259/1/5
f 2282/2/5 2259/2/5 2281/2/5
f 2282/1/5 2261/1/5 2260/1/5
f 2283/1/5 2261/1/5 2282/1/5
f 2284/2/5 2262/2/5 2261/2/5
f 2284/1/5 2261/1/5 2283/1/5
f 2285/1/5 2263/1/5 2262/1/5
f 2285/2/5 2262/2/5 2284/2/5
f 2285/1/5 2264/1/5 2263/1/5
f 2285/1/5 2265/1/5 2264/1/5
f 2286/1/5 2265/1/5 2285/1/5
f 2287/1/5 2265/1/5 2286/1/5
f 2288/1/5 2265/1/5 2287/1/5
f 2289/2/5 2266/2/5 2265/2/5
f 2289/1/5 2265/1/5 2288/1/5
f 2290/1/5 2267/1/5 2266/1/5
f 2290/2/5 2266/2/5 2289/2/5
f 2290/1/5 2268/1/5 2267/1/5
f 2291/2/5 2269/2/5 2268/2/5
f 2291/1/5 2268/1/5 2290/1/5
f 2292/1/5 2271/1/5 2270/1/5
f 2292/2/5 2269/2/5 2291/2/5
f 2292/1/5 2270/1/5 2269/1/5
f 2293/1/5 2271/1/5 2292/1/5
f 2316/3/5 2295/3/5 2294/3/5
f 2317/1/5 2296/1/5 2295/1/5
f 2317/3/5 2295/3/5 2316/3/5
f 2318/2/5 2297/2/5 2296/2/5
f 2318/1/5 2296/1/5 2317/1/5
f 2319/1/5 2298/1/5 2297/1/5
f 2319/2/5 2297/2/5 2318/2/5
f 2320/2/5 2299/2/5 2298/2/5
f 2320/1/5 2298/1/5 2319/1/5
f 2321/1/5 2300/1/5 2299/1/5
f 2321/2/5 2299/2/5 2320/2/5
f 2322/2/5 2301/2/5 2300/2/5
f 2322/1/5 2300/1/5 2321/1/5
f 2323/1/5 2302/1/5 2301/1/5
f 2323/2/5 2301/2/5 2322/2/5
f 2324/2/5 2303/2/5 2302/2/5
f 2324/1/5 2302/1/5 2323/1/5
f 2325/1/5 2304/1/5 2303/1/5
f 2325/2/5 2303/2/5 2324/2/5
f 2326/2/5 2305/2/5 2304/2/5
f 2326/1/5 2304/1/5 2325/1/5
f 2327/1/5 2306/1/5 2305/1/5
f 2327/2/5 2305/2/5 2326/2/5
f 2328/2/5 2307/2/5 2306/2/5
f 2328/1/5 2306/1/5 2327/1/5
f 2329/1/5 2308/1/5 2307/1/5
f 2329/2/5 2307/2/5 2328/2/5
f 2330/2/5 2309/2/5 2308/2/5
f 2330/1/5 2308/1/5 2329/1/5
f 2331/1/5 2310/1/5 2309/1/5
f 2331/2/5 2309/2/5 2330/2/5
f 2332/2/5 2311/2/5 2310/2/5
f 2332/1/5 2310/1/5 2331/1/5
f 2333/1/5 2312/1/5 2311/1/5
f 2333/2/5 2311/2/5 2332/2/5
f 2334/2/5 2313/2/5 2312/2/5
f 2334/1/5 2312/1/5 2333/1/5
f 2335/1/5 2314/1/5 2313/1/5
f 2335/2/5 2313/2/5 2334/2/5
f 2336/3/5 2315/3/5 2314/3/5
f 2336/1/5 2314/1/5 2335/1/5
f 2337/3/5 2315/3/5 2336/3/5
f 2340/3/5 2339/3/5 2338/3/5
f 2341/3/5 2339/3/5 2340/3/5
f 2342/3/5 2339/3/5 2341/3/5
f 2343/3/5 2339/3/5 2342/3/5
f 2344/3/5 2339/3/5 2343/3/5
f 2345/3/5 2339/3/5 2344/3/5
f 2346/3/5 2339/3/5 2345/3/5
f 2347/3/5 2339/3/5 2346/3/5
f 2348/3/5 2339/3/5 2347/3/5
f 2349/3/5 2339/3/5 2348/3/5
f 2350/3/5 2339/3/5 2349/3/5
f 2351/3/5 2339/3/5 2350/3/5
f 2352/3/5 2339/3/5 2351/3/5
f 2353/3/5 2339/3/5 2352/3/5
f 2354/3/5 2339/3/5 2353/3/5
f 2355/3/5 2339/3/5 2354/3/5
f 2356/3/5 2339/3/5 2355/3/5
f 2357/3/5 2339/3/5 2356/3/5
f 2384/1/5 2359/1/5 2358/1/5
f 2385/2/5 2360/2/5 2359/2/5
f 2385/1/5 2359/1/5 2384/1/5
f 2386/1/5 2361/1/5 2360/1/5
f 2386/2/5 2360/2/5 2385/2/5
f 2386/1/5 2362/1/5 2361/1/5
f 2387/2/5 2363/2/5 2362/2/5
f 2387/1/5 2362/1/5 2386/1/5
f 2388/1/5 2364/1/5 2363/1/5
f 2388/2/5 2363/2/5 2387/2/5
f 2389/2/5 2365/2/5 2364/2/5
f 2389/1/5 2364/1/5 2388/1/5
f 2390/1/5 2366/1/5 2365/1/5
f 2390/2/5 2365/2/5 2389/2/5
f 2391/1/5 2366/1/5 2390/1/5
f 2392/2/5 2367/2/5 2366/2/5
f 2392/1/5 2366/1/5 2391/1/5
f 2393/1/5 2368/1/5 2367/1/5
f 2393/2/5 2367/2/5 2392/2/5
f 2394/2/5 2369/2/5 2368/2/5
f 2394/1/5 2368/1/5 2393/1/5
f 2395/1/5 2370/1/5 2369/1/5
f 2395/2/5 2369/2/5 2394/2/5
f 2396/1/5 2370/1/5 2395/1/5
f 2397/2/5 2371/2/5 2370/2/5
f 2397/1/5 2370/1/5 2396/1/5
f 2397/2/5 2372/2/5 2371/2/5
f 2398/1/5 2373/1/5 2372/1/5
f 2398/2/5 2372/2/5 2397/2/5
f 2398/1/5 2374/1/5 2373/1/5
f 2399/1/5 2374/1/5 2398/1/5
f 2400/2/5 2375/2/5 2374/2/5
f 2400/1/5 2374/1/5 2399/1/5
f 2401/1/5 2376/1/5 2375/1/5
f 2401/2/5 2375/2/5 2400/2/5
f 2402/2/5 2377/2/5 2376/2/5
f 2402/1/5 2376/1/5 2401/1/5
f 2403/1/5 2378/1/5 2377/1/5
f 2403/2/5 2377/2/5 2402/2/5
f 2404/2/5 2379/2/5 2378/2/5
f 2404/1/5 2378/1/5 2403/1/5
f 2405/1/5 2380/1/5 2379/1/5
f 2405/2/5 2379/2/5 2404/2/5
f 2405/1/5 2381/1/5 2380/1/5
f 2406/1/5 2381/1/5 2405/1/5
f 2407/2/5 2382/2/5 2381/2/5
f 2407/1/5 2381/1/5 2406/1/5
f 2408/1/5 2383/1/5 2382/1/5
f 2408/2/5 2382/2/5 2407/2/5
f 2409/1/5 2383/1/5 2408/1/5
f 2435/1/5 2411/1/5 2410/1/5
f 2436/2/5 2412/2/5 2411/2/5
f 2436/1/5 2411/1/5 2435/1/5
f 2437/1/5 2413/1/5 2412/1/5
f 2437/2/5 2412/2/5 2436/2/5
f 2437/1/5 2414/1/5 2413/1/5
f 2437/1/5 2415/1/5 2414/1/5
f 2438/1/5 2415/1/5 2437/1/5
f 2439/1/5 2415/1/5 2438/1/5
f 2440/2/5 2416/2/5 2415/2/5
f 2440/1/5 2415/1/5 2439/1/5
f 2441/1/5 2417/1/5 2416/1/5
f 2441/2/5 2416/2/5 2440/2/5
f 2441/1/5 2418/1/5 2417/1/5
f 2442/1/5 2418/1/5 2441/1/5
f 2443/2/5 2419/2/5 2418/2/5
f 2443/1/5 2418/1/5 2442/1/5
f 2444/1/5 2420/1/5 2419/1/5
f 2444/2/5 2419/2/5 2443/2/5
f 2445/2/5 2421/2/5 2420/2/5
f 2445/1/5 2420/1/5 2444/1/5
f 2446/2/5 2421/2/5 2445/2/5
f 2447/1/5 2422/1/5 2421/1/5
f 2447/2/5 2421/2/5 2446/2/5
f 2447/1/5 2423/1/5 2422/1/5
f 2447/1/5 2424/1/5 2423/1/5
f 2448/1/5 2424/1/5 2447/1/5
f 2449/1/5 2424/1/5 2448/1/5
f 2450/1/5 2424/1/5 2449/1/5
f 2451/2/5 2425/2/5 2424/2/5
f 2451/1/5 2424/1/5 2450/1/5
f 2452/1/5 2426/1/5 2425/1/5
f 2452/2/5 2425/2/5 2451/2/5
f 2452/1/5 2427/1/5 2426/1/5
f 2453/1/5 2427/1/5 2452/1/5
f 2454/2/5 2428/2/5 2427/2/5
f 2454/1/5 2427/1/5 2453/1/5
f 2455/2/5 2428/2/5 2454/2/5
f 2456/1/5 2429/1/5 2428/1/5
f 2456/2/5 2428/2/5 2455/2/5
f 2456/1/5 2430/1/5 2429/1/5
f 2456/1/5 2431/1/5 2430/1/5
f 2457/1/5 2431/1/5 2456/1/5
f 2458/2/5 2432/2/5 2431/2/5
f 2458/1/5 2431/1/5 2457/1/5
f 2459/1/5 2434/1/5 2433/1/5
f 2459/2/5 2432/2/5 2458/2/5
f 2459/1/5 2433/1/5 2432/1/5
f 2460/1/5 2434/1/5 2459/1/5
f 2461/1/5 2434/1/5 2460/1/5
f 2484/3/5 2482/3/5 2481/3/5
f 2484/3/5 2483/3/5 2482/3/5
f 2484/3/5 2480/3/5 2479/3/5
f 2484/3/5 2479/3/5 2478/3/5
f 2484/3/5 2478/3/5 2477/3/5
f 2484/3/5 2477/3/5 2476/3/5
f 2484/3/5 2476/3/5 2475/3/5
f 2484/3/5 2475/3/5 2474/3/5
f 2484/3/5 2474/3/5 2473/3/5
f 2484/3/5 2473/3/5 2472/3/5
f 2484/3/5 2472/3/5 2471/3/5
f 2484/3/5 2471/3/5 2470/3/5
f 2484/3/5 2470/3/5 2469/3/5
f 2484/3/5 2469/3/5 2468/3/5
f 2484/3/5 2468/3/5 2467/3/5
f 2484/3/5 2467/3/5 2466/3/5
f 2484/3/5 2466/3/5 2465/3/5
f 2484/3/5 2465/3/5 2464/3/5
f 2484/3/5 2464/3/5 2463/3/5
f 2484/3/5 2463/3/5 2462/3/5
f 2484/3/5 2481/3/5 2480/3/5
f 2485/3/5 2483/3/5 2484/3/5
f 2488/1/5 2487/1/5 2486/1/5
f 2489/1/5 2487/1/5 2488/1/5
f 2490/1/5 2487/1/5 2489/1/5
f 2491/1/5 2487/1/5 2490/1/5
f 2492/1/5 2487/1/5 2491/1/5
f 2493/1/5 2487/1/5 2492/1/5
f 2494/1/5 2487/1/5 2493/1/5
f 2495/1/5 2487/1/5 2494/1/5
f 2496/1/5 2487/1/5 2495/1/5
f 2497/1/5 2487/1/5 2496/1/5
f 2498/1/5 2487/1/5 2497/1/5
f 2499/1/5 2487/1/5 2498/1/5
f 2500/1/5 2487/1/5 2499/1/5
f 2501/1/5 2487/1/5 2500/1/5
f 2502/1/5 2487/1/5 2501/1/5
f 2503/1/5 2487/1/5 2502/1/5
f 2504/1/5 2487/1/5 2503/1/5
f 2505/1/5 2487/1/5 2504/1/5
f 2506/1/5 2487/1/5 2505/1/5
f 2507/1/5 2487/1/5 2506/1/5
f 2508/1/5 2487/1/5 2507/1/5
f 2509/1/5 2487/1/5 2508/1/5
f 2526/1/5 2511/1/5 2510/1/5
f 2526/1/5 2525/1/5 2524/1/5
f 2526/1/5 2524/1/5 2523/1/5
f 2526/1/5 2523/1/5 2522/1/5
f 2526/1/5 2522/1/5 2521/1/5
f 2526/1/5 2521/1/5 2520/1/5
f 2526/1/5 2520/1/5 2519/1/5
f 2526/1/5 2519/1/5 2518/1/5
f 2526/1/5 2518/1/5 2517/1/5
f 2526/1/5 2517/1/5 2516/1/5
f 2526/1/5 2516/1/5 2515/1/5
f 2526/1/5 2515/1/5 2514/1/5
f 2526/1/5 2514/1/5 2513/1/5
f 2526/1/5 2513/1/5 2512/1/5
f 2526/1/5 2512/1/5 2511/1/5
f 2527/1/5 2525/1/5 2526/1/5
f 2530/3/5 2529/3/5 2528/3/5
f 2531/3/5 2529/3/5 2530/3/5
f 2532/3/6 2533/3/6 2545/3/6
f 2542/3/6 2543/3/6 2545/3/6
f 2541/3/6 2542/3/6 2545/3/6
f 2540/3/6 2541/3/6 2545/3/6
f 2539/3/6 2540/3/6 2545/3/6
f 2538/3/6 2539/3/6 2545/3/6
f 2537/3/6 2538/3/6 2545/3/6
f 2536/3/6 2537/3/6 2545/3/6
f 2535/3/6 2536/3/6 2545/3/6
f 2534/3/6 2535/3/6 2545/3/6
f 2533/3/6 2534/3/6 2545/3/6
f 2545/3/6 2543/3/6 2546/3/6
f 2544/3/6 2545/3/6 2547/3/6
f 2547/3/6 2545/3/6 2548/3/6
f 2548/3/6 2549/3/6 2550/3/6
f 2550/3/6 2549/3/6 2551/3/6
f 2551/3/6 2549/3/6 2552/3/6
f 2552/3/6 2549/3/6 2553/3/6
f 2553/3/6 2549/3/6 2554/3/6
f 2554/3/6 2549/3/6 2555/3/6
f 2555/3/6 2549/3/6 2556/3/6
f 2556/3/6 2549/3/6 2557/3/6
f 2557/3/6 2549/3/6 2558/3/6
f 2558/3/6 2549/3/6 2559/3/6
f 2559/3/6 2549/3/6 2560/3/6
f 2560/3/6 2549/3/6 2561/3/6
f 2562/3/6 2563/3/6 2582/3/6
f 2579/3/6 2580/3/6 2582/3/6
f 2578/3/6 2579/3/6 2582/3/6
f 2577/3/6 2578/3/6 2582/3/6
f 2576/3/6 2577/3/6 2582/3/6
f 2575/3/6 2576/3/6 2582/3/6
f 2574/3/6 2575/3/6 2582/3/6
f 2573/3/6 2574/3/6 2582/3/6
f 2572/3/6 2573/3/6 2582/3/6
f 2571/3/6 2572/3/6 2582/3/6
f 2570/3/6 2571/3/6 2582/3/6
f 2569/3/6 2570/3/6 2582/3/6
f 2568/3/6 2569/3/6 2582/3/6
f 2567/3/6 2568/3/6 2582/3/6
f 2566/3/6 2567/3/6 2582/3/6
f 2565/3/6 2566/3/6 2582/3/6
f 2564/3/6 2565/3/6 2582/3/6
f 2563/3/6 2564/3/6 2582/3/6
f 2582/3/6 2580/3/6 2583/3/6
f 2583/3/6 2580/3/6 2584/3/6
f 2584/3/6 2580/3/6 2585/3/6
f 2585/3/6 2580/3/6 2586/3/6
f 2586/3/6 2580/3/6 2587/3/6
f 2587/3/6 2580/3/6 2588/3/6
f 2588/3/6 2580/3/6 2589/3/6
f 2589/3/6 2580/3/6 2590/3/6
f 2590/3/6 2580/3/6 2591/3/6
f 2591/3/6 2580/3/6 2592/3/6
f 2592/3/6 2580/3/6 2593/3/6
f 2593/3/6 2580/3/6 2594/3/6
f 2594/3/6 2580/3/6 2595/3/6
f 2581/3/6 2582/3/6 2596/3/6
f 2596/3/6 2582/3/6 2597/3/6
f 2610/1/6 2611/1/6 2612/1/6
f 2609/1/6 2610/1/6 2612/1/6
f 2608/1/6 2609/1/6 2612/1/6
f 2607/1/6 2608/1/6 2612/1/6
f 2606/1/6 2607/1/6 2612/1/6
f 2605/1/6 2606/1/6 2612/1/6
f 2604/1/6 2605/1/6 2612/1/6
f 2603/1/6 2604/1/6 2612/1/6
f 2602/1/6 2603/1/6 2612/1/6
f 2601/1/6 2602/1/6 2612/1/6
f 2600/1/6 2601/1/6 2612/1/6
f 2599/1/6 2600/1/6 2612/1/6
f 2598/1/6 2599/1/6 2612/1/6
f 2612/1/6 2611/1/6 2613/1/6
f 2613/1/6 2611/1/6 2614/1/6
f 2614/1/6 2611/1/6 2615/1/6
f 2615/1/6 2611/1/6 2616/1/6
f 2616/1/6 2611/1/6 2617/1/6
f 2617/1/6 2611/1/6 2618/1/6
f 2618/1/6 2611/1/6 2619/1/6
f 2619/1/6 2611/1/6 2620/1/6
f 2620/1/6 2611/1/6 2621/1/6
f 2598/1/6 2612/1/6 2622/1/6
f 2612/2/6 2613/2/6 2622/2/6
f 2622/2/6 2613/2/6 2623/2/6
f 2623/2/6 2613/2/6 2624/2/6
f 2613/1/6 2614/1/6 2625/1/6
f 2624/2/6 2613/2/6 2625/2/6
f 2614/2/6 2615/2/6 2626/2/6
f 2625/1/6 2614/1/6 2626/1/6
f 2626/2/6 2615/2/6 2627/2/6
f 2627/2/6 2615/2/6 2628/2/6
f 2615/1/6 2616/1/6 2629/1/6
f 2628/2/6 2615/2/6 2629/2/6
f 2616/2/6 2617/2/6 2630/2/6
f 2629/1/6 2616/1/6 2630/1/6
f 2630/2/6 2617/2/6 2631/2/6
f 2631/2/6 2617/2/6 2632/2/6
f 2617/1/6 2618/1/6 2633/1/6
f 2632/2/6 2617/2/6 2633/2/6
f 2618/2/6 2619/2/6 2634/2/6
f 2633/1/6 2618/1/6 2634/1/6
f 2634/2/6 2619/2/6 2635/2/6
f 2635/2/6 2619/2/6 2636/2/6
f 2636/2/6 2619/2/6 2637/2/6
f 2637/2/6 2619/2/6 2638/2/6
f 2638/2/6 2619/2/6 2639/2/6
f 2620/2/6 2621/2/6 2640/2/6
f 2619/1/6 2620/1/6 2640/1/6
f 2640/2/6 2621/2/6 2641/2/6
f 2641/2/6 2621/2/6 2642/2/6
f 2621/1/6 2611/1/6 2643/1/6
f 2642/2/6 2621/2/6 2643/2/6
f 2598/1/6 2622/1/6 2644/1/6
f 2622/1/6 2623/1/6 2644/1/6
f 2623/2/6 2624/2/6 2645/2/6
f 2644/1/6 2623/1/6 2645/1/6
f 2624/1/6 2625/1/6 2646/1/6
f 2645/2/6 2624/2/6 2646/2/6
f 2625/1/6 2626/1/6 2646/1/6
f 2626/1/6 2627/1/6 2646/1/6
f 2646/1/6 2627/1/6 2647/1/6
f 2627/2/6 2628/2/6 2648/2/6
f 2628/1/6 2629/1/6 2648/1/6
f 2629/1/6 2630/1/6 2648/1/6
f 2630/1/6 2631/1/6 2648/1/6
f 2648/1/6 2631/1/6 2649/1/6
f 2631/2/6 2632/2/6 2650/2/6
f 2632/1/6 2633/1/6 2650/1/6
f 2633/1/6 2634/1/6 2650/1/6
f 2634/1/6 2635/1/6 2650/1/6
f 2635/2/6 2636/2/6 2651/2/6
f 2650/1/6 2635/1/6 2651/1/6
f 2636/1/6 2637/1/6 2652/1/6
f 2651/2/6 2636/2/6 2652/2/6
f 2637/2/6 2638/2/6 2653/2/6
f 2652/1/6 2637/1/6 2653/1/6
f 2638/1/6 2639/1/6 2654/1/6
f 2639/2/6 2619/2/6 2655/2/6
f 2654/1/6 2639/1/6 2655/1/6
f 2640/1/6 2641/1/6 2656/1/6
f 2619/1/6 2640/1/6 2656/1/6
f 2641/2/6 2642/2/6 2657/2/6
f 2656/1/6 2641/1/6 2657/1/6
f 2642/1/6 2643/1/6 2658/1/6
f 2657/2/6 2642/2/6 2658/2/6
f 2643/1/6 2611/1/6 2659/1/6
f 2658/1/6 2643/1/6 2659/1/6
f 2598/1/6 2644/1/6 2660/1/6
f 2644/2/6 2645/2/6 2660/2/6
f 2646/2/6 2647/2/6 2660/2/6
f 2645/2/6 2646/2/6 2660/2/6
f 2660/2/6 2647/2/6 2661/2/6
f 2647/1/6 2627/1/6 2662/1/6
f 2648/2/6 2649/2/6 2662/2/6
f 2627/2/6 2648/2/6 2662/2/6
f 2662/2/6 2649/2/6 2663/2/6
f 2663/2/6 2649/2/6 2664/2/6
f 2649/1/6 2631/1/6 2665/1/6
f 2664/2/6 2649/2/6 2665/2/6
f 2652/2/6 2653/2/6 2666/2/6
f 2665/1/6 2631/1/6 2666/1/6
f 2631/2/6 2650/2/6 2666/2/6
f 2651/2/6 2652/2/6 2666/2/6
f 2650/2/6 2651/2/6 2666/2/6
f 2666/2/6 2653/2/6 2667/2/6
f 2667/2/6 2653/2/6 2668/2/6
f 2638/1/6 2654/1/6 2669/1/6
f 2668/2/6 2653/2/6 2669/2/6
f 2653/2/6 2638/2/6 2669/2/6
f 2654/2/6 2655/2/6 2670/2/6
f 2619/1/6 2656/1/6 2671/1/6
f 2670/2/6 2655/2/6 2671/2/6
f 2655/2/6 2619/2/6 2671/2/6
f 2658/2/6 2659/2/6 2672/2/6
f 2671/1/6 2656/1/6 2672/1/6
f 2657/2/6 2658/2/6 2672/2/6
f 2656/2/6 2657/2/6 2672/2/6
f 2672/2/6 2659/2/6 2673/2/6
f 2660/1/6 2661/1/6 2674/1/6
f 2598/1/6 2660/1/6 2674/1/6
f 2674/1/6 2661/1/6 2675/1/6
f 2675/1/6 2661/1/6 2676/1/6
f 2661/2/6 2647/2/6 2677/2/6
f 2676/1/6 2661/1/6 2677/1/6
f 2662/1/6 2663/1/6 2678/1/6
f 2677/2/6 2647/2/6 2678/2/6
f 2647/1/6 2662/1/6 2678/1/6
f 2678/1/6 2663/1/6 2679/1/6
f 2664/1/6 2665/1/6 2680/1/6
f 2663/2/6 2664/2/6 2680/2/6
f 2666/1/6 2667/1/6 2680/1/6
f 2665/1/6 2666/1/6 2680/1/6
f 2680/1/6 2667/1/6 2681/1/6
f 2667/2/6 2668/2/6 2682/2/6
f 2668/1/6 2669/1/6 2682/1/6
f 2682/1/6 2669/1/6 2683/1/6
f 2683/1/6 2669/1/6 2684/1/6
f 2654/2/6 2670/2/6 2685/2/6
f 2684/1/6 2669/1/6 2685/1/6
f 2669/1/6 2654/1/6 2685/1/6
f 2670/1/6 2671/1/6 2686/1/6
f 2685/2/6 2670/2/6 2686/2/6
f 2672/1/6 2673/1/6 2686/1/6
f 2671/1/6 2672/1/6 2686/1/6
f 2686/1/6 2673/1/6 2687/1/6
f 2687/1/6 2673/1/6 2688/1/6
f 2673/2/6 2659/2/6 2689/2/6
f 2688/1/6 2673/1/6 2689/1/6
f 2598/1/6 2674/1/6 2690/1/6
f 2674/2/6 2675/2/6 2690/2/6
f 2675/1/6 2676/1/6 2691/1/6
f 2690/2/6 2675/2/6 2691/2/6
f 2678/2/6 2679/2/6 2692/2/6
f 2677/2/6 2678/2/6 2692/2/6
f 2676/2/6 2677/2/6 2692/2/6
f 2679/1/6 2663/1/6 2693/1/6
f 2692/2/6 2679/2/6 2693/2/6
f 2680/2/6 2681/2/6 2694/2/6
f 2693/1/6 2663/1/6 2694/1/6
f 2663/2/6 2680/2/6 2694/2/6
f 2694/2/6 2681/2/6 2695/2/6
f 2695/2/6 2681/2/6 2696/2/6
f 2681/1/6 2667/1/6 2697/1/6
f 2696/2/6 2681/2/6 2697/2/6
f 2667/2/6 2682/2/6 2698/2/6
f 2697/1/6 2667/1/6 2698/1/6
f 2682/2/6 2683/2/6 2698/2/6
f 2698/2/6 2683/2/6 2699/2/6
f 2699/2/6 2683/2/6 2700/2/6
f 2683/1/6 2684/1/6 2701/1/6
f 2700/2/6 2683/2/6 2701/2/6
f 2684/2/6 2685/2/6 2702/2/6
f 2701/1/6 2684/1/6 2702/1/6
f 2686/2/6 2687/2/6 2702/2/6
f 2685/2/6 2686/2/6 2702/2/6
f 2702/2/6 2687/2/6 2703/2/6
f 2703/2/6 2687/2/6 2704/2/6
f 2687/1/6 2688/1/6 2705/1/6
f 2704/2/6 2687/2/6 2705/2/6
f 2688/2/6 2689/2/6 2706/2/6
f 2705/1/6 2688/1/6 2706/1/6
f 2706/2/6 2689/2/6 2707/2/6
f 2689/2/6 2659/2/6 2708/2/6
f 2707/2/6 2689/2/6 2708/2/6
f 2659/1/6 2611/1/6 2709/1/6
f 2708/2/6 2659/2/6 2709/2/6
f 2598/1/6 2690/1/6 2710/1/6
f 2690/1/6 2691/1/6 2710/1/6
f 2710/1/6 2691/1/6 2711/1/6
f 2691/1/6 2676/1/6 2712/1/6
f 2711/1/6 2691/1/6 2712/1/6
f 2676/2/6 2692/2/6 2713/2/6
f 2712/1/6 2676/1/6 2713/1/6
f 2692/1/6 2693/1/6 2714/1/6
f 2713/2/6 2692/2/6 2714/2/6
f 2694/1/6 2695/1/6 2714/1/6
f 2693/1/6 2694/1/6 2714/1/6
f 2714/1/6 2695/1/6 2715/1/6
f 2695/2/6 2696/2/6 2716/2/6
f 2696/1/6 2697/1/6 2716/1/6
f 2698/1/6 2699/1/6 2716/1/6
f 2697/1/6 2698/1/6 2716/1/6
f 2716/1/6 2699/1/6 2717/1/6
f 2717/1/6 2699/1/6 2718/1/6
f 2699/2/6 2700/2/6 2719/2/6
f 2718/1/6 2699/1/6 2719/1/6
f 2700/1/6 2701/1/6 2720/1/6
f 2702/1/6 2703/1/6 2720/1/6
f 2701/1/6 2702/1/6 2720/1/6
f 2703/2/6 2704/2/6 2721/2/6
f 2720/1/6 2703/1/6 2721/1/6
f 2706/1/6 2707/1/6 2722/1/6
f 2704/1/6 2705/1/6 2722/1/6
f 2705/1/6 2706/1/6 2722/1/6
f 2707/2/6 2708/2/6 2723/2/6
f 2722/1/6 2707/1/6 2723/1/6
f 2708/1/6 2709/1/6 2724/1/6
f 2723/2/6 2708/2/6 2724/2/6
f 2709/1/6 2611/1/6 2725/1/6
f 2724/1/6 2709/1/6 2725/1/6
f 2710/2/6 2711/2/6 2726/2/6
f 2598/1/6 2710/1/6 2726/1/6
f 2711/1/6 2712/1/6 2727/1/6
f 2726/2/6 2711/2/6 2727/2/6
f 2714/2/6 2715/2/6 2728/2/6
f 2727/1/6 2712/1/6 2728/1/6
f 2712/2/6 2713/2/6 2728/2/6
f 2713/2/6 2714/2/6 2728/2/6
f 2715/1/6 2695/1/6 2729/1/6
f 2728/2/6 2715/2/6 2729/2/6
f 2716/2/6 2717/2/6 2730/2/6
f 2729/1/6 2695/1/6 2730/1/6
f 2695/2/6 2716/2/6 2730/2/6
f 2717/1/6 2718/1/6 2731/1/6
f 2730/2/6 2717/2/6 2731/2/6
f 2718/2/6 2719/2/6 2732/2/6
f 2731/1/6 2718/1/6 2732/1/6
f 2719/2/6 2700/2/6 2733/2/6
f 2732/2/6 2719/2/6 2733/2/6
f 2700/1/6 2720/1/6 2733/1/6
f 2720/2/6 2721/2/6 2734/2/6
f 2733/1/6 2720/1/6 2734/1/6
f 2704/1/6 2722/1/6 2735/1/6
f 2734/2/6 2721/2/6 2735/2/6
f 2721/2/6 2704/2/6 2735/2/6
f 2723/2/6 2724/2/6 2736/2/6
f 2735/1/6 2722/1/6 2736/1/6
f 2722/2/6 2723/2/6 2736/2/6
f 2724/2/6 2725/2/6 2736/2/6
f 2725/1/6 2611/1/6 2737/1/6
f 2736/2/6 2725/2/6 2737/2/6
f 2729/1/6 2730/1/6 2740/1/6
f 2727/1/6 2728/1/6 2740/1/6
f 2733/1/6 2734/1/6 2740/1/6
f 2736/1/6 2737/1/6 2740/1/6
f 2726/1/6 2727/1/6 2740/1/6
f 2730/1/6 2731/1/6 2740/1/6
f 2728/1/6 2729/1/6 2740/1/6
f 2732/1/6 2733/1/6 2740/1/6
f 2735/1/6 2736/1/6 2740/1/6
f 2598/1/6 2726/1/6 2740/1/6
f 2734/1/6 2735/1/6 2740/1/6
f 2731/1/6 2732/1/6 2740/1/6
f 2740/1/6 2737/1/6 2741/1/6
f 2741/1/6 2737/1/6 2742/1/6
f 2742/1/6 2737/1/6 2743/1/6
f 2743/1/6 2737/1/6 2744/1/6
f 2744/1/6 2737/1/6 2745/1/6
f 2745/1/6 2737/1/6 2746/1/6
f 2746/1/6 2737/1/6 2747/1/6
f 2747/1/6 2737/1/6 2748/1/6
f 2748/1/6 2737/1/6 2749/1/6
f 2749/1/6 2737/1/6 2750/1/6
f 2750/1/6 2737/1/6 2751/1/6
f 2737/1/6 2611/1/6 2752/1/6
f 2751/1/6 2737/1/6 2752/1/6
f 2752/1/6 2611/1/6 2753/1/6
f 2738/3/6 2739/3/6 2754/3/6
f 2754/3/6 2739/3/6 2755/3/6
f 2766/3/6 2767/3/6 2769/3/6
f 2767/3/6 2768/3/6 2769/3/6
f 2765/3/6 2766/3/6 2769/3/6
f 2764/3/6 2765/3/6 2769/3/6
f 2763/3/6 2764/3/6 2769/3/6
f 2762/3/6 2763/3/6 2769/3/6
f 2761/3/6 2762/3/6 2769/3/6
f 2760/3/6 2761/3/6 2769/3/6
f 2759/3/6 2760/3/6 2769/3/6
f 2758/3/6 2759/3/6 2769/3/6
f 2757/3/6 2758/3/6 2769/3/6
f 2756/3/6 2757/3/6 2769/3/6
f 2755/3/6 2756/3/6 2769/3/6
f 2769/3/6 2768/3/6 2770/3/6
f 2770/3/6 2768/3/6 2771/3/6
f 2771/3/6 2768/3/6 2772/3/6
f 2772/3/6 2768/3/6 2773/3/6
f 2773/3/6 2768/3/6 2774/3/6
f 2774/3/6 2768/3/6 2775/3/6
f 2775/3/6 2768/3/6 2776/3/6
f 2776/3/6 2768/3/6 2777/3/6
f 2777/3/6 2768/3/6 2778/3/6
f 2778/3/6 2768/3/6 2779/3/6
f 2779/3/6 2768/3/6 2780/3/6
f 2780/3/6 2768/3/6 2781/3/6
f 2781/3/6 2768/3/6 2782/3/6
f 2783/3/6 2784/3/6 2800/3/6
f 2797/3/6 2798/3/6 2800/3/6
f 2796/3/6 2797/3/6 2800/3/6
f 2795/3/6 2796/3/6 2800/3/6
f 2794/3/6 2795/3/6 2800/3/6
f 2793/3/6 2794/3/6 2800/3/6
f 2792/3/6 2793/3/6 2800/3/6
f 2791/3/6 2792/3/6 2800/3/6
f 2790/3/6 2791/3/6 2800/3/6
f 2789/3/6 2790/3/6 2800/3/6
f 2788/3/6 2789/3/6 2800/3/6
f 2787/3/6 2788/3/6 2800/3/6
f 2786/3/6 2787/3/6 2800/3/6
f 2785/3/6 2786/3/6 2800/3/6
f 2784/3/6 2785/3/6 2800/3/6
f 2800/3/6 2798/3/6 2801/3/6
f 2801/3/6 2798/3/6 2802/3/6
f 2802/3/6 2798/3/6 2803/3/6
f 2803/3/6 2798/3/6 2804/3/6
f 2804/3/6 2798/3/6 2805/3/6
f 2805/3/6 2798/3/6 2806/3/6
f 2806/3/6 2798/3/6 2807/3/6
f 2807/3/6 2798/3/6 2808/3/6
f 2808/3/6 2798/3/6 2809/3/6
f 2809/3/6 2798/3/6 2810/3/6
f 2810/3/6 2798/3/6 2811/3/6
f 2799/3/6 2800/3/6 2812/3/6
f 2812/3/6 2800/3/6 2813/3/6
f 2815/2/6 2816/2/6 2838/2/6
f 2816/2/6 2817/2/6 2838/2/6
f 2817/2/6 2818/2/6 2838/2/6
f 2818/1/6 2819/1/6 2839/1/6
f 2838/2/6 2818/2/6 2839/2/6
f 2819/2/6 2820/2/6 2840/2/6
f 2820/2/6 2821/2/6 2840/2/6
f 2821/2/6 2822/2/6 2840/2/6
f 2822/1/6 2823/1/6 2841/1/6
f 2840/2/6 2822/2/6 2841/2/6
f 2823/2/6 2824/2/6 2842/2/6
f 2824/2/6 2825/2/6 2842/2/6
f 2825/2/6 2826/2/6 2842/2/6
f 2842/2/6 2826/2/6 2843/2/6
f 2843/2/6 2826/2/6 2844/2/6
f 2826/1/6 2827/1/6 2845/1/6
f 2844/2/6 2826/2/6 2845/2/6
f 2827/2/6 2828/2/6 2846/2/6
f 2845/1/6 2827/1/6 2846/1/6
f 2828/2/6 2829/2/6 2846/2/6
f 2829/2/6 2830/2/6 2846/2/6
f 2846/2/6 2830/2/6 2847/2/6
f 2847/2/6 2830/2/6 2848/2/6
f 2830/1/6 2831/1/6 2849/1/6
f 2848/2/6 2830/2/6 2849/2/6
f 2832/2/6 2833/2/6 2850/2/6
f 2831/2/6 2832/2/6 2850/2/6
f 2833/1/6 2834/1/6 2851/1/6
f 2850/2/6 2833/2/6 2851/2/6
f 2835/2/6 2836/2/6 2852/2/6
f 2834/2/6 2835/2/6 2852/2/6
f 2836/1/6 2837/1/6 2853/1/6
f 2852/2/6 2836/2/6 2853/2/6
f 2815/2/6 2838/2/6 2854/2/6
f 2838/1/6 2839/1/6 2854/1/6
f 2854/1/6 2839/1/6 2855/1/6
f 2839/1/6 2819/1/6 2856/1/6
f 2855/1/6 2839/1/6 2856/1/6
f 2819/2/6 2840/2/6 2857/2/6
f 2856/1/6 2819/1/6 2857/1/6
f 2840/1/6 2841/1/6 2858/1/6
f 2857/2/6 2840/2/6 2858/2/6
f 2858/1/6 2841/1/6 2859/1/6
f 2841/1/6 2823/1/6 2860/1/6
f 2859/1/6 2841/1/6 2860/1/6
f 2823/2/6 2842/2/6 2861/2/6
f 2860/1/6 2823/1/6 2861/1/6
f 2842/1/6 2843/1/6 2862/1/6
f 2861/2/6 2842/2/6 2862/2/6
f 2843/2/6 2844/2/6 2863/2/6
f 2862/1/6 2843/1/6 2863/1/6
f 2844/1/6 2845/1/6 2864/1/6
f 2863/2/6 2844/2/6 2864/2/6
f 2845/1/6 2846/1/6 2864/1/6
f 2846/1/6 2847/1/6 2864/1/6
f 2864/1/6 2847/1/6 2865/1/6
f 2865/1/6 2847/1/6 2866/1/6
f 2847/2/6 2848/2/6 2867/2/6
f 2866/1/6 2847/1/6 2867/1/6
f 2849/1/6 2831/1/6 2868/1/6
f 2848/1/6 2849/1/6 2868/1/6
f 2831/2/6 2850/2/6 2869/2/6
f 2868/1/6 2831/1/6 2869/1/6
f 2850/1/6 2851/1/6 2870/1/6
f 2869/2/6 2850/2/6 2870/2/6
f 2870/1/6 2851/1/6 2871/1/6
f 2851/1/6 2834/1/6 2872/1/6
f 2871/1/6 2851/1/6 2872/1/6
f 2834/2/6 2852/2/6 2873/2/6
f 2872/1/6 2834/1/6 2873/1/6
f 2852/1/6 2853/1/6 2874/1/6
f 2873/2/6 2852/2/6 2874/2/6
f 2853/1/6 2837/1/6 2875/1/6
f 2874/1/6 2853/1/6 2875/1/6
f 2814/1/6 2815/1/6 2876/1/6
f 2854/2/6 2855/2/6 2877/2/6
f 2876/1/6 2815/1/6 2877/1/6
f 2815/2/6 2854/2/6 2877/2/6
f 2855/1/6 2856/1/6 2878/1/6
f 2877/2/6 2855/2/6 2878/2/6
f 2858/2/6 2859/2/6 2879/2/6
f 2878/1/6 2856/1/6 2879/1/6
f 2856/2/6 2857/2/6 2879/2/6
f 2857/2/6 2858/2/6 2879/2/6
f 2859/1/6 2860/1/6 2880/1/6
f 2879/2/6 2859/2/6 2880/2/6
f 2861/2/6 2862/2/6 2881/2/6
f 2880/1/6 2860/1/6 2881/1/6
f 2862/2/6 2863/2/6 2881/2/6
f 2863/2/6 2864/2/6 2881/2/6
f 2860/2/6 2861/2/6 2881/2/6
f 2864/2/6 2865/2/6 2881/2/6
f 2865/1/6 2866/1/6 2882/1/6
f 2881/2/6 2865/2/6 2882/2/6
f 2866/2/6 2867/2/6 2883/2/6
f 2882/1/6 2866/1/6 2883/1/6
f 2848/1/6 2868/1/6 2884/1/6
f 2883/2/6 2867/2/6 2884/2/6
f 2867/2/6 2848/2/6 2884/2/6
f 2870/2/6 2871/2/6 2885/2/6
f 2884/1/6 2868/1/6 2885/1/6
f 2868/2/6 2869/2/6 2885/2/6
f 2869/2/6 2870/2/6 2885/2/6
f 2871/1/6 2872/1/6 2886/1/6
f 2885/2/6 2871/2/6 2886/2/6
f 2873/2/6 2874/2/6 2887/2/6
f 2886/1/6 2872/1/6 2887/1/6
f 2872/2/6 2873/2/6 2887/2/6
f 2874/2/6 2875/2/6 2887/2/6
f 2875/1/6 2837/1/6 2888/1/6
f 2887/2/6 2875/2/6 2888/2/6
f 2888/1/6 2837/1/6 2889/1/6
f 2890/1/6 2891/1/6 2904/1/6
f 2891/2/6 2892/2/6 2904/2/6
f 2904/2/6 2892/2/6 2905/2/6
f 2892/1/6 2893/1/6 2906/1/6
f 2893/2/6 2894/2/6 2906/2/6
f 2906/2/6 2894/2/6 2907/2/6
f 2907/2/6 2894/2/6 2908/2/6
f 2894/1/6 2895/1/6 2909/1/6
f 2908/2/6 2894/2/6 2909/2/6
f 2895/2/6 2896/2/6 2910/2/6
f 2909/1/6 2895/1/6 2910/1/6
f 2910/2/6 2896/2/6 2911/2/6
f 2911/2/6 2896/2/6 2912/2/6
f 2896/1/6 2897/1/6 2913/1/6
f 2912/2/6 2896/2/6 2913/2/6
f 2897/2/6 2898/2/6 2914/2/6
f 2913/1/6 2897/1/6 2914/1/6
f 2914/2/6 2898/2/6 2915/2/6
f 2915/2/6 2898/2/6 2916/2/6
f 2898/1/6 2899/1/6 2917/1/6
f 2916/2/6 2898/2/6 2917/2/6
f 2899/2/6 2900/2/6 2918/2/6
f 2900/1/6 2901/1/6 2919/1/6
f 2918/2/6 2900/2/6 2919/2/6
f 2904/1/6 2905/1/6 2920/1/6
f 2890/1/6 2904/1/6 2920/1/6
f 2905/2/6 2892/2/6 2921/2/6
f 2920/1/6 2905/1/6 2921/1/6
f 2892/1/6 2906/1/6 2922/1/6
f 2921/2/6 2892/2/6 2922/2/6
f 2906/1/6 2907/1/6 2922/1/6
f 2922/1/6 2907/1/6 2923/1/6
f 2923/1/6 2907/1/6 2924/1/6
f 2907/2/6 2908/2/6 2925/2/6
f 2924/1/6 2907/1/6 2925/1/6
f 2908/1/6 2909/1/6 2926/1/6
f 2925/2/6 2908/2/6 2926/2/6
f 2909/1/6 2910/1/6 2926/1/6
f 2910/1/6 2911/1/6 2926/1/6
f 2926/1/6 2911/1/6 2927/1/6
f 2927/1/6 2911/1/6 2928/1/6
f 2911/2/6 2912/2/6 2929/2/6
f 2928/1/6 2911/1/6 2929/1/6
f 2912/1/6 2913/1/6 2930/1/6
f 2929/2/6 2912/2/6 2930/2/6
f 2913/1/6 2914/1/6 2930/1/6
f 2914/1/6 2915/1/6 2930/1/6
f 2930/1/6 2915/1/6 2931/1/6
f 2931/1/6 2915/1/6 2932/1/6
f 2915/2/6 2916/2/6 2933/2/6
f 2932/1/6 2915/1/6 2933/1/6
f 2916/1/6 2917/1/6 2934/1/6
f 2933/2/6 2916/2/6 2934/2/6
f 2934/1/6 2917/1/6 2935/1/6
f 2917/1/6 2899/1/6 2936/1/6
f 2935/1/6 2917/1/6 2936/1/6
f 2899/2/6 2918/2/6 2937/2/6
f 2936/1/6 2899/1/6 2937/1/6
f 2918/1/6 2919/1/6 2938/1/6
f 2937/2/6 2918/2/6 2938/2/6
f 2938/1/6 2919/1/6 2939/1/6
f 2919/1/6 2901/1/6 2940/1/6
f 2939/1/6 2919/1/6 2940/1/6
f 2901/2/6 2902/2/6 2941/2/6
f 2940/1/6 2901/1/6 2941/1/6
f 2890/1/6 2920/1/6 2944/1/6
f 2920/2/6 2921/2/6 2945/2/6
f 2944/1/6 2920/1/6 2945/1/6
f 2922/2/6 2923/2/6 2945/2/6
f 2921/2/6 2922/2/6 2945/2/6
f 2945/2/6 2923/2/6 2946/2/6
f 2923/1/6 2924/1/6 2947/1/6
f 2946/2/6 2923/2/6 2947/2/6
f 2924/2/6 2925/2/6 2948/2/6
f 2947/1/6 2924/1/6 2948/1/6
f 2926/2/6 2927/2/6 2948/2/6
f 2925/2/6 2926/2/6 2948/2/6
f 2948/2/6 2927/2/6 2949/2/6
f 2949/2/6 2927/2/6 2950/2/6
f 2927/1/6 2928/1/6 2951/1/6
f 2950/2/6 2927/2/6 2951/2/6
f 2928/2/6 2929/2/6 2952/2/6
f 2951/1/6 2928/1/6 2952/1/6
f 2929/2/6 2930/2/6 2952/2/6
f 2930/2/6 2931/2/6 2952/2/6
f 2952/2/6 2931/2/6 2953/2/6
f 2931/1/6 2932/1/6 2954/1/6
f 2953/2/6 2931/2/6 2954/2/6
f 2934/2/6 2935/2/6 2955/2/6
f 2954/1/6 2932/1/6 2955/1/6
f 2932/2/6 2933/2/6 2955/2/6
f 2933/2/6 2934/2/6 2955/2/6
f 2955/2/6 2935/2/6 2956/2/6
f 2935/1/6 2936/1/6 2957/1/6
f 2956/2/6 2935/2/6 2957/2/6
f 2938/2/6 2939/2/6 2958/2/6
f 2957/1/6 2936/1/6 2958/1/6
f 2936/2/6 2937/2/6 2958/2/6
f 2937/2/6 2938/2/6 2958/2/6
f 2958/2/6 2939/2/6 2959/2/6
f 2959/2/6 2939/2/6 2960/2/6
f 2939/1/6 2940/1/6 2961/1/6
f 2960/2/6 2939/2/6 2961/2/6
f 2940/2/6 2941/2/6 2962/2/6
f 2961/1/6 2940/1/6 2962/1/6
f 2941/2/6 2902/2/6 2963/2/6
f 2962/2/6 2941/2/6 2963/2/6
f 2902/1/6 2903/1/6 2964/1/6
f 2963/2/6 2902/2/6 2964/2/6
f 2964/1/6 2903/1/6 2965/1/6
f 2942/3/6 2943/3/6 2966/3/6
f 2966/3/6 2943/3/6 2967/3/6
f 2978/3/6 2979/3/6 2981/3/6
f 2979/3/6 2980/3/6 2981/3/6
f 2976/3/6 2977/3/6 2981/3/6
f 2975/3/6 2976/3/6 2981/3/6
f 2974/3/6 2975/3/6 2981/3/6
f 2973/3/6 2974/3/6 2981/3/6
f 2972/3/6 2973/3/6 2981/3/6
f 2971/3/6 2972/3/6 2981/3/6
f 2970/3/6 2971/3/6 2981/3/6
f 2969/3/6 2970/3/6 2981/3/6
f 2968/3/6 2969/3/6 2981/3/6
f 2967/3/6 2968/3/6 2981/3/6
f 2977/3/6 2978/3/6 2981/3/6
f 2981/3/6 2980/3/6 2982/3/6
f 2982/3/6 2980/3/6 2983/3/6
f 2983/3/6 2980/3/6 2984/3/6
f 2984/3/6 2980/3/6 2985/3/6
f 2985/3/6 2980/3/6 2986/3/6
f 2986/3/6 2980/3/6 2987/3/6
f 2987/3/6 2980/3/6 2988/3/6
f 2988/3/6 2980/3/6 2989/3/6
f 2989/3/6 2980/3/6 2990/3/6
f 2990/3/6 2980/3/6 2991/3/6
f 2991/3/6 2980/3/6 2992/3/6
f 2992/3/6 2980/3/6 2993/3/6
f 2993/3/6 2980/3/6 2994/3/6
f 2994/3/6 2980/3/6 2995/3/6
f 2995/3/6 2980/3/6 2996/3/6
f 2996/3/6 2980/3/6 2997/3/6
f 2997/3/6 2980/3/6 2998/3/6
f 2998/3/6 2980/3/6 2999/3/6
f 2999/3/6 2980/3/6 3000/3/6
f 3001/1/6 3002/1/6 3018/1/6
f 3018/1/6 3002/1/6 3019/1/6
f 3019/1/6 3002/1/6 3020/1/6
f 3002/2/6 3003/2/6 3021/2/6
f 3020/1/6 3002/1/6 3021/1/6
f 3003/1/6 3004/1/6 3022/1/6
f 3021/2/6 3003/2/6 3022/2/6
f 3022/1/6 3004/1/6 3023/1/6
f 3004/2/6 3005/2/6 3024/2/6
f 3023/1/6 3004/1/6 3024/1/6
f 3024/2/6 3005/2/6 3025/2/6
f 3005/1/6 3006/1/6 3026/1/6
f 3025/2/6 3005/2/6 3026/2/6
f 3006/2/6 3007/2/6 3027/2/6
f 3026/1/6 3006/1/6 3027/1/6
f 3027/2/6 3007/2/6 3028/2/6
f 3007/1/6 3008/1/6 3029/1/6
f 3028/2/6 3007/2/6 3029/2/6
f 3008/2/6 3009/2/6 3030/2/6
f 3029/1/6 3008/1/6 3030/1/6
f 3009/1/6 3010/1/6 3031/1/6
f 3030/2/6 3009/2/6 3031/2/6
f 3010/2/6 3011/2/6 3032/2/6
f 3031/1/6 3010/1/6 3032/1/6
f 3011/1/6 3012/1/6 3033/1/6
f 3032/2/6 3011/2/6 3033/2/6
f 3033/1/6 3012/1/6 3034/1/6
f 3012/2/6 3013/2/6 3035/2/6
f 3034/1/6 3012/1/6 3035/1/6
f 3035/2/6 3013/2/6 3036/2/6
f 3013/1/6 3014/1/6 3037/1/6
f 3036/2/6 3013/2/6 3037/2/6
f 3037/1/6 3014/1/6 3038/1/6
f 3014/2/6 3015/2/6 3039/2/6
f 3038/1/6 3014/1/6 3039/1/6
f 3015/1/6 3016/1/6 3040/1/6
f 3039/2/6 3015/2/6 3040/2/6
f 3040/1/6 3016/1/6 3041/1/6
f 3041/1/6 3016/1/6 3042/1/6
f 3042/1/6 3016/1/6 3043/1/6
f 3017/3/6 3018/3/6 3044/3/6
f 3044/3/6 3018/3/6 3045/3/6
f 3046/1/6 3047/1/6 3072/1/6
f 3047/2/6 3048/2/6 3072/2/6
f 3048/2/6 3049/2/6 3072/2/6
f 3049/2/6 3050/2/6 3072/2/6
f 3050/2/6 3051/2/6 3072/2/6
f 3051/2/6 3052/2/6 3072/2/6
f 3052/2/6 3053/2/6 3072/2/6
f 3072/2/6 3053/2/6 3073/2/6
f 3073/2/6 3053/2/6 3074/2/6
f 3074/2/6 3053/2/6 3075/2/6
f 3075/2/6 3053/2/6 3076/2/6
f 3053/1/6 3054/1/6 3077/1/6
f 3076/2/6 3053/2/6 3077/2/6
f 3054/2/6 3055/2/6 3078/2/6
f 3077/1/6 3054/1/6 3078/1/6
f 3055/2/6 3056/2/6 3078/2/6
f 3056/2/6 3057/2/6 3078/2/6
f 3057/2/6 3058/2/6 3078/2/6
f 3078/2/6 3058/2/6 3079/2/6
f 3058/1/6 3059/1/6 3080/1/6
f 3059/2/6 3060/2/6 3080/2/6
f 3060/2/6 3061/2/6 3080/2/6
f 3080/2/6 3061/2/6 3081/2/6
f 3081/2/6 3061/2/6 3082/2/6
f 3061/1/6 3062/1/6 3083/1/6
f 3082/2/6 3061/2/6 3083/2/6
f 3067/2/6 3068/2/6 3084/2/6
f 3083/1/6 3062/1/6 3084/1/6
f 3066/2/6 3067/2/6 3084/2/6
f 3065/2/6 3066/2/6 3084/2/6
f 3064/2/6 3065/2/6 3084/2/6
f 3063/2/6 3064/2/6 3084/2/6
f 3062/2/6 3063/2/6 3084/2/6
f 3084/2/6 3068/2/6 3085/2/6
f 3085/2/6 3068/2/6 3086/2/6
f 3068/1/6 3069/1/6 3087/1/6
f 3086/2/6 3068/2/6 3087/2/6
f 3046/1/6 3072/1/6 3088/1/6
f 3072/1/6 3073/1/6 3088/1/6
f 3073/2/6 3074/2/6 3089/2/6
f 3088/1/6 3073/1/6 3089/1/6
f 3074/1/6 3075/1/6 3090/1/6
f 3089/2/6 3074/2/6 3090/2/6
f 3075/2/6 3076/2/6 3091/2/6
f 3090/1/6 3075/1/6 3091/1/6
f 3076/1/6 3077/1/6 3092/1/6
f 3091/2/6 3076/2/6 3092/2/6
f 3078/1/6 3079/1/6 3092/1/6
f 3077/1/6 3078/1/6 3092/1/6
f 3079/2/6 3058/2/6 3093/2/6
f 3092/1/6 3079/1/6 3093/1/6
f 3080/1/6 3081/1/6 3094/1/6
f 3093/2/6 3058/2/6 3094/2/6
f 3058/1/6 3080/1/6 3094/1/6
f 3081/2/6 3082/2/6 3095/2/6
f 3094/1/6 3081/1/6 3095/1/6
f 3082/1/6 3083/1/6 3096/1/6
f 3095/2/6 3082/2/6 3096/2/6
f 3083/1/6 3084/1/6 3096/1/6
f 3084/1/6 3085/1/6 3096/1/6
f 3085/2/6 3086/2/6 3097/2/6
f 3096/1/6 3085/1/6 3097/1/6
f 3086/1/6 3087/1/6 3098/1/6
f 3097/2/6 3086/2/6 3098/2/6
f 3069/2/6 3070/2/6 3099/2/6
f 3098/1/6 3087/1/6 3099/1/6
f 3087/1/6 3069/1/6 3099/1/6
f 3070/1/6 3071/1/6 3100/1/6
f 3099/2/6 3070/2/6 3100/2/6
f 3100/1/6 3071/1/6 3101/1/6
f 3102/1/6 3103/1/6 3116/1/6
f 3116/1/6 3103/1/6 3117/1/6
f 3103/2/6 3104/2/6 3118/2/6
f 3104/1/6 3105/1/6 3118/1/6
f 3118/1/6 3105/1/6 3119/1/6
f 3105/2/6 3106/2/6 3120/2/6
f 3106/1/6 3107/1/6 3120/1/6
f 3107/2/6 3108/2/6 3121/2/6
f 3120/1/6 3107/1/6 3121/1/6
f 3108/1/6 3109/1/6 3122/1/6
f 3109/2/6 3110/2/6 3123/2/6
f 3122/1/6 3109/1/6 3123/1/6
f 3110/1/6 3111/1/6 3124/1/6
f 3123/2/6 3110/2/6 3124/2/6
f 3124/1/6 3111/1/6 3125/1/6
f 3125/1/6 3111/1/6 3126/1/6
f 3111/2/6 3112/2/6 3127/2/6
f 3126/1/6 3111/1/6 3127/1/6
f 3112/1/6 3113/1/6 3128/1/6
f 3113/2/6 3114/2/6 3129/2/6
f 3128/1/6 3113/1/6 3129/1/6
f 3114/1/6 3115/1/6 3130/1/6
f 3129/2/6 3114/2/6 3130/2/6
f 3130/1/6 3115/1/6 3131/1/6
f 3102/1/6 3116/1/6 3134/1/6
f 3116/2/6 3117/2/6 3135/2/6
f 3134/1/6 3116/1/6 3135/1/6
f 3135/2/6 3117/2/6 3136/2/6
f 3117/1/6 3103/1/6 3137/1/6
f 3136/2/6 3117/2/6 3137/2/6
f 3118/2/6 3119/2/6 3138/2/6
f 3137/1/6 3103/1/6 3138/1/6
f 3103/2/6 3118/2/6 3138/2/6
f 3138/2/6 3119/2/6 3139/2/6
f 3119/1/6 3105/1/6 3140/1/6
f 3139/2/6 3119/2/6 3140/2/6
f 3105/2/6 3120/2/6 3141/2/6
f 3140/1/6 3105/1/6 3141/1/6
f 3120/2/6 3121/2/6 3141/2/6
f 3141/2/6 3121/2/6 3142/2/6
f 3142/2/6 3121/2/6 3143/2/6
f 3143/2/6 3121/2/6 3144/2/6
f 3121/2/6 3108/2/6 3145/2/6
f 3144/2/6 3121/2/6 3145/2/6
f 3108/1/6 3122/1/6 3146/1/6
f 3145/2/6 3108/2/6 3146/2/6
f 3122/2/6 3123/2/6 3147/2/6
f 3146/1/6 3122/1/6 3147/1/6
f 3123/2/6 3124/2/6 3147/2/6
f 3124/2/6 3125/2/6 3147/2/6
f 3147/2/6 3125/2/6 3148/2/6
f 3148/2/6 3125/2/6 3149/2/6
f 3125/1/6 3126/1/6 3150/1/6
f 3149/2/6 3125/2/6 3150/2/6
f 3126/2/6 3127/2/6 3151/2/6
f 3150/1/6 3126/1/6 3151/1/6
f 3127/2/6 3112/2/6 3152/2/6
f 3151/2/6 3127/2/6 3152/2/6
f 3112/1/6 3128/1/6 3153/1/6
f 3152/2/6 3112/2/6 3153/2/6
f 3128/2/6 3129/2/6 3154/2/6
f 3153/1/6 3128/1/6 3154/1/6
f 3129/2/6 3130/2/6 3154/2/6
f 3130/2/6 3131/2/6 3154/2/6
f 3154/2/6 3131/2/6 3155/2/6
f 3155/2/6 3131/2/6 3156/2/6
f 3131/1/6 3115/1/6 3157/1/6
f 3156/2/6 3131/2/6 3157/2/6
f 3157/1/6 3115/1/6 3158/1/6
f 3132/3/6 3133/3/6 3159/3/6
f 3159/3/6 3133/3/6 3160/3/6
f 3160/1/6 3161/1/6 3187/1/6
f 3161/1/6 3162/1/6 3187/1/6
f 3162/1/6 3163/1/6 3187/1/6
f 3163/2/6 3164/2/6 3188/2/6
f 3187/1/6 3163/1/6 3188/1/6
f 3164/1/6 3165/1/6 3189/1/6
f 3188/2/6 3164/2/6 3189/2/6
f 3165/1/6 3166/1/6 3189/1/6
f 3166/2/6 3167/2/6 3190/2/6
f 3189/1/6 3166/1/6 3190/1/6
f 3167/1/6 3168/1/6 3191/1/6
f 3190/2/6 3167/2/6 3191/2/6
f 3168/1/6 3169/1/6 3191/1/6
f 3169/1/6 3170/1/6 3191/1/6
f 3170/1/6 3171/1/6 3191/1/6
f 3171/2/6 3172/2/6 3192/2/6
f 3191/1/6 3171/1/6 3192/1/6
f 3172/1/6 3173/1/6 3193/1/6
f 3192/2/6 3172/2/6 3193/2/6
f 3173/2/6 3174/2/6 3194/2/6
f 3193/1/6 3173/1/6 3194/1/6
f 3174/1/6 3175/1/6 3195/1/6
f 3194/2/6 3174/2/6 3195/2/6
f 3175/2/6 3176/2/6 3196/2/6
f 3195/1/6 3175/1/6 3196/1/6
f 3177/1/6 3178/1/6 3197/1/6
f 3196/2/6 3176/2/6 3197/2/6
f 3176/1/6 3177/1/6 3197/1/6
f 3178/2/6 3179/2/6 3198/2/6
f 3197/1/6 3178/1/6 3198/1/6
f 3179/1/6 3180/1/6 3199/1/6
f 3198/2/6 3179/2/6 3199/2/6
f 3180/2/6 3181/2/6 3200/2/6
f 3199/1/6 3180/1/6 3200/1/6
f 3181/1/6 3182/1/6 3201/1/6
f 3200/2/6 3181/2/6 3201/2/6
f 3182/2/6 3183/2/6 3202/2/6
f 3201/1/6 3182/1/6 3202/1/6
f 3183/1/6 3184/1/6 3203/1/6
f 3202/2/6 3183/2/6 3203/2/6
f 3184/2/6 3185/2/6 3204/2/6
f 3203/1/6 3184/1/6 3204/1/6
f 3185/1/6 3186/1/6 3205/1/6
f 3204/2/6 3185/2/6 3205/2/6
f 3205/1/6 3186/1/6 3206/1/6
f 3207/3/6 3208/3/6 3209/3/6
f 3209/3/6 3208/3/6 3210/3/6
f 3211/1/6 3212/1/6 3233/1/6
f 3212/2/6 3213/2/6 3234/2/6
f 3233/1/6 3212/1/6 3234/1/6
f 3213/1/6 3214/1/6 3235/1/6
f 3234/2/6 3213/2/6 3235/2/6
f 3214/2/6 3215/2/6 3236/2/6
f 3235/1/6 3214/1/6 3236/1/6
f 3215/1/6 3216/1/6 3237/1/6
f 3236/2/6 3215/2/6 3237/2/6
f 3216/2/6 3217/2/6 3238/2/6
f 3237/1/6 3216/1/6 3238/1/6
f 3217/1/6 3218/1/6 3239/1/6
f 3238/2/6 3217/2/6 3239/2/6
f 3218/2/6 3219/2/6 3240/2/6
f 3239/1/6 3218/1/6 3240/1/6
f 3219/1/6 3220/1/6 3241/1/6
f 3240/2/6 3219/2/6 3241/2/6
f 3220/2/6 3221/2/6 3242/2/6
f 3241/1/6 3220/1/6 3242/1/6
f 3221/1/6 3222/1/6 3243/1/6
f 3242/2/6 3221/2/6 3243/2/6
f 3222/2/6 3223/2/6 3244/2/6
f 3243/1/6 3222/1/6 3244/1/6
f 3223/1/6 3224/1/6 3245/1/6
f 3244/2/6 3223/2/6 3245/2/6
f 3224/2/6 3225/2/6 3246/2/6
f 3245/1/6 3224/1/6 3246/1/6
f 3225/1/6 3226/1/6 3247/1/6
f 3246/2/6 3225/2/6 3247/2/6
f 3226/2/6 3227/2/6 3248/2/6
f 3247/1/6 3226/1/6 3248/1/6
f 3227/1/6 3228/1/6 3249/1/6
f 3248/2/6 3227/2/6 3249/2/6
f 3228/2/6 3229/2/6 3250/2/6
f 3249/1/6 3228/1/6 3250/1/6
f 3229/1/6 3230/1/6 3251/1/6
f 3250/2/6 3229/2/6 3251/2/6
f 3230/2/6 3231/2/6 3252/2/6
f 3251/1/6 3230/1/6 3252/1/6
f 3231/1/6 3232/1/6 3253/1/6
f 3252/2/6 3231/2/6 3253/2/6
f 3253/1/6 3232/1/6 3254/1/6
f 3255/1/6 3256/1/6 3273/1/6
f 3256/2/6 3257/2/6 3274/2/6
f 3273/1/6 3256/1/6 3274/1/6
f 3257/1/6 3258/1/6 3275/1/6
f 3274/2/6 3257/2/6 3275/2/6
f 3258/2/6 3259/2/6 3276/2/6
f 3275/1/6 3258/1/6 3276/1/6
f 3259/1/6 3260/1/6 3277/1/6
f 3276/2/6 3259/2/6 3277/2/6
f 3260/2/6 3261/2/6 3278/2/6
f 3277/1/6 3260/1/6 3278/1/6
f 3261/1/6 3262/1/6 3279/1/6
f 3278/2/6 3261/2/6 3279/2/6
f 3262/2/6 3263/2/6 3280/2/6
f 3279/1/6 3262/1/6 3280/1/6
f 3263/1/6 3264/1/6 3281/1/6
f 3280/2/6 3263/2/6 3281/2/6
f 3264/2/6 3265/2/6 3282/2/6
f 3281/1/6 3264/1/6 3282/1/6
f 3265/1/6 3266/1/6 3283/1/6
f 3282/2/6 3265/2/6 3283/2/6
f 3266/2/6 3267/2/6 3284/2/6
f 3283/1/6 3266/1/6 3284/1/6
f 3267/1/6 3268/1/6 3285/1/6
f 3284/2/6 3267/2/6 3285/2/6
f 3268/2/6 3269/2/6 3286/2/6
f 3285/1/6 3268/1/6 3286/1/6
f 3269/1/6 3270/1/6 3287/1/6
f 3286/2/6 3269/2/6 3287/2/6
f 3287/1/6 3270/1/6 3288/1/6
f 3271/3/6 3272/3/6 3289/3/6
f 3289/3/6 3272/3/6 3290/3/6
f 3291/3/6 3292/3/6 3293/3/6
f 3293/3/6 3292/3/6 3294/3/6
f 3291/3/6 3293/3/6 3295/3/6
f 3294/3/6 3292/3/6 3296/3/6
f 3291/3/6 3295/3/6 3297/3/6
f 3295/3/6 3296/3/6 3297/3/6
f 3296/3/6 3292/3/6 3298/3/6
f 3297/3/6 3296/3/6 3298/3/6
