# MagicaVoxel @ Ephtracy

# group
o 

# material
mtllib granjafinal_valla3.mtl
usemtl palette

# normals
vn -1 0 0
vn 1 0 0
vn 0 0 1
vn 0 0 -1
vn 0 -1 0
vn 0 1 0

# texcoords
vt 0.880859 0.5
vt 0.927734 0.5

# verts
v -5.8 4.8 -2.7
v -5.8 4.8 -2.8
v -5.8 4.9 0.7
v -5.8 4.9 0.6
v -5.8 4.9 -2.6
v -5.8 4.9 -2.7
v -5.8 5 0.7
v -5.8 5 0.6
v -5.8 5 -2.6
v -5.8 5 -2.7
v -5.8 5.1 0.7
v -5.8 5.1 0.6
v -5.8 5.1 -2.6
v -5.8 5.1 -2.7
v -5.8 5.2 0.7
v -5.8 5.2 0.6
v -5.8 5.2 -2.6
v -5.8 5.2 -2.7
v -5.8 5.3 0.7
v -5.8 5.3 0.6
v -5.8 5.3 -2.6
v -5.8 5.3 -2.7
v -5.8 5.4 0.7
v -5.8 5.4 0.6
v -5.8 5.4 -2.6
v -5.8 5.4 -2.7
v -5.8 5.5 -2.7
v -5.8 5.5 -2.8
v -5.6 4.8 0.8
v -5.6 4.8 0.7
v -5.6 4.9 0.7
v -5.6 5 0.7
v -5.6 5.1 0.7
v -5.6 5.2 0.7
v -5.6 5.3 0.7
v -5.6 5.4 0.7
v -5.6 5.5 0.8
v -5.6 5.5 0.7
v -5.5 4.8 -2.7
v -5.5 4.8 -2.8
v -5.5 4.9 -2.7
v -5.5 5 -2.7
v -5.5 5.1 -2.7
v -5.5 5.2 -2.7
v -5.5 5.3 -2.7
v -5.5 5.4 -2.7
v -5.5 5.5 -2.7
v -5.5 5.5 -2.8
v -5.3 4.8 0.8
v -5.3 4.8 0.7
v -5.3 4.9 0.7
v -5.3 5 0.7
v -5.3 5.1 0.7
v -5.3 5.2 0.7
v -5.3 5.3 0.7
v -5.3 5.4 0.7
v -5.3 5.5 0.8
v -5.3 5.5 0.7
v -5.2 4.8 -2.7
v -5.2 4.8 -2.8
v -5.2 4.9 -2.7
v -5.2 5 -2.7
v -5.2 5.1 -2.7
v -5.2 5.2 -2.7
v -5.2 5.3 -2.7
v -5.2 5.4 -2.7
v -5.2 5.5 -2.7
v -5.2 5.5 -2.8
v -5 4.8 0.8
v -5 4.8 0.7
v -5 4.9 0.7
v -5 5 0.7
v -5 5.1 0.7
v -5 5.2 0.7
v -5 5.3 0.7
v -5 5.4 0.7
v -5 5.5 0.8
v -5 5.5 0.7
v -4.9 4.8 -2.7
v -4.9 4.8 -2.8
v -4.9 4.9 -2.7
v -4.9 5 -2.7
v -4.9 5.1 -2.7
v -4.9 5.2 -2.7
v -4.9 5.3 -2.7
v -4.9 5.4 -2.7
v -4.9 5.5 -2.7
v -4.9 5.5 -2.8
v -4.7 4.8 0.8
v -4.7 4.8 0.7
v -4.7 4.9 0.7
v -4.7 5 0.7
v -4.7 5.1 0.7
v -4.7 5.2 0.7
v -4.7 5.3 0.7
v -4.7 5.4 0.7
v -4.7 5.5 0.8
v -4.7 5.5 0.7
v -4.6 4.8 -2.7
v -4.6 4.8 -2.8
v -4.6 4.9 -2.7
v -4.6 5 -2.7
v -4.6 5.1 -2.7
v -4.6 5.2 -2.7
v -4.6 5.3 -2.7
v -4.6 5.4 -2.7
v -4.6 5.5 -2.7
v -4.6 5.5 -2.8
v -4.4 4.8 0.8
v -4.4 4.8 0.7
v -4.4 4.9 0.7
v -4.4 5 0.7
v -4.4 5.1 0.7
v -4.4 5.2 0.7
v -4.4 5.3 0.7
v -4.4 5.4 0.7
v -4.4 5.5 0.8
v -4.4 5.5 0.7
v -4.3 4.8 -2.7
v -4.3 4.8 -2.8
v -4.3 4.9 -2.7
v -4.3 5 -2.7
v -4.3 5.1 -2.7
v -4.3 5.2 -2.7
v -4.3 5.3 -2.7
v -4.3 5.4 -2.7
v -4.3 5.5 -2.7
v -4.3 5.5 -2.8
v -4.1 4.8 0.8
v -4.1 4.8 0.7
v -4.1 4.9 0.7
v -4.1 5 0.7
v -4.1 5.1 0.7
v -4.1 5.2 0.7
v -4.1 5.3 0.7
v -4.1 5.4 0.7
v -4.1 5.5 0.8
v -4.1 5.5 0.7
v -4 4.8 -2.7
v -4 4.8 -2.8
v -4 4.9 -2.7
v -4 5 -2.7
v -4 5.1 -2.7
v -4 5.2 -2.7
v -4 5.3 -2.7
v -4 5.4 -2.7
v -4 5.5 -2.7
v -4 5.5 -2.8
v -3.8 4.8 0.8
v -3.8 4.8 0.7
v -3.8 4.9 0.7
v -3.8 5 0.7
v -3.8 5.1 0.7
v -3.8 5.2 0.7
v -3.8 5.3 0.7
v -3.8 5.4 0.7
v -3.8 5.5 0.8
v -3.8 5.5 0.7
v -3.7 4.8 -2.7
v -3.7 4.8 -2.8
v -3.7 4.9 -2.7
v -3.7 5 -2.7
v -3.7 5.1 -2.7
v -3.7 5.2 -2.7
v -3.7 5.3 -2.7
v -3.7 5.4 -2.7
v -3.7 5.5 -2.7
v -3.7 5.5 -2.8
v -3.5 4.8 0.8
v -3.5 4.8 0.7
v -3.5 4.9 0.7
v -3.5 5 0.7
v -3.5 5.1 0.7
v -3.5 5.2 0.7
v -3.5 5.3 0.7
v -3.5 5.4 0.7
v -3.5 5.5 0.8
v -3.5 5.5 0.7
v -3.4 4.8 -2.7
v -3.4 4.8 -2.8
v -3.4 4.9 -2.7
v -3.4 5 -2.7
v -3.4 5.1 -2.7
v -3.4 5.2 -2.7
v -3.4 5.3 -2.7
v -3.4 5.4 -2.7
v -3.4 5.5 -2.7
v -3.4 5.5 -2.8
v -3.2 4.8 0.8
v -3.2 4.8 0.7
v -3.2 4.9 0.7
v -3.2 5 0.7
v -3.2 5.1 0.7
v -3.2 5.2 0.7
v -3.2 5.3 0.7
v -3.2 5.4 0.7
v -3.2 5.5 0.8
v -3.2 5.5 0.7
v -3.1 4.8 -2.7
v -3.1 4.8 -2.8
v -3.1 4.9 -2.7
v -3.1 5 -2.7
v -3.1 5.1 -2.7
v -3.1 5.2 -2.7
v -3.1 5.3 -2.7
v -3.1 5.4 -2.7
v -3.1 5.5 -2.7
v -3.1 5.5 -2.8
v -2.9 4.8 0.8
v -2.9 4.8 0.7
v -2.9 4.9 0.7
v -2.9 5 0.7
v -2.9 5.1 0.7
v -2.9 5.2 0.7
v -2.9 5.3 0.7
v -2.9 5.4 0.7
v -2.9 5.5 0.8
v -2.9 5.5 0.7
v -2.8 4.8 -2.7
v -2.8 4.8 -2.8
v -2.8 4.9 -2.7
v -2.8 5 -2.7
v -2.8 5.1 -2.7
v -2.8 5.2 -2.7
v -2.8 5.3 -2.7
v -2.8 5.4 -2.7
v -2.8 5.5 -2.7
v -2.8 5.5 -2.8
v -2.6 4.8 0.8
v -2.6 4.8 0.7
v -2.6 4.9 0.7
v -2.6 5 0.7
v -2.6 5.1 0.7
v -2.6 5.2 0.7
v -2.6 5.3 0.7
v -2.6 5.4 0.7
v -2.6 5.5 0.8
v -2.6 5.5 0.7
v -2.5 4.8 -2.7
v -2.5 4.8 -2.8
v -2.5 4.9 -2.7
v -2.5 5 -2.7
v -2.5 5.1 -2.7
v -2.5 5.2 -2.7
v -2.5 5.3 -2.7
v -2.5 5.4 -2.7
v -2.5 5.5 -2.7
v -2.5 5.5 -2.8
v -2.3 4.8 0.8
v -2.3 4.8 0.7
v -2.3 4.9 0.7
v -2.3 5 0.7
v -2.3 5.1 0.7
v -2.3 5.2 0.7
v -2.3 5.3 0.7
v -2.3 5.4 0.7
v -2.3 5.5 0.8
v -2.3 5.5 0.7
v -2.2 4.8 -2.7
v -2.2 4.8 -2.8
v -2.2 4.9 -2.7
v -2.2 5 -2.7
v -2.2 5.1 -2.7
v -2.2 5.2 -2.7
v -2.2 5.3 -2.7
v -2.2 5.4 -2.7
v -2.2 5.5 -2.7
v -2.2 5.5 -2.8
v -2 4.8 0.8
v -2 4.8 0.7
v -2 4.9 0.7
v -2 5 0.7
v -2 5.1 0.7
v -2 5.2 0.7
v -2 5.3 0.7
v -2 5.4 0.7
v -2 5.5 0.8
v -2 5.5 0.7
v -1.9 4.8 -2.7
v -1.9 4.8 -2.8
v -1.9 4.9 -2.7
v -1.9 5 -2.7
v -1.9 5.1 -2.7
v -1.9 5.2 -2.7
v -1.9 5.3 -2.7
v -1.9 5.4 -2.7
v -1.9 5.5 -2.7
v -1.9 5.5 -2.8
v -1.7 4.8 0.8
v -1.7 4.8 0.7
v -1.7 4.9 0.7
v -1.7 5 0.7
v -1.7 5.1 0.7
v -1.7 5.2 0.7
v -1.7 5.3 0.7
v -1.7 5.4 0.7
v -1.7 5.5 0.8
v -1.7 5.5 0.7
v -1.6 4.8 -2.7
v -1.6 4.8 -2.8
v -1.6 4.9 -2.7
v -1.6 5 -2.7
v -1.6 5.1 -2.7
v -1.6 5.2 -2.7
v -1.6 5.3 -2.7
v -1.6 5.4 -2.7
v -1.6 5.5 -2.7
v -1.6 5.5 -2.8
v -1.4 4.8 0.8
v -1.4 4.8 0.7
v -1.4 4.9 0.7
v -1.4 5 0.7
v -1.4 5.1 0.7
v -1.4 5.2 0.7
v -1.4 5.3 0.7
v -1.4 5.4 0.7
v -1.4 5.5 0.8
v -1.4 5.5 0.7
v -1.3 4.8 -2.7
v -1.3 4.8 -2.8
v -1.3 4.9 -2.7
v -1.3 5 -2.7
v -1.3 5.1 -2.7
v -1.3 5.2 -2.7
v -1.3 5.3 -2.7
v -1.3 5.4 -2.7
v -1.3 5.5 -2.7
v -1.3 5.5 -2.8
v -1.1 4.8 0.8
v -1.1 4.8 0.7
v -1.1 4.9 0.7
v -1.1 5 0.7
v -1.1 5.1 0.7
v -1.1 5.2 0.7
v -1.1 5.3 0.7
v -1.1 5.4 0.7
v -1.1 5.5 0.8
v -1.1 5.5 0.7
v -1 4.8 -2.7
v -1 4.8 -2.8
v -1 4.9 -2.7
v -1 5 -2.7
v -1 5.1 -2.7
v -1 5.2 -2.7
v -1 5.3 -2.7
v -1 5.4 -2.7
v -1 5.5 -2.7
v -1 5.5 -2.8
v -0.8 4.8 0.8
v -0.8 4.8 0.7
v -0.8 4.9 0.7
v -0.8 5 0.7
v -0.8 5.1 0.7
v -0.8 5.2 0.7
v -0.8 5.3 0.7
v -0.8 5.4 0.7
v -0.8 5.5 0.8
v -0.8 5.5 0.7
v -0.7 4.8 -2.7
v -0.7 4.8 -2.8
v -0.7 4.9 -2.7
v -0.7 5 -2.7
v -0.7 5.1 -2.7
v -0.7 5.2 -2.7
v -0.7 5.3 -2.7
v -0.7 5.4 -2.7
v -0.7 5.5 -2.7
v -0.7 5.5 -2.8
v -0.6 4.9 0.8
v -0.6 4.9 0.7
v -0.6 4.9 0.6
v -0.6 4.9 -2.6
v -0.6 5 0.8
v -0.6 5 0.7
v -0.6 5 0.6
v -0.6 5 -2.6
v -0.6 5.1 0.8
v -0.6 5.1 0.7
v -0.6 5.1 0.6
v -0.6 5.1 -2.6
v -0.6 5.2 0.8
v -0.6 5.2 0.7
v -0.6 5.2 0.6
v -0.6 5.2 -2.6
v -0.6 5.3 0.8
v -0.6 5.3 0.7
v -0.6 5.3 0.6
v -0.6 5.3 -2.6
v -0.6 5.4 0.8
v -0.6 5.4 0.7
v -0.6 5.4 0.6
v -0.6 5.4 -2.6
v -0.5 4.8 0.8
v -0.5 4.8 0.7
v -0.5 4.8 0.5
v -0.5 4.8 0.4
v -0.5 4.8 0.2
v -0.5 4.8 0.1
v -0.5 4.8 -0.1
v -0.5 4.8 -0.2
v -0.5 4.8 -0.4
v -0.5 4.8 -0.5
v -0.5 4.8 -0.7
v -0.5 4.8 -0.8
v -0.5 4.8 -1
v -0.5 4.8 -1.1
v -0.5 4.8 -1.3
v -0.5 4.8 -1.4
v -0.5 4.8 -1.6
v -0.5 4.8 -1.7
v -0.5 4.8 -1.9
v -0.5 4.8 -2
v -0.5 4.8 -2.2
v -0.5 4.8 -2.3
v -0.5 4.8 -2.5
v -0.5 4.8 -2.6
v -0.5 4.9 0.8
v -0.5 4.9 0.7
v -0.5 4.9 0.5
v -0.5 4.9 0.4
v -0.5 4.9 0.2
v -0.5 4.9 0.1
v -0.5 4.9 -0.1
v -0.5 4.9 -0.2
v -0.5 4.9 -0.4
v -0.5 4.9 -0.5
v -0.5 4.9 -0.7
v -0.5 4.9 -0.8
v -0.5 4.9 -1
v -0.5 4.9 -1.1
v -0.5 4.9 -1.3
v -0.5 4.9 -1.4
v -0.5 4.9 -1.6
v -0.5 4.9 -1.7
v -0.5 4.9 -1.9
v -0.5 4.9 -2
v -0.5 4.9 -2.2
v -0.5 4.9 -2.3
v -0.5 4.9 -2.5
v -0.5 4.9 -2.6
v -0.5 5 0.8
v -0.5 5 0.7
v -0.5 5 0.5
v -0.5 5 0.4
v -0.5 5 0.2
v -0.5 5 0.1
v -0.5 5 -0.1
v -0.5 5 -0.2
v -0.5 5 -0.4
v -0.5 5 -0.5
v -0.5 5 -0.7
v -0.5 5 -0.8
v -0.5 5 -1
v -0.5 5 -1.1
v -0.5 5 -1.3
v -0.5 5 -1.4
v -0.5 5 -1.6
v -0.5 5 -1.7
v -0.5 5 -1.9
v -0.5 5 -2
v -0.5 5 -2.2
v -0.5 5 -2.3
v -0.5 5 -2.5
v -0.5 5 -2.6
v -0.5 5.1 0.8
v -0.5 5.1 0.7
v -0.5 5.1 0.5
v -0.5 5.1 0.4
v -0.5 5.1 0.2
v -0.5 5.1 0.1
v -0.5 5.1 -0.1
v -0.5 5.1 -0.2
v -0.5 5.1 -0.4
v -0.5 5.1 -0.5
v -0.5 5.1 -0.7
v -0.5 5.1 -0.8
v -0.5 5.1 -1
v -0.5 5.1 -1.1
v -0.5 5.1 -1.3
v -0.5 5.1 -1.4
v -0.5 5.1 -1.6
v -0.5 5.1 -1.7
v -0.5 5.1 -1.9
v -0.5 5.1 -2
v -0.5 5.1 -2.2
v -0.5 5.1 -2.3
v -0.5 5.1 -2.5
v -0.5 5.1 -2.6
v -0.5 5.2 0.8
v -0.5 5.2 0.7
v -0.5 5.2 0.5
v -0.5 5.2 0.4
v -0.5 5.2 0.2
v -0.5 5.2 0.1
v -0.5 5.2 -0.1
v -0.5 5.2 -0.2
v -0.5 5.2 -0.4
v -0.5 5.2 -0.5
v -0.5 5.2 -0.7
v -0.5 5.2 -0.8
v -0.5 5.2 -1
v -0.5 5.2 -1.1
v -0.5 5.2 -1.3
v -0.5 5.2 -1.4
v -0.5 5.2 -1.6
v -0.5 5.2 -1.7
v -0.5 5.2 -1.9
v -0.5 5.2 -2
v -0.5 5.2 -2.2
v -0.5 5.2 -2.3
v -0.5 5.2 -2.5
v -0.5 5.2 -2.6
v -0.5 5.3 0.8
v -0.5 5.3 0.7
v -0.5 5.3 0.5
v -0.5 5.3 0.4
v -0.5 5.3 0.2
v -0.5 5.3 0.1
v -0.5 5.3 -0.1
v -0.5 5.3 -0.2
v -0.5 5.3 -0.4
v -0.5 5.3 -0.5
v -0.5 5.3 -0.7
v -0.5 5.3 -0.8
v -0.5 5.3 -1
v -0.5 5.3 -1.1
v -0.5 5.3 -1.3
v -0.5 5.3 -1.4
v -0.5 5.3 -1.6
v -0.5 5.3 -1.7
v -0.5 5.3 -1.9
v -0.5 5.3 -2
v -0.5 5.3 -2.2
v -0.5 5.3 -2.3
v -0.5 5.3 -2.5
v -0.5 5.3 -2.6
v -0.5 5.4 0.8
v -0.5 5.4 0.7
v -0.5 5.4 0.5
v -0.5 5.4 0.4
v -0.5 5.4 0.2
v -0.5 5.4 0.1
v -0.5 5.4 -0.1
v -0.5 5.4 -0.2
v -0.5 5.4 -0.4
v -0.5 5.4 -0.5
v -0.5 5.4 -0.7
v -0.5 5.4 -0.8
v -0.5 5.4 -1
v -0.5 5.4 -1.1
v -0.5 5.4 -1.3
v -0.5 5.4 -1.4
v -0.5 5.4 -1.6
v -0.5 5.4 -1.7
v -0.5 5.4 -1.9
v -0.5 5.4 -2
v -0.5 5.4 -2.2
v -0.5 5.4 -2.3
v -0.5 5.4 -2.5
v -0.5 5.4 -2.6
v -0.5 5.5 0.8
v -0.5 5.5 0.7
v -0.5 5.5 0.5
v -0.5 5.5 0.4
v -0.5 5.5 0.2
v -0.5 5.5 0.1
v -0.5 5.5 -0.1
v -0.5 5.5 -0.2
v -0.5 5.5 -0.4
v -0.5 5.5 -0.5
v -0.5 5.5 -0.7
v -0.5 5.5 -0.8
v -0.5 5.5 -1
v -0.5 5.5 -1.1
v -0.5 5.5 -1.3
v -0.5 5.5 -1.4
v -0.5 5.5 -1.6
v -0.5 5.5 -1.7
v -0.5 5.5 -1.9
v -0.5 5.5 -2
v -0.5 5.5 -2.2
v -0.5 5.5 -2.3
v -0.5 5.5 -2.5
v -0.5 5.5 -2.6
v -5.7 4.8 -2.7
v -5.7 4.8 -2.8
v -5.7 4.9 -2.7
v -5.7 5 -2.7
v -5.7 5.1 -2.7
v -5.7 5.2 -2.7
v -5.7 5.3 -2.7
v -5.7 5.4 -2.7
v -5.7 5.5 -2.7
v -5.7 5.5 -2.8
v -5.5 4.8 0.8
v -5.5 4.8 0.7
v -5.5 4.9 0.7
v -5.5 5 0.7
v -5.5 5.1 0.7
v -5.5 5.2 0.7
v -5.5 5.3 0.7
v -5.5 5.4 0.7
v -5.5 5.5 0.8
v -5.5 5.5 0.7
v -5.4 4.8 -2.7
v -5.4 4.8 -2.8
v -5.4 4.9 -2.7
v -5.4 5 -2.7
v -5.4 5.1 -2.7
v -5.4 5.2 -2.7
v -5.4 5.3 -2.7
v -5.4 5.4 -2.7
v -5.4 5.5 -2.7
v -5.4 5.5 -2.8
v -5.2 4.8 0.8
v -5.2 4.8 0.7
v -5.2 4.9 0.7
v -5.2 5 0.7
v -5.2 5.1 0.7
v -5.2 5.2 0.7
v -5.2 5.3 0.7
v -5.2 5.4 0.7
v -5.2 5.5 0.8
v -5.2 5.5 0.7
v -5.1 4.8 -2.7
v -5.1 4.8 -2.8
v -5.1 4.9 -2.7
v -5.1 5 -2.7
v -5.1 5.1 -2.7
v -5.1 5.2 -2.7
v -5.1 5.3 -2.7
v -5.1 5.4 -2.7
v -5.1 5.5 -2.7
v -5.1 5.5 -2.8
v -4.9 4.8 0.8
v -4.9 4.8 0.7
v -4.9 4.9 0.7
v -4.9 5 0.7
v -4.9 5.1 0.7
v -4.9 5.2 0.7
v -4.9 5.3 0.7
v -4.9 5.4 0.7
v -4.9 5.5 0.8
v -4.9 5.5 0.7
v -4.8 4.8 -2.7
v -4.8 4.8 -2.8
v -4.8 4.9 -2.7
v -4.8 5 -2.7
v -4.8 5.1 -2.7
v -4.8 5.2 -2.7
v -4.8 5.3 -2.7
v -4.8 5.4 -2.7
v -4.8 5.5 -2.7
v -4.8 5.5 -2.8
v -4.6 4.8 0.8
v -4.6 4.8 0.7
v -4.6 4.9 0.7
v -4.6 5 0.7
v -4.6 5.1 0.7
v -4.6 5.2 0.7
v -4.6 5.3 0.7
v -4.6 5.4 0.7
v -4.6 5.5 0.8
v -4.6 5.5 0.7
v -4.5 4.8 -2.7
v -4.5 4.8 -2.8
v -4.5 4.9 -2.7
v -4.5 5 -2.7
v -4.5 5.1 -2.7
v -4.5 5.2 -2.7
v -4.5 5.3 -2.7
v -4.5 5.4 -2.7
v -4.5 5.5 -2.7
v -4.5 5.5 -2.8
v -4.3 4.8 0.8
v -4.3 4.8 0.7
v -4.3 4.9 0.7
v -4.3 5 0.7
v -4.3 5.1 0.7
v -4.3 5.2 0.7
v -4.3 5.3 0.7
v -4.3 5.4 0.7
v -4.3 5.5 0.8
v -4.3 5.5 0.7
v -4.2 4.8 -2.7
v -4.2 4.8 -2.8
v -4.2 4.9 -2.7
v -4.2 5 -2.7
v -4.2 5.1 -2.7
v -4.2 5.2 -2.7
v -4.2 5.3 -2.7
v -4.2 5.4 -2.7
v -4.2 5.5 -2.7
v -4.2 5.5 -2.8
v -4 4.8 0.8
v -4 4.8 0.7
v -4 4.9 0.7
v -4 5 0.7
v -4 5.1 0.7
v -4 5.2 0.7
v -4 5.3 0.7
v -4 5.4 0.7
v -4 5.5 0.8
v -4 5.5 0.7
v -3.9 4.8 -2.7
v -3.9 4.8 -2.8
v -3.9 4.9 -2.7
v -3.9 5 -2.7
v -3.9 5.1 -2.7
v -3.9 5.2 -2.7
v -3.9 5.3 -2.7
v -3.9 5.4 -2.7
v -3.9 5.5 -2.7
v -3.9 5.5 -2.8
v -3.7 4.8 0.8
v -3.7 4.8 0.7
v -3.7 4.9 0.7
v -3.7 5 0.7
v -3.7 5.1 0.7
v -3.7 5.2 0.7
v -3.7 5.3 0.7
v -3.7 5.4 0.7
v -3.7 5.5 0.8
v -3.7 5.5 0.7
v -3.6 4.8 -2.7
v -3.6 4.8 -2.8
v -3.6 4.9 -2.7
v -3.6 5 -2.7
v -3.6 5.1 -2.7
v -3.6 5.2 -2.7
v -3.6 5.3 -2.7
v -3.6 5.4 -2.7
v -3.6 5.5 -2.7
v -3.6 5.5 -2.8
v -3.4 4.8 0.8
v -3.4 4.8 0.7
v -3.4 4.9 0.7
v -3.4 5 0.7
v -3.4 5.1 0.7
v -3.4 5.2 0.7
v -3.4 5.3 0.7
v -3.4 5.4 0.7
v -3.4 5.5 0.8
v -3.4 5.5 0.7
v -3.3 4.8 -2.7
v -3.3 4.8 -2.8
v -3.3 4.9 -2.7
v -3.3 5 -2.7
v -3.3 5.1 -2.7
v -3.3 5.2 -2.7
v -3.3 5.3 -2.7
v -3.3 5.4 -2.7
v -3.3 5.5 -2.7
v -3.3 5.5 -2.8
v -3.1 4.8 0.8
v -3.1 4.8 0.7
v -3.1 4.9 0.7
v -3.1 5 0.7
v -3.1 5.1 0.7
v -3.1 5.2 0.7
v -3.1 5.3 0.7
v -3.1 5.4 0.7
v -3.1 5.5 0.8
v -3.1 5.5 0.7
v -3 4.8 -2.7
v -3 4.8 -2.8
v -3 4.9 -2.7
v -3 5 -2.7
v -3 5.1 -2.7
v -3 5.2 -2.7
v -3 5.3 -2.7
v -3 5.4 -2.7
v -3 5.5 -2.7
v -3 5.5 -2.8
v -2.8 4.8 0.8
v -2.8 4.8 0.7
v -2.8 4.9 0.7
v -2.8 5 0.7
v -2.8 5.1 0.7
v -2.8 5.2 0.7
v -2.8 5.3 0.7
v -2.8 5.4 0.7
v -2.8 5.5 0.8
v -2.8 5.5 0.7
v -2.7 4.8 -2.7
v -2.7 4.8 -2.8
v -2.7 4.9 -2.7
v -2.7 5 -2.7
v -2.7 5.1 -2.7
v -2.7 5.2 -2.7
v -2.7 5.3 -2.7
v -2.7 5.4 -2.7
v -2.7 5.5 -2.7
v -2.7 5.5 -2.8
v -2.5 4.8 0.8
v -2.5 4.8 0.7
v -2.5 4.9 0.7
v -2.5 5 0.7
v -2.5 5.1 0.7
v -2.5 5.2 0.7
v -2.5 5.3 0.7
v -2.5 5.4 0.7
v -2.5 5.5 0.8
v -2.5 5.5 0.7
v -2.4 4.8 -2.7
v -2.4 4.8 -2.8
v -2.4 4.9 -2.7
v -2.4 5 -2.7
v -2.4 5.1 -2.7
v -2.4 5.2 -2.7
v -2.4 5.3 -2.7
v -2.4 5.4 -2.7
v -2.4 5.5 -2.7
v -2.4 5.5 -2.8
v -2.2 4.8 0.8
v -2.2 4.8 0.7
v -2.2 4.9 0.7
v -2.2 5 0.7
v -2.2 5.1 0.7
v -2.2 5.2 0.7
v -2.2 5.3 0.7
v -2.2 5.4 0.7
v -2.2 5.5 0.8
v -2.2 5.5 0.7
v -2.1 4.8 -2.7
v -2.1 4.8 -2.8
v -2.1 4.9 -2.7
v -2.1 5 -2.7
v -2.1 5.1 -2.7
v -2.1 5.2 -2.7
v -2.1 5.3 -2.7
v -2.1 5.4 -2.7
v -2.1 5.5 -2.7
v -2.1 5.5 -2.8
v -1.9 4.8 0.8
v -1.9 4.8 0.7
v -1.9 4.9 0.7
v -1.9 5 0.7
v -1.9 5.1 0.7
v -1.9 5.2 0.7
v -1.9 5.3 0.7
v -1.9 5.4 0.7
v -1.9 5.5 0.8
v -1.9 5.5 0.7
v -1.8 4.8 -2.7
v -1.8 4.8 -2.8
v -1.8 4.9 -2.7
v -1.8 5 -2.7
v -1.8 5.1 -2.7
v -1.8 5.2 -2.7
v -1.8 5.3 -2.7
v -1.8 5.4 -2.7
v -1.8 5.5 -2.7
v -1.8 5.5 -2.8
v -1.6 4.8 0.8
v -1.6 4.8 0.7
v -1.6 4.9 0.7
v -1.6 5 0.7
v -1.6 5.1 0.7
v -1.6 5.2 0.7
v -1.6 5.3 0.7
v -1.6 5.4 0.7
v -1.6 5.5 0.8
v -1.6 5.5 0.7
v -1.5 4.8 -2.7
v -1.5 4.8 -2.8
v -1.5 4.9 -2.7
v -1.5 5 -2.7
v -1.5 5.1 -2.7
v -1.5 5.2 -2.7
v -1.5 5.3 -2.7
v -1.5 5.4 -2.7
v -1.5 5.5 -2.7
v -1.5 5.5 -2.8
v -1.3 4.8 0.8
v -1.3 4.8 0.7
v -1.3 4.9 0.7
v -1.3 5 0.7
v -1.3 5.1 0.7
v -1.3 5.2 0.7
v -1.3 5.3 0.7
v -1.3 5.4 0.7
v -1.3 5.5 0.8
v -1.3 5.5 0.7
v -1.2 4.8 -2.7
v -1.2 4.8 -2.8
v -1.2 4.9 -2.7
v -1.2 5 -2.7
v -1.2 5.1 -2.7
v -1.2 5.2 -2.7
v -1.2 5.3 -2.7
v -1.2 5.4 -2.7
v -1.2 5.5 -2.7
v -1.2 5.5 -2.8
v -1 4.8 0.8
v -1 4.8 0.7
v -1 4.9 0.7
v -1 5 0.7
v -1 5.1 0.7
v -1 5.2 0.7
v -1 5.3 0.7
v -1 5.4 0.7
v -1 5.5 0.8
v -1 5.5 0.7
v -0.9 4.8 -2.7
v -0.9 4.8 -2.8
v -0.9 4.9 -2.7
v -0.9 5 -2.7
v -0.9 5.1 -2.7
v -0.9 5.2 -2.7
v -0.9 5.3 -2.7
v -0.9 5.4 -2.7
v -0.9 5.5 -2.7
v -0.9 5.5 -2.8
v -0.7 4.8 0.8
v -0.7 4.8 0.7
v -0.7 4.9 0.7
v -0.7 5 0.7
v -0.7 5.1 0.7
v -0.7 5.2 0.7
v -0.7 5.3 0.7
v -0.7 5.4 0.7
v -0.7 5.5 0.8
v -0.7 5.5 0.7
v -0.6 4.8 -2.7
v -0.6 4.8 -2.8
v -0.6 4.9 -2.7
v -0.6 4.9 -2.8
v -0.6 5 -2.7
v -0.6 5 -2.8
v -0.6 5.1 -2.7
v -0.6 5.1 -2.8
v -0.6 5.2 -2.7
v -0.6 5.2 -2.8
v -0.6 5.3 -2.7
v -0.6 5.3 -2.8
v -0.6 5.4 -2.7
v -0.6 5.4 -2.8
v -0.6 5.5 -2.7
v -0.6 5.5 -2.8
v -0.5 4.9 0.6
v -0.5 4.9 0.5
v -0.5 4.9 0.4
v -0.5 4.9 0.2
v -0.5 4.9 0.1
v -0.5 4.9 -0.1
v -0.5 4.9 -0.2
v -0.5 4.9 -0.4
v -0.5 4.9 -0.5
v -0.5 4.9 -0.7
v -0.5 4.9 -0.8
v -0.5 4.9 -1
v -0.5 4.9 -1.1
v -0.5 4.9 -1.3
v -0.5 4.9 -1.4
v -0.5 4.9 -1.6
v -0.5 4.9 -1.7
v -0.5 4.9 -1.9
v -0.5 4.9 -2
v -0.5 4.9 -2.2
v -0.5 4.9 -2.3
v -0.5 4.9 -2.5
v -0.5 4.9 -2.7
v -0.5 4.9 -2.8
v -0.5 5 0.6
v -0.5 5 0.5
v -0.5 5 0.4
v -0.5 5 0.2
v -0.5 5 0.1
v -0.5 5 -0.1
v -0.5 5 -0.2
v -0.5 5 -0.4
v -0.5 5 -0.5
v -0.5 5 -0.7
v -0.5 5 -0.8
v -0.5 5 -1
v -0.5 5 -1.1
v -0.5 5 -1.3
v -0.5 5 -1.4
v -0.5 5 -1.6
v -0.5 5 -1.7
v -0.5 5 -1.9
v -0.5 5 -2
v -0.5 5 -2.2
v -0.5 5 -2.3
v -0.5 5 -2.5
v -0.5 5 -2.7
v -0.5 5 -2.8
v -0.5 5.1 0.6
v -0.5 5.1 0.5
v -0.5 5.1 0.4
v -0.5 5.1 0.2
v -0.5 5.1 0.1
v -0.5 5.1 -0.1
v -0.5 5.1 -0.2
v -0.5 5.1 -0.4
v -0.5 5.1 -0.5
v -0.5 5.1 -0.7
v -0.5 5.1 -0.8
v -0.5 5.1 -1
v -0.5 5.1 -1.1
v -0.5 5.1 -1.3
v -0.5 5.1 -1.4
v -0.5 5.1 -1.6
v -0.5 5.1 -1.7
v -0.5 5.1 -1.9
v -0.5 5.1 -2
v -0.5 5.1 -2.2
v -0.5 5.1 -2.3
v -0.5 5.1 -2.5
v -0.5 5.1 -2.7
v -0.5 5.1 -2.8
v -0.5 5.2 0.6
v -0.5 5.2 0.5
v -0.5 5.2 0.4
v -0.5 5.2 0.2
v -0.5 5.2 0.1
v -0.5 5.2 -0.1
v -0.5 5.2 -0.2
v -0.5 5.2 -0.4
v -0.5 5.2 -0.5
v -0.5 5.2 -0.7
v -0.5 5.2 -0.8
v -0.5 5.2 -1
v -0.5 5.2 -1.1
v -0.5 5.2 -1.3
v -0.5 5.2 -1.4
v -0.5 5.2 -1.6
v -0.5 5.2 -1.7
v -0.5 5.2 -1.9
v -0.5 5.2 -2
v -0.5 5.2 -2.2
v -0.5 5.2 -2.3
v -0.5 5.2 -2.5
v -0.5 5.2 -2.7
v -0.5 5.2 -2.8
v -0.5 5.3 0.6
v -0.5 5.3 0.5
v -0.5 5.3 0.4
v -0.5 5.3 0.2
v -0.5 5.3 0.1
v -0.5 5.3 -0.1
v -0.5 5.3 -0.2
v -0.5 5.3 -0.4
v -0.5 5.3 -0.5
v -0.5 5.3 -0.7
v -0.5 5.3 -0.8
v -0.5 5.3 -1
v -0.5 5.3 -1.1
v -0.5 5.3 -1.3
v -0.5 5.3 -1.4
v -0.5 5.3 -1.6
v -0.5 5.3 -1.7
v -0.5 5.3 -1.9
v -0.5 5.3 -2
v -0.5 5.3 -2.2
v -0.5 5.3 -2.3
v -0.5 5.3 -2.5
v -0.5 5.3 -2.7
v -0.5 5.3 -2.8
v -0.5 5.4 0.6
v -0.5 5.4 0.5
v -0.5 5.4 0.4
v -0.5 5.4 0.2
v -0.5 5.4 0.1
v -0.5 5.4 -0.1
v -0.5 5.4 -0.2
v -0.5 5.4 -0.4
v -0.5 5.4 -0.5
v -0.5 5.4 -0.7
v -0.5 5.4 -0.8
v -0.5 5.4 -1
v -0.5 5.4 -1.1
v -0.5 5.4 -1.3
v -0.5 5.4 -1.4
v -0.5 5.4 -1.6
v -0.5 5.4 -1.7
v -0.5 5.4 -1.9
v -0.5 5.4 -2
v -0.5 5.4 -2.2
v -0.5 5.4 -2.3
v -0.5 5.4 -2.5
v -0.5 5.4 -2.7
v -0.5 5.4 -2.8
v -0.4 4.8 0.8
v -0.4 4.8 0.7
v -0.4 4.8 0.5
v -0.4 4.8 0.4
v -0.4 4.8 0.2
v -0.4 4.8 0.1
v -0.4 4.8 -0.1
v -0.4 4.8 -0.2
v -0.4 4.8 -0.4
v -0.4 4.8 -0.5
v -0.4 4.8 -0.7
v -0.4 4.8 -0.8
v -0.4 4.8 -1
v -0.4 4.8 -1.1
v -0.4 4.8 -1.3
v -0.4 4.8 -1.4
v -0.4 4.8 -1.6
v -0.4 4.8 -1.7
v -0.4 4.8 -1.9
v -0.4 4.8 -2
v -0.4 4.8 -2.2
v -0.4 4.8 -2.3
v -0.4 4.8 -2.5
v -0.4 4.8 -2.6
v -0.4 4.9 0.7
v -0.4 4.9 0.6
v -0.4 4.9 -2.6
v -0.4 4.9 -2.7
v -0.4 5 0.7
v -0.4 5 0.6
v -0.4 5 -2.6
v -0.4 5 -2.7
v -0.4 5.1 0.7
v -0.4 5.1 0.6
v -0.4 5.1 -2.6
v -0.4 5.1 -2.7
v -0.4 5.2 0.7
v -0.4 5.2 0.6
v -0.4 5.2 -2.6
v -0.4 5.2 -2.7
v -0.4 5.3 0.7
v -0.4 5.3 0.6
v -0.4 5.3 -2.6
v -0.4 5.3 -2.7
v -0.4 5.4 0.7
v -0.4 5.4 0.6
v -0.4 5.4 -2.6
v -0.4 5.4 -2.7
v -0.4 5.5 0.8
v -0.4 5.5 0.7
v -0.4 5.5 0.5
v -0.4 5.5 0.4
v -0.4 5.5 0.2
v -0.4 5.5 0.1
v -0.4 5.5 -0.1
v -0.4 5.5 -0.2
v -0.4 5.5 -0.4
v -0.4 5.5 -0.5
v -0.4 5.5 -0.7
v -0.4 5.5 -0.8
v -0.4 5.5 -1
v -0.4 5.5 -1.1
v -0.4 5.5 -1.3
v -0.4 5.5 -1.4
v -0.4 5.5 -1.6
v -0.4 5.5 -1.7
v -0.4 5.5 -1.9
v -0.4 5.5 -2
v -0.4 5.5 -2.2
v -0.4 5.5 -2.3
v -0.4 5.5 -2.5
v -0.4 5.5 -2.6
v -5.6 4.8 0.8
v -5.6 5.5 0.8
v -5.5 4.8 0.8
v -5.5 5.5 0.8
v -5.3 4.8 0.8
v -5.3 5.5 0.8
v -5.2 4.8 0.8
v -5.2 5.5 0.8
v -5 4.8 0.8
v -5 5.5 0.8
v -4.9 4.8 0.8
v -4.9 5.5 0.8
v -4.7 4.8 0.8
v -4.7 5.5 0.8
v -4.6 4.8 0.8
v -4.6 5.5 0.8
v -4.4 4.8 0.8
v -4.4 5.5 0.8
v -4.3 4.8 0.8
v -4.3 5.5 0.8
v -4.1 4.8 0.8
v -4.1 5.5 0.8
v -4 4.8 0.8
v -4 5.5 0.8
v -3.8 4.8 0.8
v -3.8 5.5 0.8
v -3.7 4.8 0.8
v -3.7 5.5 0.8
v -3.5 4.8 0.8
v -3.5 5.5 0.8
v -3.4 4.8 0.8
v -3.4 5.5 0.8
v -3.2 4.8 0.8
v -3.2 5.5 0.8
v -3.1 4.8 0.8
v -3.1 5.5 0.8
v -2.9 4.8 0.8
v -2.9 5.5 0.8
v -2.8 4.8 0.8
v -2.8 5.5 0.8
v -2.6 4.8 0.8
v -2.6 5.5 0.8
v -2.5 4.8 0.8
v -2.5 5.5 0.8
v -2.3 4.8 0.8
v -2.3 5.5 0.8
v -2.2 4.8 0.8
v -2.2 5.5 0.8
v -2 4.8 0.8
v -2 5.5 0.8
v -1.9 4.8 0.8
v -1.9 5.5 0.8
v -1.7 4.8 0.8
v -1.7 5.5 0.8
v -1.6 4.8 0.8
v -1.6 5.5 0.8
v -1.4 4.8 0.8
v -1.4 5.5 0.8
v -1.3 4.8 0.8
v -1.3 5.5 0.8
v -1.1 4.8 0.8
v -1.1 5.5 0.8
v -1 4.8 0.8
v -1 5.5 0.8
v -0.8 4.8 0.8
v -0.8 5.5 0.8
v -0.7 4.8 0.8
v -0.7 5.5 0.8
v -0.6 4.9 0.8
v -0.6 5 0.8
v -0.6 5.1 0.8
v -0.6 5.2 0.8
v -0.6 5.3 0.8
v -0.6 5.4 0.8
v -0.5 4.8 0.8
v -0.5 4.9 0.8
v -0.5 5 0.8
v -0.5 5.1 0.8
v -0.5 5.2 0.8
v -0.5 5.3 0.8
v -0.5 5.4 0.8
v -0.5 5.5 0.8
v -0.4 4.8 0.8
v -0.4 5.5 0.8
v -5.8 4.9 0.7
v -5.8 5 0.7
v -5.8 5.1 0.7
v -5.8 5.2 0.7
v -5.8 5.3 0.7
v -5.8 5.4 0.7
v -5.6 4.9 0.7
v -5.6 5 0.7
v -5.6 5.1 0.7
v -5.6 5.2 0.7
v -5.6 5.3 0.7
v -5.6 5.4 0.7
v -5.5 4.9 0.7
v -5.5 5 0.7
v -5.5 5.1 0.7
v -5.5 5.2 0.7
v -5.5 5.3 0.7
v -5.5 5.4 0.7
v -5.3 4.9 0.7
v -5.3 5 0.7
v -5.3 5.1 0.7
v -5.3 5.2 0.7
v -5.3 5.3 0.7
v -5.3 5.4 0.7
v -5.2 4.9 0.7
v -5.2 5 0.7
v -5.2 5.1 0.7
v -5.2 5.2 0.7
v -5.2 5.3 0.7
v -5.2 5.4 0.7
v -5 4.9 0.7
v -5 5 0.7
v -5 5.1 0.7
v -5 5.2 0.7
v -5 5.3 0.7
v -5 5.4 0.7
v -4.9 4.9 0.7
v -4.9 5 0.7
v -4.9 5.1 0.7
v -4.9 5.2 0.7
v -4.9 5.3 0.7
v -4.9 5.4 0.7
v -4.7 4.9 0.7
v -4.7 5 0.7
v -4.7 5.1 0.7
v -4.7 5.2 0.7
v -4.7 5.3 0.7
v -4.7 5.4 0.7
v -4.6 4.9 0.7
v -4.6 5 0.7
v -4.6 5.1 0.7
v -4.6 5.2 0.7
v -4.6 5.3 0.7
v -4.6 5.4 0.7
v -4.4 4.9 0.7
v -4.4 5 0.7
v -4.4 5.1 0.7
v -4.4 5.2 0.7
v -4.4 5.3 0.7
v -4.4 5.4 0.7
v -4.3 4.9 0.7
v -4.3 5 0.7
v -4.3 5.1 0.7
v -4.3 5.2 0.7
v -4.3 5.3 0.7
v -4.3 5.4 0.7
v -4.1 4.9 0.7
v -4.1 5 0.7
v -4.1 5.1 0.7
v -4.1 5.2 0.7
v -4.1 5.3 0.7
v -4.1 5.4 0.7
v -4 4.9 0.7
v -4 5 0.7
v -4 5.1 0.7
v -4 5.2 0.7
v -4 5.3 0.7
v -4 5.4 0.7
v -3.8 4.9 0.7
v -3.8 5 0.7
v -3.8 5.1 0.7
v -3.8 5.2 0.7
v -3.8 5.3 0.7
v -3.8 5.4 0.7
v -3.7 4.9 0.7
v -3.7 5 0.7
v -3.7 5.1 0.7
v -3.7 5.2 0.7
v -3.7 5.3 0.7
v -3.7 5.4 0.7
v -3.5 4.9 0.7
v -3.5 5 0.7
v -3.5 5.1 0.7
v -3.5 5.2 0.7
v -3.5 5.3 0.7
v -3.5 5.4 0.7
v -3.4 4.9 0.7
v -3.4 5 0.7
v -3.4 5.1 0.7
v -3.4 5.2 0.7
v -3.4 5.3 0.7
v -3.4 5.4 0.7
v -3.2 4.9 0.7
v -3.2 5 0.7
v -3.2 5.1 0.7
v -3.2 5.2 0.7
v -3.2 5.3 0.7
v -3.2 5.4 0.7
v -3.1 4.9 0.7
v -3.1 5 0.7
v -3.1 5.1 0.7
v -3.1 5.2 0.7
v -3.1 5.3 0.7
v -3.1 5.4 0.7
v -2.9 4.9 0.7
v -2.9 5 0.7
v -2.9 5.1 0.7
v -2.9 5.2 0.7
v -2.9 5.3 0.7
v -2.9 5.4 0.7
v -2.8 4.9 0.7
v -2.8 5 0.7
v -2.8 5.1 0.7
v -2.8 5.2 0.7
v -2.8 5.3 0.7
v -2.8 5.4 0.7
v -2.6 4.9 0.7
v -2.6 5 0.7
v -2.6 5.1 0.7
v -2.6 5.2 0.7
v -2.6 5.3 0.7
v -2.6 5.4 0.7
v -2.5 4.9 0.7
v -2.5 5 0.7
v -2.5 5.1 0.7
v -2.5 5.2 0.7
v -2.5 5.3 0.7
v -2.5 5.4 0.7
v -2.3 4.9 0.7
v -2.3 5 0.7
v -2.3 5.1 0.7
v -2.3 5.2 0.7
v -2.3 5.3 0.7
v -2.3 5.4 0.7
v -2.2 4.9 0.7
v -2.2 5 0.7
v -2.2 5.1 0.7
v -2.2 5.2 0.7
v -2.2 5.3 0.7
v -2.2 5.4 0.7
v -2 4.9 0.7
v -2 5 0.7
v -2 5.1 0.7
v -2 5.2 0.7
v -2 5.3 0.7
v -2 5.4 0.7
v -1.9 4.9 0.7
v -1.9 5 0.7
v -1.9 5.1 0.7
v -1.9 5.2 0.7
v -1.9 5.3 0.7
v -1.9 5.4 0.7
v -1.7 4.9 0.7
v -1.7 5 0.7
v -1.7 5.1 0.7
v -1.7 5.2 0.7
v -1.7 5.3 0.7
v -1.7 5.4 0.7
v -1.6 4.9 0.7
v -1.6 5 0.7
v -1.6 5.1 0.7
v -1.6 5.2 0.7
v -1.6 5.3 0.7
v -1.6 5.4 0.7
v -1.4 4.9 0.7
v -1.4 5 0.7
v -1.4 5.1 0.7
v -1.4 5.2 0.7
v -1.4 5.3 0.7
v -1.4 5.4 0.7
v -1.3 4.9 0.7
v -1.3 5 0.7
v -1.3 5.1 0.7
v -1.3 5.2 0.7
v -1.3 5.3 0.7
v -1.3 5.4 0.7
v -1.1 4.9 0.7
v -1.1 5 0.7
v -1.1 5.1 0.7
v -1.1 5.2 0.7
v -1.1 5.3 0.7
v -1.1 5.4 0.7
v -1 4.9 0.7
v -1 5 0.7
v -1 5.1 0.7
v -1 5.2 0.7
v -1 5.3 0.7
v -1 5.4 0.7
v -0.8 4.9 0.7
v -0.8 5 0.7
v -0.8 5.1 0.7
v -0.8 5.2 0.7
v -0.8 5.3 0.7
v -0.8 5.4 0.7
v -0.7 4.9 0.7
v -0.7 5 0.7
v -0.7 5.1 0.7
v -0.7 5.2 0.7
v -0.7 5.3 0.7
v -0.7 5.4 0.7
v -0.6 4.9 0.7
v -0.6 5 0.7
v -0.6 5.1 0.7
v -0.6 5.2 0.7
v -0.6 5.3 0.7
v -0.6 5.4 0.7
v -0.5 4.8 0.5
v -0.5 4.9 0.5
v -0.5 5 0.5
v -0.5 5.1 0.5
v -0.5 5.2 0.5
v -0.5 5.3 0.5
v -0.5 5.4 0.5
v -0.5 5.5 0.5
v -0.4 4.8 0.5
v -0.4 5.5 0.5
v -0.5 4.8 0.2
v -0.5 4.9 0.2
v -0.5 5 0.2
v -0.5 5.1 0.2
v -0.5 5.2 0.2
v -0.5 5.3 0.2
v -0.5 5.4 0.2
v -0.5 5.5 0.2
v -0.4 4.8 0.2
v -0.4 5.5 0.2
v -0.5 4.8 -0.1
v -0.5 4.9 -0.1
v -0.5 5 -0.1
v -0.5 5.1 -0.1
v -0.5 5.2 -0.1
v -0.5 5.3 -0.1
v -0.5 5.4 -0.1
v -0.5 5.5 -0.1
v -0.4 4.8 -0.1
v -0.4 5.5 -0.1
v -0.5 4.8 -0.4
v -0.5 4.9 -0.4
v -0.5 5 -0.4
v -0.5 5.1 -0.4
v -0.5 5.2 -0.4
v -0.5 5.3 -0.4
v -0.5 5.4 -0.4
v -0.5 5.5 -0.4
v -0.4 4.8 -0.4
v -0.4 5.5 -0.4
v -0.5 4.8 -0.7
v -0.5 4.9 -0.7
v -0.5 5 -0.7
v -0.5 5.1 -0.7
v -0.5 5.2 -0.7
v -0.5 5.3 -0.7
v -0.5 5.4 -0.7
v -0.5 5.5 -0.7
v -0.4 4.8 -0.7
v -0.4 5.5 -0.7
v -0.5 4.8 -1
v -0.5 4.9 -1
v -0.5 5 -1
v -0.5 5.1 -1
v -0.5 5.2 -1
v -0.5 5.3 -1
v -0.5 5.4 -1
v -0.5 5.5 -1
v -0.4 4.8 -1
v -0.4 5.5 -1
v -0.5 4.8 -1.3
v -0.5 4.9 -1.3
v -0.5 5 -1.3
v -0.5 5.1 -1.3
v -0.5 5.2 -1.3
v -0.5 5.3 -1.3
v -0.5 5.4 -1.3
v -0.5 5.5 -1.3
v -0.4 4.8 -1.3
v -0.4 5.5 -1.3
v -0.5 4.8 -1.6
v -0.5 4.9 -1.6
v -0.5 5 -1.6
v -0.5 5.1 -1.6
v -0.5 5.2 -1.6
v -0.5 5.3 -1.6
v -0.5 5.4 -1.6
v -0.5 5.5 -1.6
v -0.4 4.8 -1.6
v -0.4 5.5 -1.6
v -0.5 4.8 -1.9
v -0.5 4.9 -1.9
v -0.5 5 -1.9
v -0.5 5.1 -1.9
v -0.5 5.2 -1.9
v -0.5 5.3 -1.9
v -0.5 5.4 -1.9
v -0.5 5.5 -1.9
v -0.4 4.8 -1.9
v -0.4 5.5 -1.9
v -0.5 4.8 -2.2
v -0.5 4.9 -2.2
v -0.5 5 -2.2
v -0.5 5.1 -2.2
v -0.5 5.2 -2.2
v -0.5 5.3 -2.2
v -0.5 5.4 -2.2
v -0.5 5.5 -2.2
v -0.4 4.8 -2.2
v -0.4 5.5 -2.2
v -0.5 4.8 -2.5
v -0.5 4.9 -2.5
v -0.5 5 -2.5
v -0.5 5.1 -2.5
v -0.5 5.2 -2.5
v -0.5 5.3 -2.5
v -0.5 5.4 -2.5
v -0.5 5.5 -2.5
v -0.4 4.8 -2.5
v -0.4 5.5 -2.5
v -5.8 4.9 -2.6
v -5.8 5 -2.6
v -5.8 5.1 -2.6
v -5.8 5.2 -2.6
v -5.8 5.3 -2.6
v -5.8 5.4 -2.6
v -0.6 4.9 -2.6
v -0.6 5 -2.6
v -0.6 5.1 -2.6
v -0.6 5.2 -2.6
v -0.6 5.3 -2.6
v -0.6 5.4 -2.6
v -5.8 4.8 -2.7
v -5.8 4.9 -2.7
v -5.8 5 -2.7
v -5.8 5.1 -2.7
v -5.8 5.2 -2.7
v -5.8 5.3 -2.7
v -5.8 5.4 -2.7
v -5.8 5.5 -2.7
v -5.7 4.8 -2.7
v -5.7 4.9 -2.7
v -5.7 5 -2.7
v -5.7 5.1 -2.7
v -5.7 5.2 -2.7
v -5.7 5.3 -2.7
v -5.7 5.4 -2.7
v -5.7 5.5 -2.7
v -5.5 4.8 -2.7
v -5.5 4.9 -2.7
v -5.5 5 -2.7
v -5.5 5.1 -2.7
v -5.5 5.2 -2.7
v -5.5 5.3 -2.7
v -5.5 5.4 -2.7
v -5.5 5.5 -2.7
v -5.4 4.8 -2.7
v -5.4 4.9 -2.7
v -5.4 5 -2.7
v -5.4 5.1 -2.7
v -5.4 5.2 -2.7
v -5.4 5.3 -2.7
v -5.4 5.4 -2.7
v -5.4 5.5 -2.7
v -5.2 4.8 -2.7
v -5.2 4.9 -2.7
v -5.2 5 -2.7
v -5.2 5.1 -2.7
v -5.2 5.2 -2.7
v -5.2 5.3 -2.7
v -5.2 5.4 -2.7
v -5.2 5.5 -2.7
v -5.1 4.8 -2.7
v -5.1 4.9 -2.7
v -5.1 5 -2.7
v -5.1 5.1 -2.7
v -5.1 5.2 -2.7
v -5.1 5.3 -2.7
v -5.1 5.4 -2.7
v -5.1 5.5 -2.7
v -4.9 4.8 -2.7
v -4.9 4.9 -2.7
v -4.9 5 -2.7
v -4.9 5.1 -2.7
v -4.9 5.2 -2.7
v -4.9 5.3 -2.7
v -4.9 5.4 -2.7
v -4.9 5.5 -2.7
v -4.8 4.8 -2.7
v -4.8 4.9 -2.7
v -4.8 5 -2.7
v -4.8 5.1 -2.7
v -4.8 5.2 -2.7
v -4.8 5.3 -2.7
v -4.8 5.4 -2.7
v -4.8 5.5 -2.7
v -4.6 4.8 -2.7
v -4.6 4.9 -2.7
v -4.6 5 -2.7
v -4.6 5.1 -2.7
v -4.6 5.2 -2.7
v -4.6 5.3 -2.7
v -4.6 5.4 -2.7
v -4.6 5.5 -2.7
v -4.5 4.8 -2.7
v -4.5 4.9 -2.7
v -4.5 5 -2.7
v -4.5 5.1 -2.7
v -4.5 5.2 -2.7
v -4.5 5.3 -2.7
v -4.5 5.4 -2.7
v -4.5 5.5 -2.7
v -4.3 4.8 -2.7
v -4.3 4.9 -2.7
v -4.3 5 -2.7
v -4.3 5.1 -2.7
v -4.3 5.2 -2.7
v -4.3 5.3 -2.7
v -4.3 5.4 -2.7
v -4.3 5.5 -2.7
v -4.2 4.8 -2.7
v -4.2 4.9 -2.7
v -4.2 5 -2.7
v -4.2 5.1 -2.7
v -4.2 5.2 -2.7
v -4.2 5.3 -2.7
v -4.2 5.4 -2.7
v -4.2 5.5 -2.7
v -4 4.8 -2.7
v -4 4.9 -2.7
v -4 5 -2.7
v -4 5.1 -2.7
v -4 5.2 -2.7
v -4 5.3 -2.7
v -4 5.4 -2.7
v -4 5.5 -2.7
v -3.9 4.8 -2.7
v -3.9 4.9 -2.7
v -3.9 5 -2.7
v -3.9 5.1 -2.7
v -3.9 5.2 -2.7
v -3.9 5.3 -2.7
v -3.9 5.4 -2.7
v -3.9 5.5 -2.7
v -3.7 4.8 -2.7
v -3.7 4.9 -2.7
v -3.7 5 -2.7
v -3.7 5.1 -2.7
v -3.7 5.2 -2.7
v -3.7 5.3 -2.7
v -3.7 5.4 -2.7
v -3.7 5.5 -2.7
v -3.6 4.8 -2.7
v -3.6 4.9 -2.7
v -3.6 5 -2.7
v -3.6 5.1 -2.7
v -3.6 5.2 -2.7
v -3.6 5.3 -2.7
v -3.6 5.4 -2.7
v -3.6 5.5 -2.7
v -3.4 4.8 -2.7
v -3.4 4.9 -2.7
v -3.4 5 -2.7
v -3.4 5.1 -2.7
v -3.4 5.2 -2.7
v -3.4 5.3 -2.7
v -3.4 5.4 -2.7
v -3.4 5.5 -2.7
v -3.3 4.8 -2.7
v -3.3 4.9 -2.7
v -3.3 5 -2.7
v -3.3 5.1 -2.7
v -3.3 5.2 -2.7
v -3.3 5.3 -2.7
v -3.3 5.4 -2.7
v -3.3 5.5 -2.7
v -3.1 4.8 -2.7
v -3.1 4.9 -2.7
v -3.1 5 -2.7
v -3.1 5.1 -2.7
v -3.1 5.2 -2.7
v -3.1 5.3 -2.7
v -3.1 5.4 -2.7
v -3.1 5.5 -2.7
v -3 4.8 -2.7
v -3 4.9 -2.7
v -3 5 -2.7
v -3 5.1 -2.7
v -3 5.2 -2.7
v -3 5.3 -2.7
v -3 5.4 -2.7
v -3 5.5 -2.7
v -2.8 4.8 -2.7
v -2.8 4.9 -2.7
v -2.8 5 -2.7
v -2.8 5.1 -2.7
v -2.8 5.2 -2.7
v -2.8 5.3 -2.7
v -2.8 5.4 -2.7
v -2.8 5.5 -2.7
v -2.7 4.8 -2.7
v -2.7 4.9 -2.7
v -2.7 5 -2.7
v -2.7 5.1 -2.7
v -2.7 5.2 -2.7
v -2.7 5.3 -2.7
v -2.7 5.4 -2.7
v -2.7 5.5 -2.7
v -2.5 4.8 -2.7
v -2.5 4.9 -2.7
v -2.5 5 -2.7
v -2.5 5.1 -2.7
v -2.5 5.2 -2.7
v -2.5 5.3 -2.7
v -2.5 5.4 -2.7
v -2.5 5.5 -2.7
v -2.4 4.8 -2.7
v -2.4 4.9 -2.7
v -2.4 5 -2.7
v -2.4 5.1 -2.7
v -2.4 5.2 -2.7
v -2.4 5.3 -2.7
v -2.4 5.4 -2.7
v -2.4 5.5 -2.7
v -2.2 4.8 -2.7
v -2.2 4.9 -2.7
v -2.2 5 -2.7
v -2.2 5.1 -2.7
v -2.2 5.2 -2.7
v -2.2 5.3 -2.7
v -2.2 5.4 -2.7
v -2.2 5.5 -2.7
v -2.1 4.8 -2.7
v -2.1 4.9 -2.7
v -2.1 5 -2.7
v -2.1 5.1 -2.7
v -2.1 5.2 -2.7
v -2.1 5.3 -2.7
v -2.1 5.4 -2.7
v -2.1 5.5 -2.7
v -1.9 4.8 -2.7
v -1.9 4.9 -2.7
v -1.9 5 -2.7
v -1.9 5.1 -2.7
v -1.9 5.2 -2.7
v -1.9 5.3 -2.7
v -1.9 5.4 -2.7
v -1.9 5.5 -2.7
v -1.8 4.8 -2.7
v -1.8 4.9 -2.7
v -1.8 5 -2.7
v -1.8 5.1 -2.7
v -1.8 5.2 -2.7
v -1.8 5.3 -2.7
v -1.8 5.4 -2.7
v -1.8 5.5 -2.7
v -1.6 4.8 -2.7
v -1.6 4.9 -2.7
v -1.6 5 -2.7
v -1.6 5.1 -2.7
v -1.6 5.2 -2.7
v -1.6 5.3 -2.7
v -1.6 5.4 -2.7
v -1.6 5.5 -2.7
v -1.5 4.8 -2.7
v -1.5 4.9 -2.7
v -1.5 5 -2.7
v -1.5 5.1 -2.7
v -1.5 5.2 -2.7
v -1.5 5.3 -2.7
v -1.5 5.4 -2.7
v -1.5 5.5 -2.7
v -1.3 4.8 -2.7
v -1.3 4.9 -2.7
v -1.3 5 -2.7
v -1.3 5.1 -2.7
v -1.3 5.2 -2.7
v -1.3 5.3 -2.7
v -1.3 5.4 -2.7
v -1.3 5.5 -2.7
v -1.2 4.8 -2.7
v -1.2 4.9 -2.7
v -1.2 5 -2.7
v -1.2 5.1 -2.7
v -1.2 5.2 -2.7
v -1.2 5.3 -2.7
v -1.2 5.4 -2.7
v -1.2 5.5 -2.7
v -1 4.8 -2.7
v -1 4.9 -2.7
v -1 5 -2.7
v -1 5.1 -2.7
v -1 5.2 -2.7
v -1 5.3 -2.7
v -1 5.4 -2.7
v -1 5.5 -2.7
v -0.9 4.8 -2.7
v -0.9 4.9 -2.7
v -0.9 5 -2.7
v -0.9 5.1 -2.7
v -0.9 5.2 -2.7
v -0.9 5.3 -2.7
v -0.9 5.4 -2.7
v -0.9 5.5 -2.7
v -0.7 4.8 -2.7
v -0.7 4.9 -2.7
v -0.7 5 -2.7
v -0.7 5.1 -2.7
v -0.7 5.2 -2.7
v -0.7 5.3 -2.7
v -0.7 5.4 -2.7
v -0.7 5.5 -2.7
v -0.6 4.8 -2.7
v -0.6 4.9 -2.7
v -0.6 5 -2.7
v -0.6 5.1 -2.7
v -0.6 5.2 -2.7
v -0.6 5.3 -2.7
v -0.6 5.4 -2.7
v -0.6 5.5 -2.7
v -5.6 4.8 0.7
v -5.6 4.9 0.7
v -5.6 5 0.7
v -5.6 5.1 0.7
v -5.6 5.2 0.7
v -5.6 5.3 0.7
v -5.6 5.4 0.7
v -5.6 5.5 0.7
v -5.5 4.8 0.7
v -5.5 4.9 0.7
v -5.5 5 0.7
v -5.5 5.1 0.7
v -5.5 5.2 0.7
v -5.5 5.3 0.7
v -5.5 5.4 0.7
v -5.5 5.5 0.7
v -5.3 4.8 0.7
v -5.3 4.9 0.7
v -5.3 5 0.7
v -5.3 5.1 0.7
v -5.3 5.2 0.7
v -5.3 5.3 0.7
v -5.3 5.4 0.7
v -5.3 5.5 0.7
v -5.2 4.8 0.7
v -5.2 4.9 0.7
v -5.2 5 0.7
v -5.2 5.1 0.7
v -5.2 5.2 0.7
v -5.2 5.3 0.7
v -5.2 5.4 0.7
v -5.2 5.5 0.7
v -5 4.8 0.7
v -5 4.9 0.7
v -5 5 0.7
v -5 5.1 0.7
v -5 5.2 0.7
v -5 5.3 0.7
v -5 5.4 0.7
v -5 5.5 0.7
v -4.9 4.8 0.7
v -4.9 4.9 0.7
v -4.9 5 0.7
v -4.9 5.1 0.7
v -4.9 5.2 0.7
v -4.9 5.3 0.7
v -4.9 5.4 0.7
v -4.9 5.5 0.7
v -4.7 4.8 0.7
v -4.7 4.9 0.7
v -4.7 5 0.7
v -4.7 5.1 0.7
v -4.7 5.2 0.7
v -4.7 5.3 0.7
v -4.7 5.4 0.7
v -4.7 5.5 0.7
v -4.6 4.8 0.7
v -4.6 4.9 0.7
v -4.6 5 0.7
v -4.6 5.1 0.7
v -4.6 5.2 0.7
v -4.6 5.3 0.7
v -4.6 5.4 0.7
v -4.6 5.5 0.7
v -4.4 4.8 0.7
v -4.4 4.9 0.7
v -4.4 5 0.7
v -4.4 5.1 0.7
v -4.4 5.2 0.7
v -4.4 5.3 0.7
v -4.4 5.4 0.7
v -4.4 5.5 0.7
v -4.3 4.8 0.7
v -4.3 4.9 0.7
v -4.3 5 0.7
v -4.3 5.1 0.7
v -4.3 5.2 0.7
v -4.3 5.3 0.7
v -4.3 5.4 0.7
v -4.3 5.5 0.7
v -4.1 4.8 0.7
v -4.1 4.9 0.7
v -4.1 5 0.7
v -4.1 5.1 0.7
v -4.1 5.2 0.7
v -4.1 5.3 0.7
v -4.1 5.4 0.7
v -4.1 5.5 0.7
v -4 4.8 0.7
v -4 4.9 0.7
v -4 5 0.7
v -4 5.1 0.7
v -4 5.2 0.7
v -4 5.3 0.7
v -4 5.4 0.7
v -4 5.5 0.7
v -3.8 4.8 0.7
v -3.8 4.9 0.7
v -3.8 5 0.7
v -3.8 5.1 0.7
v -3.8 5.2 0.7
v -3.8 5.3 0.7
v -3.8 5.4 0.7
v -3.8 5.5 0.7
v -3.7 4.8 0.7
v -3.7 4.9 0.7
v -3.7 5 0.7
v -3.7 5.1 0.7
v -3.7 5.2 0.7
v -3.7 5.3 0.7
v -3.7 5.4 0.7
v -3.7 5.5 0.7
v -3.5 4.8 0.7
v -3.5 4.9 0.7
v -3.5 5 0.7
v -3.5 5.1 0.7
v -3.5 5.2 0.7
v -3.5 5.3 0.7
v -3.5 5.4 0.7
v -3.5 5.5 0.7
v -3.4 4.8 0.7
v -3.4 4.9 0.7
v -3.4 5 0.7
v -3.4 5.1 0.7
v -3.4 5.2 0.7
v -3.4 5.3 0.7
v -3.4 5.4 0.7
v -3.4 5.5 0.7
v -3.2 4.8 0.7
v -3.2 4.9 0.7
v -3.2 5 0.7
v -3.2 5.1 0.7
v -3.2 5.2 0.7
v -3.2 5.3 0.7
v -3.2 5.4 0.7
v -3.2 5.5 0.7
v -3.1 4.8 0.7
v -3.1 4.9 0.7
v -3.1 5 0.7
v -3.1 5.1 0.7
v -3.1 5.2 0.7
v -3.1 5.3 0.7
v -3.1 5.4 0.7
v -3.1 5.5 0.7
v -2.9 4.8 0.7
v -2.9 4.9 0.7
v -2.9 5 0.7
v -2.9 5.1 0.7
v -2.9 5.2 0.7
v -2.9 5.3 0.7
v -2.9 5.4 0.7
v -2.9 5.5 0.7
v -2.8 4.8 0.7
v -2.8 4.9 0.7
v -2.8 5 0.7
v -2.8 5.1 0.7
v -2.8 5.2 0.7
v -2.8 5.3 0.7
v -2.8 5.4 0.7
v -2.8 5.5 0.7
v -2.6 4.8 0.7
v -2.6 4.9 0.7
v -2.6 5 0.7
v -2.6 5.1 0.7
v -2.6 5.2 0.7
v -2.6 5.3 0.7
v -2.6 5.4 0.7
v -2.6 5.5 0.7
v -2.5 4.8 0.7
v -2.5 4.9 0.7
v -2.5 5 0.7
v -2.5 5.1 0.7
v -2.5 5.2 0.7
v -2.5 5.3 0.7
v -2.5 5.4 0.7
v -2.5 5.5 0.7
v -2.3 4.8 0.7
v -2.3 4.9 0.7
v -2.3 5 0.7
v -2.3 5.1 0.7
v -2.3 5.2 0.7
v -2.3 5.3 0.7
v -2.3 5.4 0.7
v -2.3 5.5 0.7
v -2.2 4.8 0.7
v -2.2 4.9 0.7
v -2.2 5 0.7
v -2.2 5.1 0.7
v -2.2 5.2 0.7
v -2.2 5.3 0.7
v -2.2 5.4 0.7
v -2.2 5.5 0.7
v -2 4.8 0.7
v -2 4.9 0.7
v -2 5 0.7
v -2 5.1 0.7
v -2 5.2 0.7
v -2 5.3 0.7
v -2 5.4 0.7
v -2 5.5 0.7
v -1.9 4.8 0.7
v -1.9 4.9 0.7
v -1.9 5 0.7
v -1.9 5.1 0.7
v -1.9 5.2 0.7
v -1.9 5.3 0.7
v -1.9 5.4 0.7
v -1.9 5.5 0.7
v -1.7 4.8 0.7
v -1.7 4.9 0.7
v -1.7 5 0.7
v -1.7 5.1 0.7
v -1.7 5.2 0.7
v -1.7 5.3 0.7
v -1.7 5.4 0.7
v -1.7 5.5 0.7
v -1.6 4.8 0.7
v -1.6 4.9 0.7
v -1.6 5 0.7
v -1.6 5.1 0.7
v -1.6 5.2 0.7
v -1.6 5.3 0.7
v -1.6 5.4 0.7
v -1.6 5.5 0.7
v -1.4 4.8 0.7
v -1.4 4.9 0.7
v -1.4 5 0.7
v -1.4 5.1 0.7
v -1.4 5.2 0.7
v -1.4 5.3 0.7
v -1.4 5.4 0.7
v -1.4 5.5 0.7
v -1.3 4.8 0.7
v -1.3 4.9 0.7
v -1.3 5 0.7
v -1.3 5.1 0.7
v -1.3 5.2 0.7
v -1.3 5.3 0.7
v -1.3 5.4 0.7
v -1.3 5.5 0.7
v -1.1 4.8 0.7
v -1.1 4.9 0.7
v -1.1 5 0.7
v -1.1 5.1 0.7
v -1.1 5.2 0.7
v -1.1 5.3 0.7
v -1.1 5.4 0.7
v -1.1 5.5 0.7
v -1 4.8 0.7
v -1 4.9 0.7
v -1 5 0.7
v -1 5.1 0.7
v -1 5.2 0.7
v -1 5.3 0.7
v -1 5.4 0.7
v -1 5.5 0.7
v -0.8 4.8 0.7
v -0.8 4.9 0.7
v -0.8 5 0.7
v -0.8 5.1 0.7
v -0.8 5.2 0.7
v -0.8 5.3 0.7
v -0.8 5.4 0.7
v -0.8 5.5 0.7
v -0.7 4.8 0.7
v -0.7 4.9 0.7
v -0.7 5 0.7
v -0.7 5.1 0.7
v -0.7 5.2 0.7
v -0.7 5.3 0.7
v -0.7 5.4 0.7
v -0.7 5.5 0.7
v -0.5 4.8 0.7
v -0.5 4.9 0.7
v -0.5 5 0.7
v -0.5 5.1 0.7
v -0.5 5.2 0.7
v -0.5 5.3 0.7
v -0.5 5.4 0.7
v -0.5 5.5 0.7
v -0.4 4.8 0.7
v -0.4 4.9 0.7
v -0.4 5 0.7
v -0.4 5.1 0.7
v -0.4 5.2 0.7
v -0.4 5.3 0.7
v -0.4 5.4 0.7
v -0.4 5.5 0.7
v -5.8 4.9 0.6
v -5.8 5 0.6
v -5.8 5.1 0.6
v -5.8 5.2 0.6
v -5.8 5.3 0.6
v -5.8 5.4 0.6
v -0.6 4.9 0.6
v -0.6 5 0.6
v -0.6 5.1 0.6
v -0.6 5.2 0.6
v -0.6 5.3 0.6
v -0.6 5.4 0.6
v -0.5 4.9 0.6
v -0.5 5 0.6
v -0.5 5.1 0.6
v -0.5 5.2 0.6
v -0.5 5.3 0.6
v -0.5 5.4 0.6
v -0.4 4.9 0.6
v -0.4 5 0.6
v -0.4 5.1 0.6
v -0.4 5.2 0.6
v -0.4 5.3 0.6
v -0.4 5.4 0.6
v -0.5 4.8 0.4
v -0.5 4.9 0.4
v -0.5 5 0.4
v -0.5 5.1 0.4
v -0.5 5.2 0.4
v -0.5 5.3 0.4
v -0.5 5.4 0.4
v -0.5 5.5 0.4
v -0.4 4.8 0.4
v -0.4 5.5 0.4
v -0.5 4.8 0.1
v -0.5 4.9 0.1
v -0.5 5 0.1
v -0.5 5.1 0.1
v -0.5 5.2 0.1
v -0.5 5.3 0.1
v -0.5 5.4 0.1
v -0.5 5.5 0.1
v -0.4 4.8 0.1
v -0.4 5.5 0.1
v -0.5 4.8 -0.2
v -0.5 4.9 -0.2
v -0.5 5 -0.2
v -0.5 5.1 -0.2
v -0.5 5.2 -0.2
v -0.5 5.3 -0.2
v -0.5 5.4 -0.2
v -0.5 5.5 -0.2
v -0.4 4.8 -0.2
v -0.4 5.5 -0.2
v -0.5 4.8 -0.5
v -0.5 4.9 -0.5
v -0.5 5 -0.5
v -0.5 5.1 -0.5
v -0.5 5.2 -0.5
v -0.5 5.3 -0.5
v -0.5 5.4 -0.5
v -0.5 5.5 -0.5
v -0.4 4.8 -0.5
v -0.4 5.5 -0.5
v -0.5 4.8 -0.8
v -0.5 4.9 -0.8
v -0.5 5 -0.8
v -0.5 5.1 -0.8
v -0.5 5.2 -0.8
v -0.5 5.3 -0.8
v -0.5 5.4 -0.8
v -0.5 5.5 -0.8
v -0.4 4.8 -0.8
v -0.4 5.5 -0.8
v -0.5 4.8 -1.1
v -0.5 4.9 -1.1
v -0.5 5 -1.1
v -0.5 5.1 -1.1
v -0.5 5.2 -1.1
v -0.5 5.3 -1.1
v -0.5 5.4 -1.1
v -0.5 5.5 -1.1
v -0.4 4.8 -1.1
v -0.4 5.5 -1.1
v -0.5 4.8 -1.4
v -0.5 4.9 -1.4
v -0.5 5 -1.4
v -0.5 5.1 -1.4
v -0.5 5.2 -1.4
v -0.5 5.3 -1.4
v -0.5 5.4 -1.4
v -0.5 5.5 -1.4
v -0.4 4.8 -1.4
v -0.4 5.5 -1.4
v -0.5 4.8 -1.7
v -0.5 4.9 -1.7
v -0.5 5 -1.7
v -0.5 5.1 -1.7
v -0.5 5.2 -1.7
v -0.5 5.3 -1.7
v -0.5 5.4 -1.7
v -0.5 5.5 -1.7
v -0.4 4.8 -1.7
v -0.4 5.5 -1.7
v -0.5 4.8 -2
v -0.5 4.9 -2
v -0.5 5 -2
v -0.5 5.1 -2
v -0.5 5.2 -2
v -0.5 5.3 -2
v -0.5 5.4 -2
v -0.5 5.5 -2
v -0.4 4.8 -2
v -0.4 5.5 -2
v -0.5 4.8 -2.3
v -0.5 4.9 -2.3
v -0.5 5 -2.3
v -0.5 5.1 -2.3
v -0.5 5.2 -2.3
v -0.5 5.3 -2.3
v -0.5 5.4 -2.3
v -0.5 5.5 -2.3
v -0.4 4.8 -2.3
v -0.4 5.5 -2.3
v -0.5 4.8 -2.6
v -0.5 4.9 -2.6
v -0.5 5 -2.6
v -0.5 5.1 -2.6
v -0.5 5.2 -2.6
v -0.5 5.3 -2.6
v -0.5 5.4 -2.6
v -0.5 5.5 -2.6
v -0.4 4.8 -2.6
v -0.4 4.9 -2.6
v -0.4 5 -2.6
v -0.4 5.1 -2.6
v -0.4 5.2 -2.6
v -0.4 5.3 -2.6
v -0.4 5.4 -2.6
v -0.4 5.5 -2.6
v -5.7 4.9 -2.7
v -5.7 5 -2.7
v -5.7 5.1 -2.7
v -5.7 5.2 -2.7
v -5.7 5.3 -2.7
v -5.7 5.4 -2.7
v -5.5 4.9 -2.7
v -5.5 5 -2.7
v -5.5 5.1 -2.7
v -5.5 5.2 -2.7
v -5.5 5.3 -2.7
v -5.5 5.4 -2.7
v -5.4 4.9 -2.7
v -5.4 5 -2.7
v -5.4 5.1 -2.7
v -5.4 5.2 -2.7
v -5.4 5.3 -2.7
v -5.4 5.4 -2.7
v -5.2 4.9 -2.7
v -5.2 5 -2.7
v -5.2 5.1 -2.7
v -5.2 5.2 -2.7
v -5.2 5.3 -2.7
v -5.2 5.4 -2.7
v -5.1 4.9 -2.7
v -5.1 5 -2.7
v -5.1 5.1 -2.7
v -5.1 5.2 -2.7
v -5.1 5.3 -2.7
v -5.1 5.4 -2.7
v -4.9 4.9 -2.7
v -4.9 5 -2.7
v -4.9 5.1 -2.7
v -4.9 5.2 -2.7
v -4.9 5.3 -2.7
v -4.9 5.4 -2.7
v -4.8 4.9 -2.7
v -4.8 5 -2.7
v -4.8 5.1 -2.7
v -4.8 5.2 -2.7
v -4.8 5.3 -2.7
v -4.8 5.4 -2.7
v -4.6 4.9 -2.7
v -4.6 5 -2.7
v -4.6 5.1 -2.7
v -4.6 5.2 -2.7
v -4.6 5.3 -2.7
v -4.6 5.4 -2.7
v -4.5 4.9 -2.7
v -4.5 5 -2.7
v -4.5 5.1 -2.7
v -4.5 5.2 -2.7
v -4.5 5.3 -2.7
v -4.5 5.4 -2.7
v -4.3 4.9 -2.7
v -4.3 5 -2.7
v -4.3 5.1 -2.7
v -4.3 5.2 -2.7
v -4.3 5.3 -2.7
v -4.3 5.4 -2.7
v -4.2 4.9 -2.7
v -4.2 5 -2.7
v -4.2 5.1 -2.7
v -4.2 5.2 -2.7
v -4.2 5.3 -2.7
v -4.2 5.4 -2.7
v -4 4.9 -2.7
v -4 5 -2.7
v -4 5.1 -2.7
v -4 5.2 -2.7
v -4 5.3 -2.7
v -4 5.4 -2.7
v -3.9 4.9 -2.7
v -3.9 5 -2.7
v -3.9 5.1 -2.7
v -3.9 5.2 -2.7
v -3.9 5.3 -2.7
v -3.9 5.4 -2.7
v -3.7 4.9 -2.7
v -3.7 5 -2.7
v -3.7 5.1 -2.7
v -3.7 5.2 -2.7
v -3.7 5.3 -2.7
v -3.7 5.4 -2.7
v -3.6 4.9 -2.7
v -3.6 5 -2.7
v -3.6 5.1 -2.7
v -3.6 5.2 -2.7
v -3.6 5.3 -2.7
v -3.6 5.4 -2.7
v -3.4 4.9 -2.7
v -3.4 5 -2.7
v -3.4 5.1 -2.7
v -3.4 5.2 -2.7
v -3.4 5.3 -2.7
v -3.4 5.4 -2.7
v -3.3 4.9 -2.7
v -3.3 5 -2.7
v -3.3 5.1 -2.7
v -3.3 5.2 -2.7
v -3.3 5.3 -2.7
v -3.3 5.4 -2.7
v -3.1 4.9 -2.7
v -3.1 5 -2.7
v -3.1 5.1 -2.7
v -3.1 5.2 -2.7
v -3.1 5.3 -2.7
v -3.1 5.4 -2.7
v -3 4.9 -2.7
v -3 5 -2.7
v -3 5.1 -2.7
v -3 5.2 -2.7
v -3 5.3 -2.7
v -3 5.4 -2.7
v -2.8 4.9 -2.7
v -2.8 5 -2.7
v -2.8 5.1 -2.7
v -2.8 5.2 -2.7
v -2.8 5.3 -2.7
v -2.8 5.4 -2.7
v -2.7 4.9 -2.7
v -2.7 5 -2.7
v -2.7 5.1 -2.7
v -2.7 5.2 -2.7
v -2.7 5.3 -2.7
v -2.7 5.4 -2.7
v -2.5 4.9 -2.7
v -2.5 5 -2.7
v -2.5 5.1 -2.7
v -2.5 5.2 -2.7
v -2.5 5.3 -2.7
v -2.5 5.4 -2.7
v -2.4 4.9 -2.7
v -2.4 5 -2.7
v -2.4 5.1 -2.7
v -2.4 5.2 -2.7
v -2.4 5.3 -2.7
v -2.4 5.4 -2.7
v -2.2 4.9 -2.7
v -2.2 5 -2.7
v -2.2 5.1 -2.7
v -2.2 5.2 -2.7
v -2.2 5.3 -2.7
v -2.2 5.4 -2.7
v -2.1 4.9 -2.7
v -2.1 5 -2.7
v -2.1 5.1 -2.7
v -2.1 5.2 -2.7
v -2.1 5.3 -2.7
v -2.1 5.4 -2.7
v -1.9 4.9 -2.7
v -1.9 5 -2.7
v -1.9 5.1 -2.7
v -1.9 5.2 -2.7
v -1.9 5.3 -2.7
v -1.9 5.4 -2.7
v -1.8 4.9 -2.7
v -1.8 5 -2.7
v -1.8 5.1 -2.7
v -1.8 5.2 -2.7
v -1.8 5.3 -2.7
v -1.8 5.4 -2.7
v -1.6 4.9 -2.7
v -1.6 5 -2.7
v -1.6 5.1 -2.7
v -1.6 5.2 -2.7
v -1.6 5.3 -2.7
v -1.6 5.4 -2.7
v -1.5 4.9 -2.7
v -1.5 5 -2.7
v -1.5 5.1 -2.7
v -1.5 5.2 -2.7
v -1.5 5.3 -2.7
v -1.5 5.4 -2.7
v -1.3 4.9 -2.7
v -1.3 5 -2.7
v -1.3 5.1 -2.7
v -1.3 5.2 -2.7
v -1.3 5.3 -2.7
v -1.3 5.4 -2.7
v -1.2 4.9 -2.7
v -1.2 5 -2.7
v -1.2 5.1 -2.7
v -1.2 5.2 -2.7
v -1.2 5.3 -2.7
v -1.2 5.4 -2.7
v -1 4.9 -2.7
v -1 5 -2.7
v -1 5.1 -2.7
v -1 5.2 -2.7
v -1 5.3 -2.7
v -1 5.4 -2.7
v -0.9 4.9 -2.7
v -0.9 5 -2.7
v -0.9 5.1 -2.7
v -0.9 5.2 -2.7
v -0.9 5.3 -2.7
v -0.9 5.4 -2.7
v -0.7 4.9 -2.7
v -0.7 5 -2.7
v -0.7 5.1 -2.7
v -0.7 5.2 -2.7
v -0.7 5.3 -2.7
v -0.7 5.4 -2.7
v -0.5 4.9 -2.7
v -0.5 5 -2.7
v -0.5 5.1 -2.7
v -0.5 5.2 -2.7
v -0.5 5.3 -2.7
v -0.5 5.4 -2.7
v -0.4 4.9 -2.7
v -0.4 5 -2.7
v -0.4 5.1 -2.7
v -0.4 5.2 -2.7
v -0.4 5.3 -2.7
v -0.4 5.4 -2.7
v -5.8 4.8 -2.8
v -5.8 5.5 -2.8
v -5.7 4.8 -2.8
v -5.7 5.5 -2.8
v -5.5 4.8 -2.8
v -5.5 5.5 -2.8
v -5.4 4.8 -2.8
v -5.4 5.5 -2.8
v -5.2 4.8 -2.8
v -5.2 5.5 -2.8
v -5.1 4.8 -2.8
v -5.1 5.5 -2.8
v -4.9 4.8 -2.8
v -4.9 5.5 -2.8
v -4.8 4.8 -2.8
v -4.8 5.5 -2.8
v -4.6 4.8 -2.8
v -4.6 5.5 -2.8
v -4.5 4.8 -2.8
v -4.5 5.5 -2.8
v -4.3 4.8 -2.8
v -4.3 5.5 -2.8
v -4.2 4.8 -2.8
v -4.2 5.5 -2.8
v -4 4.8 -2.8
v -4 5.5 -2.8
v -3.9 4.8 -2.8
v -3.9 5.5 -2.8
v -3.7 4.8 -2.8
v -3.7 5.5 -2.8
v -3.6 4.8 -2.8
v -3.6 5.5 -2.8
v -3.4 4.8 -2.8
v -3.4 5.5 -2.8
v -3.3 4.8 -2.8
v -3.3 5.5 -2.8
v -3.1 4.8 -2.8
v -3.1 5.5 -2.8
v -3 4.8 -2.8
v -3 5.5 -2.8
v -2.8 4.8 -2.8
v -2.8 5.5 -2.8
v -2.7 4.8 -2.8
v -2.7 5.5 -2.8
v -2.5 4.8 -2.8
v -2.5 5.5 -2.8
v -2.4 4.8 -2.8
v -2.4 5.5 -2.8
v -2.2 4.8 -2.8
v -2.2 5.5 -2.8
v -2.1 4.8 -2.8
v -2.1 5.5 -2.8
v -1.9 4.8 -2.8
v -1.9 5.5 -2.8
v -1.8 4.8 -2.8
v -1.8 5.5 -2.8
v -1.6 4.8 -2.8
v -1.6 5.5 -2.8
v -1.5 4.8 -2.8
v -1.5 5.5 -2.8
v -1.3 4.8 -2.8
v -1.3 5.5 -2.8
v -1.2 4.8 -2.8
v -1.2 5.5 -2.8
v -1 4.8 -2.8
v -1 5.5 -2.8
v -0.9 4.8 -2.8
v -0.9 5.5 -2.8
v -0.7 4.8 -2.8
v -0.7 5.5 -2.8
v -0.6 4.8 -2.8
v -0.6 4.9 -2.8
v -0.6 5 -2.8
v -0.6 5.1 -2.8
v -0.6 5.2 -2.8
v -0.6 5.3 -2.8
v -0.6 5.4 -2.8
v -0.6 5.5 -2.8
v -0.5 4.9 -2.8
v -0.5 5 -2.8
v -0.5 5.1 -2.8
v -0.5 5.2 -2.8
v -0.5 5.3 -2.8
v -0.5 5.4 -2.8
v -5.6 4.8 0.8
v -5.5 4.8 0.8
v -5.3 4.8 0.8
v -5.2 4.8 0.8
v -5 4.8 0.8
v -4.9 4.8 0.8
v -4.7 4.8 0.8
v -4.6 4.8 0.8
v -4.4 4.8 0.8
v -4.3 4.8 0.8
v -4.1 4.8 0.8
v -4 4.8 0.8
v -3.8 4.8 0.8
v -3.7 4.8 0.8
v -3.5 4.8 0.8
v -3.4 4.8 0.8
v -3.2 4.8 0.8
v -3.1 4.8 0.8
v -2.9 4.8 0.8
v -2.8 4.8 0.8
v -2.6 4.8 0.8
v -2.5 4.8 0.8
v -2.3 4.8 0.8
v -2.2 4.8 0.8
v -2 4.8 0.8
v -1.9 4.8 0.8
v -1.7 4.8 0.8
v -1.6 4.8 0.8
v -1.4 4.8 0.8
v -1.3 4.8 0.8
v -1.1 4.8 0.8
v -1 4.8 0.8
v -0.8 4.8 0.8
v -0.7 4.8 0.8
v -0.5 4.8 0.8
v -0.4 4.8 0.8
v -5.6 4.8 0.7
v -5.5 4.8 0.7
v -5.3 4.8 0.7
v -5.2 4.8 0.7
v -5 4.8 0.7
v -4.9 4.8 0.7
v -4.7 4.8 0.7
v -4.6 4.8 0.7
v -4.4 4.8 0.7
v -4.3 4.8 0.7
v -4.1 4.8 0.7
v -4 4.8 0.7
v -3.8 4.8 0.7
v -3.7 4.8 0.7
v -3.5 4.8 0.7
v -3.4 4.8 0.7
v -3.2 4.8 0.7
v -3.1 4.8 0.7
v -2.9 4.8 0.7
v -2.8 4.8 0.7
v -2.6 4.8 0.7
v -2.5 4.8 0.7
v -2.3 4.8 0.7
v -2.2 4.8 0.7
v -2 4.8 0.7
v -1.9 4.8 0.7
v -1.7 4.8 0.7
v -1.6 4.8 0.7
v -1.4 4.8 0.7
v -1.3 4.8 0.7
v -1.1 4.8 0.7
v -1 4.8 0.7
v -0.8 4.8 0.7
v -0.7 4.8 0.7
v -0.5 4.8 0.7
v -0.4 4.8 0.7
v -0.5 4.8 0.5
v -0.4 4.8 0.5
v -0.5 4.8 0.4
v -0.4 4.8 0.4
v -0.5 4.8 0.2
v -0.4 4.8 0.2
v -0.5 4.8 0.1
v -0.4 4.8 0.1
v -0.5 4.8 -0.1
v -0.4 4.8 -0.1
v -0.5 4.8 -0.2
v -0.4 4.8 -0.2
v -0.5 4.8 -0.4
v -0.4 4.8 -0.4
v -0.5 4.8 -0.5
v -0.4 4.8 -0.5
v -0.5 4.8 -0.7
v -0.4 4.8 -0.7
v -0.5 4.8 -0.8
v -0.4 4.8 -0.8
v -0.5 4.8 -1
v -0.4 4.8 -1
v -0.5 4.8 -1.1
v -0.4 4.8 -1.1
v -0.5 4.8 -1.3
v -0.4 4.8 -1.3
v -0.5 4.8 -1.4
v -0.4 4.8 -1.4
v -0.5 4.8 -1.6
v -0.4 4.8 -1.6
v -0.5 4.8 -1.7
v -0.4 4.8 -1.7
v -0.5 4.8 -1.9
v -0.4 4.8 -1.9
v -0.5 4.8 -2
v -0.4 4.8 -2
v -0.5 4.8 -2.2
v -0.4 4.8 -2.2
v -0.5 4.8 -2.3
v -0.4 4.8 -2.3
v -0.5 4.8 -2.5
v -0.4 4.8 -2.5
v -0.5 4.8 -2.6
v -0.4 4.8 -2.6
v -5.8 4.8 -2.7
v -5.7 4.8 -2.7
v -5.5 4.8 -2.7
v -5.4 4.8 -2.7
v -5.2 4.8 -2.7
v -5.1 4.8 -2.7
v -4.9 4.8 -2.7
v -4.8 4.8 -2.7
v -4.6 4.8 -2.7
v -4.5 4.8 -2.7
v -4.3 4.8 -2.7
v -4.2 4.8 -2.7
v -4 4.8 -2.7
v -3.9 4.8 -2.7
v -3.7 4.8 -2.7
v -3.6 4.8 -2.7
v -3.4 4.8 -2.7
v -3.3 4.8 -2.7
v -3.1 4.8 -2.7
v -3 4.8 -2.7
v -2.8 4.8 -2.7
v -2.7 4.8 -2.7
v -2.5 4.8 -2.7
v -2.4 4.8 -2.7
v -2.2 4.8 -2.7
v -2.1 4.8 -2.7
v -1.9 4.8 -2.7
v -1.8 4.8 -2.7
v -1.6 4.8 -2.7
v -1.5 4.8 -2.7
v -1.3 4.8 -2.7
v -1.2 4.8 -2.7
v -1 4.8 -2.7
v -0.9 4.8 -2.7
v -0.7 4.8 -2.7
v -0.6 4.8 -2.7
v -5.8 4.8 -2.8
v -5.7 4.8 -2.8
v -5.5 4.8 -2.8
v -5.4 4.8 -2.8
v -5.2 4.8 -2.8
v -5.1 4.8 -2.8
v -4.9 4.8 -2.8
v -4.8 4.8 -2.8
v -4.6 4.8 -2.8
v -4.5 4.8 -2.8
v -4.3 4.8 -2.8
v -4.2 4.8 -2.8
v -4 4.8 -2.8
v -3.9 4.8 -2.8
v -3.7 4.8 -2.8
v -3.6 4.8 -2.8
v -3.4 4.8 -2.8
v -3.3 4.8 -2.8
v -3.1 4.8 -2.8
v -3 4.8 -2.8
v -2.8 4.8 -2.8
v -2.7 4.8 -2.8
v -2.5 4.8 -2.8
v -2.4 4.8 -2.8
v -2.2 4.8 -2.8
v -2.1 4.8 -2.8
v -1.9 4.8 -2.8
v -1.8 4.8 -2.8
v -1.6 4.8 -2.8
v -1.5 4.8 -2.8
v -1.3 4.8 -2.8
v -1.2 4.8 -2.8
v -1 4.8 -2.8
v -0.9 4.8 -2.8
v -0.7 4.8 -2.8
v -0.6 4.8 -2.8
v -0.6 4.9 0.8
v -0.5 4.9 0.8
v -5.8 4.9 0.7
v -5.6 4.9 0.7
v -5.5 4.9 0.7
v -5.3 4.9 0.7
v -5.2 4.9 0.7
v -5 4.9 0.7
v -4.9 4.9 0.7
v -4.7 4.9 0.7
v -4.6 4.9 0.7
v -4.4 4.9 0.7
v -4.3 4.9 0.7
v -4.1 4.9 0.7
v -4 4.9 0.7
v -3.8 4.9 0.7
v -3.7 4.9 0.7
v -3.5 4.9 0.7
v -3.4 4.9 0.7
v -3.2 4.9 0.7
v -3.1 4.9 0.7
v -2.9 4.9 0.7
v -2.8 4.9 0.7
v -2.6 4.9 0.7
v -2.5 4.9 0.7
v -2.3 4.9 0.7
v -2.2 4.9 0.7
v -2 4.9 0.7
v -1.9 4.9 0.7
v -1.7 4.9 0.7
v -1.6 4.9 0.7
v -1.4 4.9 0.7
v -1.3 4.9 0.7
v -1.1 4.9 0.7
v -1 4.9 0.7
v -0.8 4.9 0.7
v -0.7 4.9 0.7
v -0.6 4.9 0.7
v -0.5 4.9 0.7
v -0.4 4.9 0.7
v -5.8 4.9 0.6
v -0.6 4.9 0.6
v -0.5 4.9 0.6
v -0.4 4.9 0.6
v -0.5 4.9 0.5
v -0.5 4.9 0.4
v -0.5 4.9 0.2
v -0.5 4.9 0.1
v -0.5 4.9 -0.1
v -0.5 4.9 -0.2
v -0.5 4.9 -0.4
v -0.5 4.9 -0.5
v -0.5 4.9 -0.7
v -0.5 4.9 -0.8
v -0.5 4.9 -1
v -0.5 4.9 -1.1
v -0.5 4.9 -1.3
v -0.5 4.9 -1.4
v -0.5 4.9 -1.6
v -0.5 4.9 -1.7
v -0.5 4.9 -1.9
v -0.5 4.9 -2
v -0.5 4.9 -2.2
v -0.5 4.9 -2.3
v -0.5 4.9 -2.5
v -5.8 4.9 -2.6
v -0.6 4.9 -2.6
v -0.5 4.9 -2.6
v -0.4 4.9 -2.6
v -5.8 4.9 -2.7
v -5.7 4.9 -2.7
v -5.5 4.9 -2.7
v -5.4 4.9 -2.7
v -5.2 4.9 -2.7
v -5.1 4.9 -2.7
v -4.9 4.9 -2.7
v -4.8 4.9 -2.7
v -4.6 4.9 -2.7
v -4.5 4.9 -2.7
v -4.3 4.9 -2.7
v -4.2 4.9 -2.7
v -4 4.9 -2.7
v -3.9 4.9 -2.7
v -3.7 4.9 -2.7
v -3.6 4.9 -2.7
v -3.4 4.9 -2.7
v -3.3 4.9 -2.7
v -3.1 4.9 -2.7
v -3 4.9 -2.7
v -2.8 4.9 -2.7
v -2.7 4.9 -2.7
v -2.5 4.9 -2.7
v -2.4 4.9 -2.7
v -2.2 4.9 -2.7
v -2.1 4.9 -2.7
v -1.9 4.9 -2.7
v -1.8 4.9 -2.7
v -1.6 4.9 -2.7
v -1.5 4.9 -2.7
v -1.3 4.9 -2.7
v -1.2 4.9 -2.7
v -1 4.9 -2.7
v -0.9 4.9 -2.7
v -0.7 4.9 -2.7
v -0.6 4.9 -2.7
v -0.5 4.9 -2.7
v -0.4 4.9 -2.7
v -0.6 4.9 -2.8
v -0.5 4.9 -2.8
v -0.6 5.1 0.8
v -0.5 5.1 0.8
v -5.8 5.1 0.7
v -5.6 5.1 0.7
v -5.5 5.1 0.7
v -5.3 5.1 0.7
v -5.2 5.1 0.7
v -5 5.1 0.7
v -4.9 5.1 0.7
v -4.7 5.1 0.7
v -4.6 5.1 0.7
v -4.4 5.1 0.7
v -4.3 5.1 0.7
v -4.1 5.1 0.7
v -4 5.1 0.7
v -3.8 5.1 0.7
v -3.7 5.1 0.7
v -3.5 5.1 0.7
v -3.4 5.1 0.7
v -3.2 5.1 0.7
v -3.1 5.1 0.7
v -2.9 5.1 0.7
v -2.8 5.1 0.7
v -2.6 5.1 0.7
v -2.5 5.1 0.7
v -2.3 5.1 0.7
v -2.2 5.1 0.7
v -2 5.1 0.7
v -1.9 5.1 0.7
v -1.7 5.1 0.7
v -1.6 5.1 0.7
v -1.4 5.1 0.7
v -1.3 5.1 0.7
v -1.1 5.1 0.7
v -1 5.1 0.7
v -0.8 5.1 0.7
v -0.7 5.1 0.7
v -0.6 5.1 0.7
v -0.5 5.1 0.7
v -0.4 5.1 0.7
v -5.8 5.1 0.6
v -0.6 5.1 0.6
v -0.5 5.1 0.6
v -0.4 5.1 0.6
v -0.5 5.1 0.5
v -0.5 5.1 0.4
v -0.5 5.1 0.2
v -0.5 5.1 0.1
v -0.5 5.1 -0.1
v -0.5 5.1 -0.2
v -0.5 5.1 -0.4
v -0.5 5.1 -0.5
v -0.5 5.1 -0.7
v -0.5 5.1 -0.8
v -0.5 5.1 -1
v -0.5 5.1 -1.1
v -0.5 5.1 -1.3
v -0.5 5.1 -1.4
v -0.5 5.1 -1.6
v -0.5 5.1 -1.7
v -0.5 5.1 -1.9
v -0.5 5.1 -2
v -0.5 5.1 -2.2
v -0.5 5.1 -2.3
v -0.5 5.1 -2.5
v -5.8 5.1 -2.6
v -0.6 5.1 -2.6
v -0.5 5.1 -2.6
v -0.4 5.1 -2.6
v -5.8 5.1 -2.7
v -5.7 5.1 -2.7
v -5.5 5.1 -2.7
v -5.4 5.1 -2.7
v -5.2 5.1 -2.7
v -5.1 5.1 -2.7
v -4.9 5.1 -2.7
v -4.8 5.1 -2.7
v -4.6 5.1 -2.7
v -4.5 5.1 -2.7
v -4.3 5.1 -2.7
v -4.2 5.1 -2.7
v -4 5.1 -2.7
v -3.9 5.1 -2.7
v -3.7 5.1 -2.7
v -3.6 5.1 -2.7
v -3.4 5.1 -2.7
v -3.3 5.1 -2.7
v -3.1 5.1 -2.7
v -3 5.1 -2.7
v -2.8 5.1 -2.7
v -2.7 5.1 -2.7
v -2.5 5.1 -2.7
v -2.4 5.1 -2.7
v -2.2 5.1 -2.7
v -2.1 5.1 -2.7
v -1.9 5.1 -2.7
v -1.8 5.1 -2.7
v -1.6 5.1 -2.7
v -1.5 5.1 -2.7
v -1.3 5.1 -2.7
v -1.2 5.1 -2.7
v -1 5.1 -2.7
v -0.9 5.1 -2.7
v -0.7 5.1 -2.7
v -0.6 5.1 -2.7
v -0.5 5.1 -2.7
v -0.4 5.1 -2.7
v -0.6 5.1 -2.8
v -0.5 5.1 -2.8
v -0.6 5.3 0.8
v -0.5 5.3 0.8
v -5.8 5.3 0.7
v -5.6 5.3 0.7
v -5.5 5.3 0.7
v -5.3 5.3 0.7
v -5.2 5.3 0.7
v -5 5.3 0.7
v -4.9 5.3 0.7
v -4.7 5.3 0.7
v -4.6 5.3 0.7
v -4.4 5.3 0.7
v -4.3 5.3 0.7
v -4.1 5.3 0.7
v -4 5.3 0.7
v -3.8 5.3 0.7
v -3.7 5.3 0.7
v -3.5 5.3 0.7
v -3.4 5.3 0.7
v -3.2 5.3 0.7
v -3.1 5.3 0.7
v -2.9 5.3 0.7
v -2.8 5.3 0.7
v -2.6 5.3 0.7
v -2.5 5.3 0.7
v -2.3 5.3 0.7
v -2.2 5.3 0.7
v -2 5.3 0.7
v -1.9 5.3 0.7
v -1.7 5.3 0.7
v -1.6 5.3 0.7
v -1.4 5.3 0.7
v -1.3 5.3 0.7
v -1.1 5.3 0.7
v -1 5.3 0.7
v -0.8 5.3 0.7
v -0.7 5.3 0.7
v -0.6 5.3 0.7
v -0.5 5.3 0.7
v -0.4 5.3 0.7
v -5.8 5.3 0.6
v -0.6 5.3 0.6
v -0.5 5.3 0.6
v -0.4 5.3 0.6
v -0.5 5.3 0.5
v -0.5 5.3 0.4
v -0.5 5.3 0.2
v -0.5 5.3 0.1
v -0.5 5.3 -0.1
v -0.5 5.3 -0.2
v -0.5 5.3 -0.4
v -0.5 5.3 -0.5
v -0.5 5.3 -0.7
v -0.5 5.3 -0.8
v -0.5 5.3 -1
v -0.5 5.3 -1.1
v -0.5 5.3 -1.3
v -0.5 5.3 -1.4
v -0.5 5.3 -1.6
v -0.5 5.3 -1.7
v -0.5 5.3 -1.9
v -0.5 5.3 -2
v -0.5 5.3 -2.2
v -0.5 5.3 -2.3
v -0.5 5.3 -2.5
v -5.8 5.3 -2.6
v -0.6 5.3 -2.6
v -0.5 5.3 -2.6
v -0.4 5.3 -2.6
v -5.8 5.3 -2.7
v -5.7 5.3 -2.7
v -5.5 5.3 -2.7
v -5.4 5.3 -2.7
v -5.2 5.3 -2.7
v -5.1 5.3 -2.7
v -4.9 5.3 -2.7
v -4.8 5.3 -2.7
v -4.6 5.3 -2.7
v -4.5 5.3 -2.7
v -4.3 5.3 -2.7
v -4.2 5.3 -2.7
v -4 5.3 -2.7
v -3.9 5.3 -2.7
v -3.7 5.3 -2.7
v -3.6 5.3 -2.7
v -3.4 5.3 -2.7
v -3.3 5.3 -2.7
v -3.1 5.3 -2.7
v -3 5.3 -2.7
v -2.8 5.3 -2.7
v -2.7 5.3 -2.7
v -2.5 5.3 -2.7
v -2.4 5.3 -2.7
v -2.2 5.3 -2.7
v -2.1 5.3 -2.7
v -1.9 5.3 -2.7
v -1.8 5.3 -2.7
v -1.6 5.3 -2.7
v -1.5 5.3 -2.7
v -1.3 5.3 -2.7
v -1.2 5.3 -2.7
v -1 5.3 -2.7
v -0.9 5.3 -2.7
v -0.7 5.3 -2.7
v -0.6 5.3 -2.7
v -0.5 5.3 -2.7
v -0.4 5.3 -2.7
v -0.6 5.3 -2.8
v -0.5 5.3 -2.8
v -0.6 5 0.8
v -0.5 5 0.8
v -5.8 5 0.7
v -5.6 5 0.7
v -5.5 5 0.7
v -5.3 5 0.7
v -5.2 5 0.7
v -5 5 0.7
v -4.9 5 0.7
v -4.7 5 0.7
v -4.6 5 0.7
v -4.4 5 0.7
v -4.3 5 0.7
v -4.1 5 0.7
v -4 5 0.7
v -3.8 5 0.7
v -3.7 5 0.7
v -3.5 5 0.7
v -3.4 5 0.7
v -3.2 5 0.7
v -3.1 5 0.7
v -2.9 5 0.7
v -2.8 5 0.7
v -2.6 5 0.7
v -2.5 5 0.7
v -2.3 5 0.7
v -2.2 5 0.7
v -2 5 0.7
v -1.9 5 0.7
v -1.7 5 0.7
v -1.6 5 0.7
v -1.4 5 0.7
v -1.3 5 0.7
v -1.1 5 0.7
v -1 5 0.7
v -0.8 5 0.7
v -0.7 5 0.7
v -0.6 5 0.7
v -0.5 5 0.7
v -0.4 5 0.7
v -5.8 5 0.6
v -0.6 5 0.6
v -0.5 5 0.6
v -0.4 5 0.6
v -0.5 5 0.5
v -0.5 5 0.4
v -0.5 5 0.2
v -0.5 5 0.1
v -0.5 5 -0.1
v -0.5 5 -0.2
v -0.5 5 -0.4
v -0.5 5 -0.5
v -0.5 5 -0.7
v -0.5 5 -0.8
v -0.5 5 -1
v -0.5 5 -1.1
v -0.5 5 -1.3
v -0.5 5 -1.4
v -0.5 5 -1.6
v -0.5 5 -1.7
v -0.5 5 -1.9
v -0.5 5 -2
v -0.5 5 -2.2
v -0.5 5 -2.3
v -0.5 5 -2.5
v -5.8 5 -2.6
v -0.6 5 -2.6
v -0.5 5 -2.6
v -0.4 5 -2.6
v -5.8 5 -2.7
v -5.7 5 -2.7
v -5.5 5 -2.7
v -5.4 5 -2.7
v -5.2 5 -2.7
v -5.1 5 -2.7
v -4.9 5 -2.7
v -4.8 5 -2.7
v -4.6 5 -2.7
v -4.5 5 -2.7
v -4.3 5 -2.7
v -4.2 5 -2.7
v -4 5 -2.7
v -3.9 5 -2.7
v -3.7 5 -2.7
v -3.6 5 -2.7
v -3.4 5 -2.7
v -3.3 5 -2.7
v -3.1 5 -2.7
v -3 5 -2.7
v -2.8 5 -2.7
v -2.7 5 -2.7
v -2.5 5 -2.7
v -2.4 5 -2.7
v -2.2 5 -2.7
v -2.1 5 -2.7
v -1.9 5 -2.7
v -1.8 5 -2.7
v -1.6 5 -2.7
v -1.5 5 -2.7
v -1.3 5 -2.7
v -1.2 5 -2.7
v -1 5 -2.7
v -0.9 5 -2.7
v -0.7 5 -2.7
v -0.6 5 -2.7
v -0.5 5 -2.7
v -0.4 5 -2.7
v -0.6 5 -2.8
v -0.5 5 -2.8
v -0.6 5.2 0.8
v -0.5 5.2 0.8
v -5.8 5.2 0.7
v -5.6 5.2 0.7
v -5.5 5.2 0.7
v -5.3 5.2 0.7
v -5.2 5.2 0.7
v -5 5.2 0.7
v -4.9 5.2 0.7
v -4.7 5.2 0.7
v -4.6 5.2 0.7
v -4.4 5.2 0.7
v -4.3 5.2 0.7
v -4.1 5.2 0.7
v -4 5.2 0.7
v -3.8 5.2 0.7
v -3.7 5.2 0.7
v -3.5 5.2 0.7
v -3.4 5.2 0.7
v -3.2 5.2 0.7
v -3.1 5.2 0.7
v -2.9 5.2 0.7
v -2.8 5.2 0.7
v -2.6 5.2 0.7
v -2.5 5.2 0.7
v -2.3 5.2 0.7
v -2.2 5.2 0.7
v -2 5.2 0.7
v -1.9 5.2 0.7
v -1.7 5.2 0.7
v -1.6 5.2 0.7
v -1.4 5.2 0.7
v -1.3 5.2 0.7
v -1.1 5.2 0.7
v -1 5.2 0.7
v -0.8 5.2 0.7
v -0.7 5.2 0.7
v -0.6 5.2 0.7
v -0.5 5.2 0.7
v -0.4 5.2 0.7
v -5.8 5.2 0.6
v -0.6 5.2 0.6
v -0.5 5.2 0.6
v -0.4 5.2 0.6
v -0.5 5.2 0.5
v -0.5 5.2 0.4
v -0.5 5.2 0.2
v -0.5 5.2 0.1
v -0.5 5.2 -0.1
v -0.5 5.2 -0.2
v -0.5 5.2 -0.4
v -0.5 5.2 -0.5
v -0.5 5.2 -0.7
v -0.5 5.2 -0.8
v -0.5 5.2 -1
v -0.5 5.2 -1.1
v -0.5 5.2 -1.3
v -0.5 5.2 -1.4
v -0.5 5.2 -1.6
v -0.5 5.2 -1.7
v -0.5 5.2 -1.9
v -0.5 5.2 -2
v -0.5 5.2 -2.2
v -0.5 5.2 -2.3
v -0.5 5.2 -2.5
v -5.8 5.2 -2.6
v -0.6 5.2 -2.6
v -0.5 5.2 -2.6
v -0.4 5.2 -2.6
v -5.8 5.2 -2.7
v -5.7 5.2 -2.7
v -5.5 5.2 -2.7
v -5.4 5.2 -2.7
v -5.2 5.2 -2.7
v -5.1 5.2 -2.7
v -4.9 5.2 -2.7
v -4.8 5.2 -2.7
v -4.6 5.2 -2.7
v -4.5 5.2 -2.7
v -4.3 5.2 -2.7
v -4.2 5.2 -2.7
v -4 5.2 -2.7
v -3.9 5.2 -2.7
v -3.7 5.2 -2.7
v -3.6 5.2 -2.7
v -3.4 5.2 -2.7
v -3.3 5.2 -2.7
v -3.1 5.2 -2.7
v -3 5.2 -2.7
v -2.8 5.2 -2.7
v -2.7 5.2 -2.7
v -2.5 5.2 -2.7
v -2.4 5.2 -2.7
v -2.2 5.2 -2.7
v -2.1 5.2 -2.7
v -1.9 5.2 -2.7
v -1.8 5.2 -2.7
v -1.6 5.2 -2.7
v -1.5 5.2 -2.7
v -1.3 5.2 -2.7
v -1.2 5.2 -2.7
v -1 5.2 -2.7
v -0.9 5.2 -2.7
v -0.7 5.2 -2.7
v -0.6 5.2 -2.7
v -0.5 5.2 -2.7
v -0.4 5.2 -2.7
v -0.6 5.2 -2.8
v -0.5 5.2 -2.8
v -0.6 5.4 0.8
v -0.5 5.4 0.8
v -5.8 5.4 0.7
v -5.6 5.4 0.7
v -5.5 5.4 0.7
v -5.3 5.4 0.7
v -5.2 5.4 0.7
v -5 5.4 0.7
v -4.9 5.4 0.7
v -4.7 5.4 0.7
v -4.6 5.4 0.7
v -4.4 5.4 0.7
v -4.3 5.4 0.7
v -4.1 5.4 0.7
v -4 5.4 0.7
v -3.8 5.4 0.7
v -3.7 5.4 0.7
v -3.5 5.4 0.7
v -3.4 5.4 0.7
v -3.2 5.4 0.7
v -3.1 5.4 0.7
v -2.9 5.4 0.7
v -2.8 5.4 0.7
v -2.6 5.4 0.7
v -2.5 5.4 0.7
v -2.3 5.4 0.7
v -2.2 5.4 0.7
v -2 5.4 0.7
v -1.9 5.4 0.7
v -1.7 5.4 0.7
v -1.6 5.4 0.7
v -1.4 5.4 0.7
v -1.3 5.4 0.7
v -1.1 5.4 0.7
v -1 5.4 0.7
v -0.8 5.4 0.7
v -0.7 5.4 0.7
v -0.6 5.4 0.7
v -0.5 5.4 0.7
v -0.4 5.4 0.7
v -5.8 5.4 0.6
v -0.6 5.4 0.6
v -0.5 5.4 0.6
v -0.4 5.4 0.6
v -0.5 5.4 0.5
v -0.5 5.4 0.4
v -0.5 5.4 0.2
v -0.5 5.4 0.1
v -0.5 5.4 -0.1
v -0.5 5.4 -0.2
v -0.5 5.4 -0.4
v -0.5 5.4 -0.5
v -0.5 5.4 -0.7
v -0.5 5.4 -0.8
v -0.5 5.4 -1
v -0.5 5.4 -1.1
v -0.5 5.4 -1.3
v -0.5 5.4 -1.4
v -0.5 5.4 -1.6
v -0.5 5.4 -1.7
v -0.5 5.4 -1.9
v -0.5 5.4 -2
v -0.5 5.4 -2.2
v -0.5 5.4 -2.3
v -0.5 5.4 -2.5
v -5.8 5.4 -2.6
v -0.6 5.4 -2.6
v -0.5 5.4 -2.6
v -0.4 5.4 -2.6
v -5.8 5.4 -2.7
v -5.7 5.4 -2.7
v -5.5 5.4 -2.7
v -5.4 5.4 -2.7
v -5.2 5.4 -2.7
v -5.1 5.4 -2.7
v -4.9 5.4 -2.7
v -4.8 5.4 -2.7
v -4.6 5.4 -2.7
v -4.5 5.4 -2.7
v -4.3 5.4 -2.7
v -4.2 5.4 -2.7
v -4 5.4 -2.7
v -3.9 5.4 -2.7
v -3.7 5.4 -2.7
v -3.6 5.4 -2.7
v -3.4 5.4 -2.7
v -3.3 5.4 -2.7
v -3.1 5.4 -2.7
v -3 5.4 -2.7
v -2.8 5.4 -2.7
v -2.7 5.4 -2.7
v -2.5 5.4 -2.7
v -2.4 5.4 -2.7
v -2.2 5.4 -2.7
v -2.1 5.4 -2.7
v -1.9 5.4 -2.7
v -1.8 5.4 -2.7
v -1.6 5.4 -2.7
v -1.5 5.4 -2.7
v -1.3 5.4 -2.7
v -1.2 5.4 -2.7
v -1 5.4 -2.7
v -0.9 5.4 -2.7
v -0.7 5.4 -2.7
v -0.6 5.4 -2.7
v -0.5 5.4 -2.7
v -0.4 5.4 -2.7
v -0.6 5.4 -2.8
v -0.5 5.4 -2.8
v -5.6 5.5 0.8
v -5.5 5.5 0.8
v -5.3 5.5 0.8
v -5.2 5.5 0.8
v -5 5.5 0.8
v -4.9 5.5 0.8
v -4.7 5.5 0.8
v -4.6 5.5 0.8
v -4.4 5.5 0.8
v -4.3 5.5 0.8
v -4.1 5.5 0.8
v -4 5.5 0.8
v -3.8 5.5 0.8
v -3.7 5.5 0.8
v -3.5 5.5 0.8
v -3.4 5.5 0.8
v -3.2 5.5 0.8
v -3.1 5.5 0.8
v -2.9 5.5 0.8
v -2.8 5.5 0.8
v -2.6 5.5 0.8
v -2.5 5.5 0.8
v -2.3 5.5 0.8
v -2.2 5.5 0.8
v -2 5.5 0.8
v -1.9 5.5 0.8
v -1.7 5.5 0.8
v -1.6 5.5 0.8
v -1.4 5.5 0.8
v -1.3 5.5 0.8
v -1.1 5.5 0.8
v -1 5.5 0.8
v -0.8 5.5 0.8
v -0.7 5.5 0.8
v -0.5 5.5 0.8
v -0.4 5.5 0.8
v -5.6 5.5 0.7
v -5.5 5.5 0.7
v -5.3 5.5 0.7
v -5.2 5.5 0.7
v -5 5.5 0.7
v -4.9 5.5 0.7
v -4.7 5.5 0.7
v -4.6 5.5 0.7
v -4.4 5.5 0.7
v -4.3 5.5 0.7
v -4.1 5.5 0.7
v -4 5.5 0.7
v -3.8 5.5 0.7
v -3.7 5.5 0.7
v -3.5 5.5 0.7
v -3.4 5.5 0.7
v -3.2 5.5 0.7
v -3.1 5.5 0.7
v -2.9 5.5 0.7
v -2.8 5.5 0.7
v -2.6 5.5 0.7
v -2.5 5.5 0.7
v -2.3 5.5 0.7
v -2.2 5.5 0.7
v -2 5.5 0.7
v -1.9 5.5 0.7
v -1.7 5.5 0.7
v -1.6 5.5 0.7
v -1.4 5.5 0.7
v -1.3 5.5 0.7
v -1.1 5.5 0.7
v -1 5.5 0.7
v -0.8 5.5 0.7
v -0.7 5.5 0.7
v -0.5 5.5 0.7
v -0.4 5.5 0.7
v -0.5 5.5 0.5
v -0.4 5.5 0.5
v -0.5 5.5 0.4
v -0.4 5.5 0.4
v -0.5 5.5 0.2
v -0.4 5.5 0.2
v -0.5 5.5 0.1
v -0.4 5.5 0.1
v -0.5 5.5 -0.1
v -0.4 5.5 -0.1
v -0.5 5.5 -0.2
v -0.4 5.5 -0.2
v -0.5 5.5 -0.4
v -0.4 5.5 -0.4
v -0.5 5.5 -0.5
v -0.4 5.5 -0.5
v -0.5 5.5 -0.7
v -0.4 5.5 -0.7
v -0.5 5.5 -0.8
v -0.4 5.5 -0.8
v -0.5 5.5 -1
v -0.4 5.5 -1
v -0.5 5.5 -1.1
v -0.4 5.5 -1.1
v -0.5 5.5 -1.3
v -0.4 5.5 -1.3
v -0.5 5.5 -1.4
v -0.4 5.5 -1.4
v -0.5 5.5 -1.6
v -0.4 5.5 -1.6
v -0.5 5.5 -1.7
v -0.4 5.5 -1.7
v -0.5 5.5 -1.9
v -0.4 5.5 -1.9
v -0.5 5.5 -2
v -0.4 5.5 -2
v -0.5 5.5 -2.2
v -0.4 5.5 -2.2
v -0.5 5.5 -2.3
v -0.4 5.5 -2.3
v -0.5 5.5 -2.5
v -0.4 5.5 -2.5
v -0.5 5.5 -2.6
v -0.4 5.5 -2.6
v -5.8 5.5 -2.7
v -5.7 5.5 -2.7
v -5.5 5.5 -2.7
v -5.4 5.5 -2.7
v -5.2 5.5 -2.7
v -5.1 5.5 -2.7
v -4.9 5.5 -2.7
v -4.8 5.5 -2.7
v -4.6 5.5 -2.7
v -4.5 5.5 -2.7
v -4.3 5.5 -2.7
v -4.2 5.5 -2.7
v -4 5.5 -2.7
v -3.9 5.5 -2.7
v -3.7 5.5 -2.7
v -3.6 5.5 -2.7
v -3.4 5.5 -2.7
v -3.3 5.5 -2.7
v -3.1 5.5 -2.7
v -3 5.5 -2.7
v -2.8 5.5 -2.7
v -2.7 5.5 -2.7
v -2.5 5.5 -2.7
v -2.4 5.5 -2.7
v -2.2 5.5 -2.7
v -2.1 5.5 -2.7
v -1.9 5.5 -2.7
v -1.8 5.5 -2.7
v -1.6 5.5 -2.7
v -1.5 5.5 -2.7
v -1.3 5.5 -2.7
v -1.2 5.5 -2.7
v -1 5.5 -2.7
v -0.9 5.5 -2.7
v -0.7 5.5 -2.7
v -0.6 5.5 -2.7
v -5.8 5.5 -2.8
v -5.7 5.5 -2.8
v -5.5 5.5 -2.8
v -5.4 5.5 -2.8
v -5.2 5.5 -2.8
v -5.1 5.5 -2.8
v -4.9 5.5 -2.8
v -4.8 5.5 -2.8
v -4.6 5.5 -2.8
v -4.5 5.5 -2.8
v -4.3 5.5 -2.8
v -4.2 5.5 -2.8
v -4 5.5 -2.8
v -3.9 5.5 -2.8
v -3.7 5.5 -2.8
v -3.6 5.5 -2.8
v -3.4 5.5 -2.8
v -3.3 5.5 -2.8
v -3.1 5.5 -2.8
v -3 5.5 -2.8
v -2.8 5.5 -2.8
v -2.7 5.5 -2.8
v -2.5 5.5 -2.8
v -2.4 5.5 -2.8
v -2.2 5.5 -2.8
v -2.1 5.5 -2.8
v -1.9 5.5 -2.8
v -1.8 5.5 -2.8
v -1.6 5.5 -2.8
v -1.5 5.5 -2.8
v -1.3 5.5 -2.8
v -1.2 5.5 -2.8
v -1 5.5 -2.8
v -0.9 5.5 -2.8
v -0.7 5.5 -2.8
v -0.6 5.5 -2.8

# faces
f 6/1/1 2/1/1 1/1/1
f 7/2/1 4/2/1 3/2/1
f 8/2/1 4/2/1 7/2/1
f 9/2/1 6/2/1 5/2/1
f 10/1/1 2/1/1 6/1/1
f 10/2/1 6/2/1 9/2/1
f 14/1/1 2/1/1 10/1/1
f 15/2/1 12/2/1 11/2/1
f 16/2/1 12/2/1 15/2/1
f 17/2/1 14/2/1 13/2/1
f 18/1/1 2/1/1 14/1/1
f 18/2/1 14/2/1 17/2/1
f 22/1/1 2/1/1 18/1/1
f 23/2/1 20/2/1 19/2/1
f 24/2/1 20/2/1 23/2/1
f 25/2/1 22/2/1 21/2/1
f 26/1/1 2/1/1 22/1/1
f 26/2/1 22/2/1 25/2/1
f 27/1/1 2/1/1 26/1/1
f 28/1/1 2/1/1 27/1/1
f 31/1/1 30/1/1 29/1/1
f 32/1/1 31/1/1 29/1/1
f 33/1/1 32/1/1 29/1/1
f 34/1/1 33/1/1 29/1/1
f 35/1/1 34/1/1 29/1/1
f 36/1/1 35/1/1 29/1/1
f 37/1/1 36/1/1 29/1/1
f 38/1/1 36/1/1 37/1/1
f 41/1/1 40/1/1 39/1/1
f 42/1/1 40/1/1 41/1/1
f 43/1/1 40/1/1 42/1/1
f 44/1/1 40/1/1 43/1/1
f 45/1/1 40/1/1 44/1/1
f 46/1/1 40/1/1 45/1/1
f 47/1/1 40/1/1 46/1/1
f 48/1/1 40/1/1 47/1/1
f 51/1/1 50/1/1 49/1/1
f 52/1/1 51/1/1 49/1/1
f 53/1/1 52/1/1 49/1/1
f 54/1/1 53/1/1 49/1/1
f 55/1/1 54/1/1 49/1/1
f 56/1/1 55/1/1 49/1/1
f 57/1/1 56/1/1 49/1/1
f 58/1/1 56/1/1 57/1/1
f 61/1/1 60/1/1 59/1/1
f 62/1/1 60/1/1 61/1/1
f 63/1/1 60/1/1 62/1/1
f 64/1/1 60/1/1 63/1/1
f 65/1/1 60/1/1 64/1/1
f 66/1/1 60/1/1 65/1/1
f 67/1/1 60/1/1 66/1/1
f 68/1/1 60/1/1 67/1/1
f 71/1/1 70/1/1 69/1/1
f 72/1/1 71/1/1 69/1/1
f 73/1/1 72/1/1 69/1/1
f 74/1/1 73/1/1 69/1/1
f 75/1/1 74/1/1 69/1/1
f 76/1/1 75/1/1 69/1/1
f 77/1/1 76/1/1 69/1/1
f 78/1/1 76/1/1 77/1/1
f 81/1/1 80/1/1 79/1/1
f 82/1/1 80/1/1 81/1/1
f 83/1/1 80/1/1 82/1/1
f 84/1/1 80/1/1 83/1/1
f 85/1/1 80/1/1 84/1/1
f 86/1/1 80/1/1 85/1/1
f 87/1/1 80/1/1 86/1/1
f 88/1/1 80/1/1 87/1/1
f 91/1/1 90/1/1 89/1/1
f 92/1/1 91/1/1 89/1/1
f 93/1/1 92/1/1 89/1/1
f 94/1/1 93/1/1 89/1/1
f 95/1/1 94/1/1 89/1/1
f 96/1/1 95/1/1 89/1/1
f 97/1/1 96/1/1 89/1/1
f 98/1/1 96/1/1 97/1/1
f 101/1/1 100/1/1 99/1/1
f 102/1/1 100/1/1 101/1/1
f 103/1/1 100/1/1 102/1/1
f 104/1/1 100/1/1 103/1/1
f 105/1/1 100/1/1 104/1/1
f 106/1/1 100/1/1 105/1/1
f 107/1/1 100/1/1 106/1/1
f 108/1/1 100/1/1 107/1/1
f 111/1/1 110/1/1 109/1/1
f 112/1/1 111/1/1 109/1/1
f 113/1/1 112/1/1 109/1/1
f 114/1/1 113/1/1 109/1/1
f 115/1/1 114/1/1 109/1/1
f 116/1/1 115/1/1 109/1/1
f 117/1/1 116/1/1 109/1/1
f 118/1/1 116/1/1 117/1/1
f 121/1/1 120/1/1 119/1/1
f 122/1/1 120/1/1 121/1/1
f 123/1/1 120/1/1 122/1/1
f 124/1/1 120/1/1 123/1/1
f 125/1/1 120/1/1 124/1/1
f 126/1/1 120/1/1 125/1/1
f 127/1/1 120/1/1 126/1/1
f 128/1/1 120/1/1 127/1/1
f 131/1/1 130/1/1 129/1/1
f 132/1/1 131/1/1 129/1/1
f 133/1/1 132/1/1 129/1/1
f 134/1/1 133/1/1 129/1/1
f 135/1/1 134/1/1 129/1/1
f 136/1/1 135/1/1 129/1/1
f 137/1/1 136/1/1 129/1/1
f 138/1/1 136/1/1 137/1/1
f 141/1/1 140/1/1 139/1/1
f 142/1/1 140/1/1 141/1/1
f 143/1/1 140/1/1 142/1/1
f 144/1/1 140/1/1 143/1/1
f 145/1/1 140/1/1 144/1/1
f 146/1/1 140/1/1 145/1/1
f 147/1/1 140/1/1 146/1/1
f 148/1/1 140/1/1 147/1/1
f 151/1/1 150/1/1 149/1/1
f 152/1/1 151/1/1 149/1/1
f 153/1/1 152/1/1 149/1/1
f 154/1/1 153/1/1 149/1/1
f 155/1/1 154/1/1 149/1/1
f 156/1/1 155/1/1 149/1/1
f 157/1/1 156/1/1 149/1/1
f 158/1/1 156/1/1 157/1/1
f 161/1/1 160/1/1 159/1/1
f 162/1/1 160/1/1 161/1/1
f 163/1/1 160/1/1 162/1/1
f 164/1/1 160/1/1 163/1/1
f 165/1/1 160/1/1 164/1/1
f 166/1/1 160/1/1 165/1/1
f 167/1/1 160/1/1 166/1/1
f 168/1/1 160/1/1 167/1/1
f 171/1/1 170/1/1 169/1/1
f 172/1/1 171/1/1 169/1/1
f 173/1/1 172/1/1 169/1/1
f 174/1/1 173/1/1 169/1/1
f 175/1/1 174/1/1 169/1/1
f 176/1/1 175/1/1 169/1/1
f 177/1/1 176/1/1 169/1/1
f 178/1/1 176/1/1 177/1/1
f 181/1/1 180/1/1 179/1/1
f 182/1/1 180/1/1 181/1/1
f 183/1/1 180/1/1 182/1/1
f 184/1/1 180/1/1 183/1/1
f 185/1/1 180/1/1 184/1/1
f 186/1/1 180/1/1 185/1/1
f 187/1/1 180/1/1 186/1/1
f 188/1/1 180/1/1 187/1/1
f 191/1/1 190/1/1 189/1/1
f 192/1/1 191/1/1 189/1/1
f 193/1/1 192/1/1 189/1/1
f 194/1/1 193/1/1 189/1/1
f 195/1/1 194/1/1 189/1/1
f 196/1/1 195/1/1 189/1/1
f 197/1/1 196/1/1 189/1/1
f 198/1/1 196/1/1 197/1/1
f 201/1/1 200/1/1 199/1/1
f 202/1/1 200/1/1 201/1/1
f 203/1/1 200/1/1 202/1/1
f 204/1/1 200/1/1 203/1/1
f 205/1/1 200/1/1 204/1/1
f 206/1/1 200/1/1 205/1/1
f 207/1/1 200/1/1 206/1/1
f 208/1/1 200/1/1 207/1/1
f 211/1/1 210/1/1 209/1/1
f 212/1/1 211/1/1 209/1/1
f 213/1/1 212/1/1 209/1/1
f 214/1/1 213/1/1 209/1/1
f 215/1/1 214/1/1 209/1/1
f 216/1/1 215/1/1 209/1/1
f 217/1/1 216/1/1 209/1/1
f 218/1/1 216/1/1 217/1/1
f 221/1/1 220/1/1 219/1/1
f 222/1/1 220/1/1 221/1/1
f 223/1/1 220/1/1 222/1/1
f 224/1/1 220/1/1 223/1/1
f 225/1/1 220/1/1 224/1/1
f 226/1/1 220/1/1 225/1/1
f 227/1/1 220/1/1 226/1/1
f 228/1/1 220/1/1 227/1/1
f 231/1/1 230/1/1 229/1/1
f 232/1/1 231/1/1 229/1/1
f 233/1/1 232/1/1 229/1/1
f 234/1/1 233/1/1 229/1/1
f 235/1/1 234/1/1 229/1/1
f 236/1/1 235/1/1 229/1/1
f 237/1/1 236/1/1 229/1/1
f 238/1/1 236/1/1 237/1/1
f 241/1/1 240/1/1 239/1/1
f 242/1/1 240/1/1 241/1/1
f 243/1/1 240/1/1 242/1/1
f 244/1/1 240/1/1 243/1/1
f 245/1/1 240/1/1 244/1/1
f 246/1/1 240/1/1 245/1/1
f 247/1/1 240/1/1 246/1/1
f 248/1/1 240/1/1 247/1/1
f 251/1/1 250/1/1 249/1/1
f 252/1/1 251/1/1 249/1/1
f 253/1/1 252/1/1 249/1/1
f 254/1/1 253/1/1 249/1/1
f 255/1/1 254/1/1 249/1/1
f 256/1/1 255/1/1 249/1/1
f 257/1/1 256/1/1 249/1/1
f 258/1/1 256/1/1 257/1/1
f 261/1/1 260/1/1 259/1/1
f 262/1/1 260/1/1 261/1/1
f 263/1/1 260/1/1 262/1/1
f 264/1/1 260/1/1 263/1/1
f 265/1/1 260/1/1 264/1/1
f 266/1/1 260/1/1 265/1/1
f 267/1/1 260/1/1 266/1/1
f 268/1/1 260/1/1 267/1/1
f 271/1/1 270/1/1 269/1/1
f 272/1/1 271/1/1 269/1/1
f 273/1/1 272/1/1 269/1/1
f 274/1/1 273/1/1 269/1/1
f 275/1/1 274/1/1 269/1/1
f 276/1/1 275/1/1 269/1/1
f 277/1/1 276/1/1 269/1/1
f 278/1/1 276/1/1 277/1/1
f 281/1/1 280/1/1 279/1/1
f 282/1/1 280/1/1 281/1/1
f 283/1/1 280/1/1 282/1/1
f 284/1/1 280/1/1 283/1/1
f 285/1/1 280/1/1 284/1/1
f 286/1/1 280/1/1 285/1/1
f 287/1/1 280/1/1 286/1/1
f 288/1/1 280/1/1 287/1/1
f 291/1/1 290/1/1 289/1/1
f 292/1/1 291/1/1 289/1/1
f 293/1/1 292/1/1 289/1/1
f 294/1/1 293/1/1 289/1/1
f 295/1/1 294/1/1 289/1/1
f 296/1/1 295/1/1 289/1/1
f 297/1/1 296/1/1 289/1/1
f 298/1/1 296/1/1 297/1/1
f 301/1/1 300/1/1 299/1/1
f 302/1/1 300/1/1 301/1/1
f 303/1/1 300/1/1 302/1/1
f 304/1/1 300/1/1 303/1/1
f 305/1/1 300/1/1 304/1/1
f 306/1/1 300/1/1 305/1/1
f 307/1/1 300/1/1 306/1/1
f 308/1/1 300/1/1 307/1/1
f 311/1/1 310/1/1 309/1/1
f 312/1/1 311/1/1 309/1/1
f 313/1/1 312/1/1 309/1/1
f 314/1/1 313/1/1 309/1/1
f 315/1/1 314/1/1 309/1/1
f 316/1/1 315/1/1 309/1/1
f 317/1/1 316/1/1 309/1/1
f 318/1/1 316/1/1 317/1/1
f 321/1/1 320/1/1 319/1/1
f 322/1/1 320/1/1 321/1/1
f 323/1/1 320/1/1 322/1/1
f 324/1/1 320/1/1 323/1/1
f 325/1/1 320/1/1 324/1/1
f 326/1/1 320/1/1 325/1/1
f 327/1/1 320/1/1 326/1/1
f 328/1/1 320/1/1 327/1/1
f 331/1/1 330/1/1 329/1/1
f 332/1/1 331/1/1 329/1/1
f 333/1/1 332/1/1 329/1/1
f 334/1/1 333/1/1 329/1/1
f 335/1/1 334/1/1 329/1/1
f 336/1/1 335/1/1 329/1/1
f 337/1/1 336/1/1 329/1/1
f 338/1/1 336/1/1 337/1/1
f 341/1/1 340/1/1 339/1/1
f 342/1/1 340/1/1 341/1/1
f 343/1/1 340/1/1 342/1/1
f 344/1/1 340/1/1 343/1/1
f 345/1/1 340/1/1 344/1/1
f 346/1/1 340/1/1 345/1/1
f 347/1/1 340/1/1 346/1/1
f 348/1/1 340/1/1 347/1/1
f 351/1/1 350/1/1 349/1/1
f 352/1/1 351/1/1 349/1/1
f 353/1/1 352/1/1 349/1/1
f 354/1/1 353/1/1 349/1/1
f 355/1/1 354/1/1 349/1/1
f 356/1/1 355/1/1 349/1/1
f 357/1/1 356/1/1 349/1/1
f 358/1/1 356/1/1 357/1/1
f 361/1/1 360/1/1 359/1/1
f 362/1/1 360/1/1 361/1/1
f 363/1/1 360/1/1 362/1/1
f 364/1/1 360/1/1 363/1/1
f 365/1/1 360/1/1 364/1/1
f 366/1/1 360/1/1 365/1/1
f 367/1/1 360/1/1 366/1/1
f 368/1/1 360/1/1 367/1/1
f 373/2/1 370/2/1 369/2/1
f 374/2/1 370/2/1 373/2/1
f 375/2/1 372/2/1 371/2/1
f 376/2/1 372/2/1 375/2/1
f 381/2/1 378/2/1 377/2/1
f 382/2/1 378/2/1 381/2/1
f 383/2/1 380/2/1 379/2/1
f 384/2/1 380/2/1 383/2/1
f 389/2/1 386/2/1 385/2/1
f 390/2/1 386/2/1 389/2/1
f 391/2/1 388/2/1 387/2/1
f 392/2/1 388/2/1 391/2/1
f 417/1/1 394/1/1 393/1/1
f 418/1/1 394/1/1 417/1/1
f 419/1/1 396/1/1 395/1/1
f 420/1/1 396/1/1 419/1/1
f 421/1/1 398/1/1 397/1/1
f 422/1/1 398/1/1 421/1/1
f 423/1/1 400/1/1 399/1/1
f 424/1/1 400/1/1 423/1/1
f 425/1/1 402/1/1 401/1/1
f 426/1/1 402/1/1 425/1/1
f 427/1/1 404/1/1 403/1/1
f 428/1/1 404/1/1 427/1/1
f 429/1/1 406/1/1 405/1/1
f 430/1/1 406/1/1 429/1/1
f 431/1/1 408/1/1 407/1/1
f 432/1/1 408/1/1 431/1/1
f 433/1/1 410/1/1 409/1/1
f 434/1/1 410/1/1 433/1/1
f 435/1/1 412/1/1 411/1/1
f 436/1/1 412/1/1 435/1/1
f 437/1/1 414/1/1 413/1/1
f 438/1/1 414/1/1 437/1/1
f 439/1/1 416/1/1 415/1/1
f 440/1/1 416/1/1 439/1/1
f 465/1/1 442/1/1 441/1/1
f 466/1/1 442/1/1 465/1/1
f 467/1/1 444/1/1 443/1/1
f 468/1/1 444/1/1 467/1/1
f 469/1/1 446/1/1 445/1/1
f 470/1/1 446/1/1 469/1/1
f 471/1/1 448/1/1 447/1/1
f 472/1/1 448/1/1 471/1/1
f 473/1/1 450/1/1 449/1/1
f 474/1/1 450/1/1 473/1/1
f 475/1/1 452/1/1 451/1/1
f 476/1/1 452/1/1 475/1/1
f 477/1/1 454/1/1 453/1/1
f 478/1/1 454/1/1 477/1/1
f 479/1/1 456/1/1 455/1/1
f 480/1/1 456/1/1 479/1/1
f 481/1/1 458/1/1 457/1/1
f 482/1/1 458/1/1 481/1/1
f 483/1/1 460/1/1 459/1/1
f 484/1/1 460/1/1 483/1/1
f 485/1/1 462/1/1 461/1/1
f 486/1/1 462/1/1 485/1/1
f 487/1/1 464/1/1 463/1/1
f 488/1/1 464/1/1 487/1/1
f 513/1/1 490/1/1 489/1/1
f 514/1/1 490/1/1 513/1/1
f 515/1/1 492/1/1 491/1/1
f 516/1/1 492/1/1 515/1/1
f 517/1/1 494/1/1 493/1/1
f 518/1/1 494/1/1 517/1/1
f 519/1/1 496/1/1 495/1/1
f 520/1/1 496/1/1 519/1/1
f 521/1/1 498/1/1 497/1/1
f 522/1/1 498/1/1 521/1/1
f 523/1/1 500/1/1 499/1/1
f 524/1/1 500/1/1 523/1/1
f 525/1/1 502/1/1 501/1/1
f 526/1/1 502/1/1 525/1/1
f 527/1/1 504/1/1 503/1/1
f 528/1/1 504/1/1 527/1/1
f 529/1/1 506/1/1 505/1/1
f 530/1/1 506/1/1 529/1/1
f 531/1/1 508/1/1 507/1/1
f 532/1/1 508/1/1 531/1/1
f 533/1/1 510/1/1 509/1/1
f 534/1/1 510/1/1 533/1/1
f 535/1/1 512/1/1 511/1/1
f 536/1/1 512/1/1 535/1/1
f 561/1/1 538/1/1 537/1/1
f 562/1/1 538/1/1 561/1/1
f 563/1/1 540/1/1 539/1/1
f 564/1/1 540/1/1 563/1/1
f 565/1/1 542/1/1 541/1/1
f 566/1/1 542/1/1 565/1/1
f 567/1/1 544/1/1 543/1/1
f 568/1/1 544/1/1 567/1/1
f 569/1/1 546/1/1 545/1/1
f 570/1/1 546/1/1 569/1/1
f 571/1/1 548/1/1 547/1/1
f 572/1/1 548/1/1 571/1/1
f 573/1/1 550/1/1 549/1/1
f 574/1/1 550/1/1 573/1/1
f 575/1/1 552/1/1 551/1/1
f 576/1/1 552/1/1 575/1/1
f 577/1/1 554/1/1 553/1/1
f 578/1/1 554/1/1 577/1/1
f 579/1/1 556/1/1 555/1/1
f 580/1/1 556/1/1 579/1/1
f 581/1/1 558/1/1 557/1/1
f 582/1/1 558/1/1 581/1/1
f 583/1/1 560/1/1 559/1/1
f 584/1/1 560/1/1 583/1/1
f 585/1/2 586/1/2 587/1/2
f 587/1/2 586/1/2 588/1/2
f 588/1/2 586/1/2 589/1/2
f 589/1/2 586/1/2 590/1/2
f 590/1/2 586/1/2 591/1/2
f 591/1/2 586/1/2 592/1/2
f 592/1/2 586/1/2 593/1/2
f 593/1/2 586/1/2 594/1/2
f 595/1/2 596/1/2 597/1/2
f 595/1/2 597/1/2 598/1/2
f 595/1/2 598/1/2 599/1/2
f 595/1/2 599/1/2 600/1/2
f 595/1/2 600/1/2 601/1/2
f 595/1/2 601/1/2 602/1/2
f 595/1/2 602/1/2 603/1/2
f 603/1/2 602/1/2 604/1/2
f 605/1/2 606/1/2 607/1/2
f 607/1/2 606/1/2 608/1/2
f 608/1/2 606/1/2 609/1/2
f 609/1/2 606/1/2 610/1/2
f 610/1/2 606/1/2 611/1/2
f 611/1/2 606/1/2 612/1/2
f 612/1/2 606/1/2 613/1/2
f 613/1/2 606/1/2 614/1/2
f 615/1/2 616/1/2 617/1/2
f 615/1/2 617/1/2 618/1/2
f 615/1/2 618/1/2 619/1/2
f 615/1/2 619/1/2 620/1/2
f 615/1/2 620/1/2 621/1/2
f 615/1/2 621/1/2 622/1/2
f 615/1/2 622/1/2 623/1/2
f 623/1/2 622/1/2 624/1/2
f 625/1/2 626/1/2 627/1/2
f 627/1/2 626/1/2 628/1/2
f 628/1/2 626/1/2 629/1/2
f 629/1/2 626/1/2 630/1/2
f 630/1/2 626/1/2 631/1/2
f 631/1/2 626/1/2 632/1/2
f 632/1/2 626/1/2 633/1/2
f 633/1/2 626/1/2 634/1/2
f 635/1/2 636/1/2 637/1/2
f 635/1/2 637/1/2 638/1/2
f 635/1/2 638/1/2 639/1/2
f 635/1/2 639/1/2 640/1/2
f 635/1/2 640/1/2 641/1/2
f 635/1/2 641/1/2 642/1/2
f 635/1/2 642/1/2 643/1/2
f 643/1/2 642/1/2 644/1/2
f 645/1/2 646/1/2 647/1/2
f 647/1/2 646/1/2 648/1/2
f 648/1/2 646/1/2 649/1/2
f 649/1/2 646/1/2 650/1/2
f 650/1/2 646/1/2 651/1/2
f 651/1/2 646/1/2 652/1/2
f 652/1/2 646/1/2 653/1/2
f 653/1/2 646/1/2 654/1/2
f 655/1/2 656/1/2 657/1/2
f 655/1/2 657/1/2 658/1/2
f 655/1/2 658/1/2 659/1/2
f 655/1/2 659/1/2 660/1/2
f 655/1/2 660/1/2 661/1/2
f 655/1/2 661/1/2 662/1/2
f 655/1/2 662/1/2 663/1/2
f 663/1/2 662/1/2 664/1/2
f 665/1/2 666/1/2 667/1/2
f 667/1/2 666/1/2 668/1/2
f 668/1/2 666/1/2 669/1/2
f 669/1/2 666/1/2 670/1/2
f 670/1/2 666/1/2 671/1/2
f 671/1/2 666/1/2 672/1/2
f 672/1/2 666/1/2 673/1/2
f 673/1/2 666/1/2 674/1/2
f 675/1/2 676/1/2 677/1/2
f 675/1/2 677/1/2 678/1/2
f 675/1/2 678/1/2 679/1/2
f 675/1/2 679/1/2 680/1/2
f 675/1/2 680/1/2 681/1/2
f 675/1/2 681/1/2 682/1/2
f 675/1/2 682/1/2 683/1/2
f 683/1/2 682/1/2 684/1/2
f 685/1/2 686/1/2 687/1/2
f 687/1/2 686/1/2 688/1/2
f 688/1/2 686/1/2 689/1/2
f 689/1/2 686/1/2 690/1/2
f 690/1/2 686/1/2 691/1/2
f 691/1/2 686/1/2 692/1/2
f 692/1/2 686/1/2 693/1/2
f 693/1/2 686/1/2 694/1/2
f 695/1/2 696/1/2 697/1/2
f 695/1/2 697/1/2 698/1/2
f 695/1/2 698/1/2 699/1/2
f 695/1/2 699/1/2 700/1/2
f 695/1/2 700/1/2 701/1/2
f 695/1/2 701/1/2 702/1/2
f 695/1/2 702/1/2 703/1/2
f 703/1/2 702/1/2 704/1/2
f 705/1/2 706/1/2 707/1/2
f 707/1/2 706/1/2 708/1/2
f 708/1/2 706/1/2 709/1/2
f 709/1/2 706/1/2 710/1/2
f 710/1/2 706/1/2 711/1/2
f 711/1/2 706/1/2 712/1/2
f 712/1/2 706/1/2 713/1/2
f 713/1/2 706/1/2 714/1/2
f 715/1/2 716/1/2 717/1/2
f 715/1/2 717/1/2 718/1/2
f 715/1/2 718/1/2 719/1/2
f 715/1/2 719/1/2 720/1/2
f 715/1/2 720/1/2 721/1/2
f 715/1/2 721/1/2 722/1/2
f 715/1/2 722/1/2 723/1/2
f 723/1/2 722/1/2 724/1/2
f 725/1/2 726/1/2 727/1/2
f 727/1/2 726/1/2 728/1/2
f 728/1/2 726/1/2 729/1/2
f 729/1/2 726/1/2 730/1/2
f 730/1/2 726/1/2 731/1/2
f 731/1/2 726/1/2 732/1/2
f 732/1/2 726/1/2 733/1/2
f 733/1/2 726/1/2 734/1/2
f 735/1/2 736/1/2 737/1/2
f 735/1/2 737/1/2 738/1/2
f 735/1/2 738/1/2 739/1/2
f 735/1/2 739/1/2 740/1/2
f 735/1/2 740/1/2 741/1/2
f 735/1/2 741/1/2 742/1/2
f 735/1/2 742/1/2 743/1/2
f 743/1/2 742/1/2 744/1/2
f 745/1/2 746/1/2 747/1/2
f 747/1/2 746/1/2 748/1/2
f 748/1/2 746/1/2 749/1/2
f 749/1/2 746/1/2 750/1/2
f 750/1/2 746/1/2 751/1/2
f 751/1/2 746/1/2 752/1/2
f 752/1/2 746/1/2 753/1/2
f 753/1/2 746/1/2 754/1/2
f 755/1/2 756/1/2 757/1/2
f 755/1/2 757/1/2 758/1/2
f 755/1/2 758/1/2 759/1/2
f 755/1/2 759/1/2 760/1/2
f 755/1/2 760/1/2 761/1/2
f 755/1/2 761/1/2 762/1/2
f 755/1/2 762/1/2 763/1/2
f 763/1/2 762/1/2 764/1/2
f 765/1/2 766/1/2 767/1/2
f 767/1/2 766/1/2 768/1/2
f 768/1/2 766/1/2 769/1/2
f 769/1/2 766/1/2 770/1/2
f 770/1/2 766/1/2 771/1/2
f 771/1/2 766/1/2 772/1/2
f 772/1/2 766/1/2 773/1/2
f 773/1/2 766/1/2 774/1/2
f 775/1/2 776/1/2 777/1/2
f 775/1/2 777/1/2 778/1/2
f 775/1/2 778/1/2 779/1/2
f 775/1/2 779/1/2 780/1/2
f 775/1/2 780/1/2 781/1/2
f 775/1/2 781/1/2 782/1/2
f 775/1/2 782/1/2 783/1/2
f 783/1/2 782/1/2 784/1/2
f 785/1/2 786/1/2 787/1/2
f 787/1/2 786/1/2 788/1/2
f 788/1/2 786/1/2 789/1/2
f 789/1/2 786/1/2 790/1/2
f 790/1/2 786/1/2 791/1/2
f 791/1/2 786/1/2 792/1/2
f 792/1/2 786/1/2 793/1/2
f 793/1/2 786/1/2 794/1/2
f 795/1/2 796/1/2 797/1/2
f 795/1/2 797/1/2 798/1/2
f 795/1/2 798/1/2 799/1/2
f 795/1/2 799/1/2 800/1/2
f 795/1/2 800/1/2 801/1/2
f 795/1/2 801/1/2 802/1/2
f 795/1/2 802/1/2 803/1/2
f 803/1/2 802/1/2 804/1/2
f 805/1/2 806/1/2 807/1/2
f 807/1/2 806/1/2 808/1/2
f 808/1/2 806/1/2 809/1/2
f 809/1/2 806/1/2 810/1/2
f 810/1/2 806/1/2 811/1/2
f 811/1/2 806/1/2 812/1/2
f 812/1/2 806/1/2 813/1/2
f 813/1/2 806/1/2 814/1/2
f 815/1/2 816/1/2 817/1/2
f 815/1/2 817/1/2 818/1/2
f 815/1/2 818/1/2 819/1/2
f 815/1/2 819/1/2 820/1/2
f 815/1/2 820/1/2 821/1/2
f 815/1/2 821/1/2 822/1/2
f 815/1/2 822/1/2 823/1/2
f 823/1/2 822/1/2 824/1/2
f 825/1/2 826/1/2 827/1/2
f 827/1/2 826/1/2 828/1/2
f 828/1/2 826/1/2 829/1/2
f 829/1/2 826/1/2 830/1/2
f 830/1/2 826/1/2 831/1/2
f 831/1/2 826/1/2 832/1/2
f 832/1/2 826/1/2 833/1/2
f 833/1/2 826/1/2 834/1/2
f 835/1/2 836/1/2 837/1/2
f 835/1/2 837/1/2 838/1/2
f 835/1/2 838/1/2 839/1/2
f 835/1/2 839/1/2 840/1/2
f 835/1/2 840/1/2 841/1/2
f 835/1/2 841/1/2 842/1/2
f 835/1/2 842/1/2 843/1/2
f 843/1/2 842/1/2 844/1/2
f 845/1/2 846/1/2 847/1/2
f 847/1/2 846/1/2 848/1/2
f 848/1/2 846/1/2 849/1/2
f 849/1/2 846/1/2 850/1/2
f 850/1/2 846/1/2 851/1/2
f 851/1/2 846/1/2 852/1/2
f 852/1/2 846/1/2 853/1/2
f 853/1/2 846/1/2 854/1/2
f 855/1/2 856/1/2 857/1/2
f 855/1/2 857/1/2 858/1/2
f 855/1/2 858/1/2 859/1/2
f 855/1/2 859/1/2 860/1/2
f 855/1/2 860/1/2 861/1/2
f 855/1/2 861/1/2 862/1/2
f 855/1/2 862/1/2 863/1/2
f 863/1/2 862/1/2 864/1/2
f 865/1/2 866/1/2 867/1/2
f 867/1/2 866/1/2 868/1/2
f 868/1/2 866/1/2 869/1/2
f 869/1/2 866/1/2 870/1/2
f 870/1/2 866/1/2 871/1/2
f 871/1/2 866/1/2 872/1/2
f 872/1/2 866/1/2 873/1/2
f 873/1/2 866/1/2 874/1/2
f 875/1/2 876/1/2 877/1/2
f 875/1/2 877/1/2 878/1/2
f 875/1/2 878/1/2 879/1/2
f 875/1/2 879/1/2 880/1/2
f 875/1/2 880/1/2 881/1/2
f 875/1/2 881/1/2 882/1/2
f 875/1/2 882/1/2 883/1/2
f 883/1/2 882/1/2 884/1/2
f 885/1/2 886/1/2 887/1/2
f 887/1/2 886/1/2 888/1/2
f 888/1/2 886/1/2 889/1/2
f 889/1/2 886/1/2 890/1/2
f 890/1/2 886/1/2 891/1/2
f 891/1/2 886/1/2 892/1/2
f 892/1/2 886/1/2 893/1/2
f 893/1/2 886/1/2 894/1/2
f 895/1/2 896/1/2 897/1/2
f 895/1/2 897/1/2 898/1/2
f 895/1/2 898/1/2 899/1/2
f 895/1/2 899/1/2 900/1/2
f 895/1/2 900/1/2 901/1/2
f 895/1/2 901/1/2 902/1/2
f 895/1/2 902/1/2 903/1/2
f 903/1/2 902/1/2 904/1/2
f 905/1/2 906/1/2 907/1/2
f 907/1/2 906/1/2 908/1/2
f 908/1/2 906/1/2 909/1/2
f 909/1/2 906/1/2 910/1/2
f 910/1/2 906/1/2 911/1/2
f 911/1/2 906/1/2 912/1/2
f 912/1/2 906/1/2 913/1/2
f 913/1/2 906/1/2 914/1/2
f 915/1/2 916/1/2 917/1/2
f 915/1/2 917/1/2 918/1/2
f 915/1/2 918/1/2 919/1/2
f 915/1/2 919/1/2 920/1/2
f 915/1/2 920/1/2 921/1/2
f 915/1/2 921/1/2 922/1/2
f 915/1/2 922/1/2 923/1/2
f 923/1/2 922/1/2 924/1/2
f 925/1/2 926/1/2 927/1/2
f 927/1/2 926/1/2 928/1/2
f 929/1/2 930/1/2 931/1/2
f 931/1/2 930/1/2 932/1/2
f 933/1/2 934/1/2 935/1/2
f 935/1/2 934/1/2 936/1/2
f 937/1/2 938/1/2 939/1/2
f 939/1/2 938/1/2 940/1/2
f 941/2/2 942/2/2 965/2/2
f 965/2/2 942/2/2 966/2/2
f 943/2/2 944/2/2 967/2/2
f 967/2/2 944/2/2 968/2/2
f 945/2/2 946/2/2 969/2/2
f 969/2/2 946/2/2 970/2/2
f 947/2/2 948/2/2 971/2/2
f 971/2/2 948/2/2 972/2/2
f 949/2/2 950/2/2 973/2/2
f 973/2/2 950/2/2 974/2/2
f 951/2/2 952/2/2 975/2/2
f 975/2/2 952/2/2 976/2/2
f 953/2/2 954/2/2 977/2/2
f 977/2/2 954/2/2 978/2/2
f 955/2/2 956/2/2 979/2/2
f 979/2/2 956/2/2 980/2/2
f 957/2/2 958/2/2 981/2/2
f 981/2/2 958/2/2 982/2/2
f 959/2/2 960/2/2 983/2/2
f 983/2/2 960/2/2 984/2/2
f 961/2/2 962/2/2 985/2/2
f 985/2/2 962/2/2 986/2/2
f 963/2/2 964/2/2 987/2/2
f 987/2/2 964/2/2 988/2/2
f 989/2/2 990/2/2 1013/2/2
f 1013/2/2 990/2/2 1014/2/2
f 991/2/2 992/2/2 1015/2/2
f 1015/2/2 992/2/2 1016/2/2
f 993/2/2 994/2/2 1017/2/2
f 1017/2/2 994/2/2 1018/2/2
f 995/2/2 996/2/2 1019/2/2
f 1019/2/2 996/2/2 1020/2/2
f 997/2/2 998/2/2 1021/2/2
f 1021/2/2 998/2/2 1022/2/2
f 999/2/2 1000/2/2 1023/2/2
f 1023/2/2 1000/2/2 1024/2/2
f 1001/2/2 1002/2/2 1025/2/2
f 1025/2/2 1002/2/2 1026/2/2
f 1003/2/2 1004/2/2 1027/2/2
f 1027/2/2 1004/2/2 1028/2/2
f 1005/2/2 1006/2/2 1029/2/2
f 1029/2/2 1006/2/2 1030/2/2
f 1007/2/2 1008/2/2 1031/2/2
f 1031/2/2 1008/2/2 1032/2/2
f 1009/2/2 1010/2/2 1033/2/2
f 1033/2/2 1010/2/2 1034/2/2
f 1011/2/2 1012/2/2 1035/2/2
f 1035/2/2 1012/2/2 1036/2/2
f 1037/2/2 1038/2/2 1061/2/2
f 1061/2/2 1038/2/2 1062/2/2
f 1039/2/2 1040/2/2 1063/2/2
f 1063/2/2 1040/2/2 1064/2/2
f 1041/2/2 1042/2/2 1065/2/2
f 1065/2/2 1042/2/2 1066/2/2
f 1043/2/2 1044/2/2 1067/2/2
f 1067/2/2 1044/2/2 1068/2/2
f 1045/2/2 1046/2/2 1069/2/2
f 1069/2/2 1046/2/2 1070/2/2
f 1047/2/2 1048/2/2 1071/2/2
f 1071/2/2 1048/2/2 1072/2/2
f 1049/2/2 1050/2/2 1073/2/2
f 1073/2/2 1050/2/2 1074/2/2
f 1051/2/2 1052/2/2 1075/2/2
f 1075/2/2 1052/2/2 1076/2/2
f 1053/2/2 1054/2/2 1077/2/2
f 1077/2/2 1054/2/2 1078/2/2
f 1055/2/2 1056/2/2 1079/2/2
f 1079/2/2 1056/2/2 1080/2/2
f 1057/2/2 1058/2/2 1081/2/2
f 1081/2/2 1058/2/2 1082/2/2
f 1059/2/2 1060/2/2 1083/2/2
f 1083/2/2 1060/2/2 1084/2/2
f 1085/1/2 1086/1/2 1109/1/2
f 1107/1/2 1108/1/2 1111/1/2
f 1109/2/2 1110/2/2 1113/2/2
f 1085/1/2 1109/1/2 1113/1/2
f 1113/2/2 1110/2/2 1114/2/2
f 1111/2/2 1112/2/2 1115/2/2
f 1107/1/2 1111/1/2 1115/1/2
f 1115/2/2 1112/2/2 1116/2/2
f 1085/1/2 1113/1/2 1117/1/2
f 1107/1/2 1115/1/2 1119/1/2
f 1117/2/2 1118/2/2 1121/2/2
f 1085/1/2 1117/1/2 1121/1/2
f 1121/2/2 1118/2/2 1122/2/2
f 1119/2/2 1120/2/2 1123/2/2
f 1107/1/2 1119/1/2 1123/1/2
f 1123/2/2 1120/2/2 1124/2/2
f 1085/1/2 1121/1/2 1125/1/2
f 1107/1/2 1123/1/2 1127/1/2
f 1125/2/2 1126/2/2 1129/2/2
f 1085/1/2 1125/1/2 1129/1/2
f 1129/2/2 1126/2/2 1130/2/2
f 1127/2/2 1128/2/2 1131/2/2
f 1107/1/2 1127/1/2 1131/1/2
f 1131/2/2 1128/2/2 1132/2/2
f 1085/1/2 1129/1/2 1133/1/2
f 1133/1/2 1129/1/2 1134/1/2
f 1087/1/2 1088/1/2 1135/1/2
f 1135/1/2 1088/1/2 1136/1/2
f 1089/1/2 1090/1/2 1137/1/2
f 1137/1/2 1090/1/2 1138/1/2
f 1091/1/2 1092/1/2 1139/1/2
f 1139/1/2 1092/1/2 1140/1/2
f 1093/1/2 1094/1/2 1141/1/2
f 1141/1/2 1094/1/2 1142/1/2
f 1095/1/2 1096/1/2 1143/1/2
f 1143/1/2 1096/1/2 1144/1/2
f 1097/1/2 1098/1/2 1145/1/2
f 1145/1/2 1098/1/2 1146/1/2
f 1099/1/2 1100/1/2 1147/1/2
f 1147/1/2 1100/1/2 1148/1/2
f 1101/1/2 1102/1/2 1149/1/2
f 1149/1/2 1102/1/2 1150/1/2
f 1103/1/2 1104/1/2 1151/1/2
f 1151/1/2 1104/1/2 1152/1/2
f 1105/1/2 1106/1/2 1153/1/2
f 1153/1/2 1106/1/2 1154/1/2
f 1107/1/2 1131/1/2 1155/1/2
f 1155/1/2 1131/1/2 1156/1/2
f 1159/1/3 1158/1/3 1157/1/3
f 1160/1/3 1158/1/3 1159/1/3
f 1163/1/3 1162/1/3 1161/1/3
f 1164/1/3 1162/1/3 1163/1/3
f 1167/1/3 1166/1/3 1165/1/3
f 1168/1/3 1166/1/3 1167/1/3
f 1171/1/3 1170/1/3 1169/1/3
f 1172/1/3 1170/1/3 1171/1/3
f 1175/1/3 1174/1/3 1173/1/3
f 1176/1/3 1174/1/3 1175/1/3
f 1179/1/3 1178/1/3 1177/1/3
f 1180/1/3 1178/1/3 1179/1/3
f 1183/1/3 1182/1/3 1181/1/3
f 1184/1/3 1182/1/3 1183/1/3
f 1187/1/3 1186/1/3 1185/1/3
f 1188/1/3 1186/1/3 1187/1/3
f 1191/1/3 1190/1/3 1189/1/3
f 1192/1/3 1190/1/3 1191/1/3
f 1195/1/3 1194/1/3 1193/1/3
f 1196/1/3 1194/1/3 1195/1/3
f 1199/1/3 1198/1/3 1197/1/3
f 1200/1/3 1198/1/3 1199/1/3
f 1203/1/3 1202/1/3 1201/1/3
f 1204/1/3 1202/1/3 1203/1/3
f 1207/1/3 1206/1/3 1205/1/3
f 1208/1/3 1206/1/3 1207/1/3
f 1211/1/3 1210/1/3 1209/1/3
f 1212/1/3 1210/1/3 1211/1/3
f 1215/1/3 1214/1/3 1213/1/3
f 1216/1/3 1214/1/3 1215/1/3
f 1219/1/3 1218/1/3 1217/1/3
f 1220/1/3 1218/1/3 1219/1/3
f 1223/1/3 1222/1/3 1221/1/3
f 1224/1/3 1222/1/3 1223/1/3
f 1232/2/3 1226/2/3 1225/2/3
f 1233/2/3 1226/2/3 1232/2/3
f 1234/2/3 1228/2/3 1227/2/3
f 1235/2/3 1228/2/3 1234/2/3
f 1236/2/3 1230/2/3 1229/2/3
f 1237/2/3 1230/2/3 1236/2/3
f 1239/1/3 1235/1/3 1234/1/3
f 1239/1/3 1238/1/3 1237/1/3
f 1239/1/3 1237/1/3 1236/1/3
f 1239/1/3 1236/1/3 1235/1/3
f 1239/1/3 1233/1/3 1232/1/3
f 1239/1/3 1234/1/3 1233/1/3
f 1239/1/3 1232/1/3 1231/1/3
f 1240/1/3 1238/1/3 1239/1/3
f 1247/2/3 1242/2/3 1241/2/3
f 1248/2/3 1242/2/3 1247/2/3
f 1249/2/3 1244/2/3 1243/2/3
f 1250/2/3 1244/2/3 1249/2/3
f 1251/2/3 1246/2/3 1245/2/3
f 1252/2/3 1246/2/3 1251/2/3
f 1259/2/3 1254/2/3 1253/2/3
f 1260/2/3 1254/2/3 1259/2/3
f 1261/2/3 1256/2/3 1255/2/3
f 1262/2/3 1256/2/3 1261/2/3
f 1263/2/3 1258/2/3 1257/2/3
f 1264/2/3 1258/2/3 1263/2/3
f 1271/2/3 1266/2/3 1265/2/3
f 1272/2/3 1266/2/3 1271/2/3
f 1273/2/3 1268/2/3 1267/2/3
f 1274/2/3 1268/2/3 1273/2/3
f 1275/2/3 1270/2/3 1269/2/3
f 1276/2/3 1270/2/3 1275/2/3
f 1283/2/3 1278/2/3 1277/2/3
f 1284/2/3 1278/2/3 1283/2/3
f 1285/2/3 1280/2/3 1279/2/3
f 1286/2/3 1280/2/3 1285/2/3
f 1287/2/3 1282/2/3 1281/2/3
f 1288/2/3 1282/2/3 1287/2/3
f 1295/2/3 1290/2/3 1289/2/3
f 1296/2/3 1290/2/3 1295/2/3
f 1297/2/3 1292/2/3 1291/2/3
f 1298/2/3 1292/2/3 1297/2/3
f 1299/2/3 1294/2/3 1293/2/3
f 1300/2/3 1294/2/3 1299/2/3
f 1307/2/3 1302/2/3 1301/2/3
f 1308/2/3 1302/2/3 1307/2/3
f 1309/2/3 1304/2/3 1303/2/3
f 1310/2/3 1304/2/3 1309/2/3
f 1311/2/3 1306/2/3 1305/2/3
f 1312/2/3 1306/2/3 1311/2/3
f 1319/2/3 1314/2/3 1313/2/3
f 1320/2/3 1314/2/3 1319/2/3
f 1321/2/3 1316/2/3 1315/2/3
f 1322/2/3 1316/2/3 1321/2/3
f 1323/2/3 1318/2/3 1317/2/3
f 1324/2/3 1318/2/3 1323/2/3
f 1331/2/3 1326/2/3 1325/2/3
f 1332/2/3 1326/2/3 1331/2/3
f 1333/2/3 1328/2/3 1327/2/3
f 1334/2/3 1328/2/3 1333/2/3
f 1335/2/3 1330/2/3 1329/2/3
f 1336/2/3 1330/2/3 1335/2/3
f 1343/2/3 1338/2/3 1337/2/3
f 1344/2/3 1338/2/3 1343/2/3
f 1345/2/3 1340/2/3 1339/2/3
f 1346/2/3 1340/2/3 1345/2/3
f 1347/2/3 1342/2/3 1341/2/3
f 1348/2/3 1342/2/3 1347/2/3
f 1355/2/3 1350/2/3 1349/2/3
f 1356/2/3 1350/2/3 1355/2/3
f 1357/2/3 1352/2/3 1351/2/3
f 1358/2/3 1352/2/3 1357/2/3
f 1359/2/3 1354/2/3 1353/2/3
f 1360/2/3 1354/2/3 1359/2/3
f 1367/2/3 1362/2/3 1361/2/3
f 1368/2/3 1362/2/3 1367/2/3
f 1369/2/3 1364/2/3 1363/2/3
f 1370/2/3 1364/2/3 1369/2/3
f 1371/2/3 1366/2/3 1365/2/3
f 1372/2/3 1366/2/3 1371/2/3
f 1379/2/3 1374/2/3 1373/2/3
f 1380/2/3 1374/2/3 1379/2/3
f 1381/2/3 1376/2/3 1375/2/3
f 1382/2/3 1376/2/3 1381/2/3
f 1383/2/3 1378/2/3 1377/2/3
f 1384/2/3 1378/2/3 1383/2/3
f 1391/2/3 1386/2/3 1385/2/3
f 1392/2/3 1386/2/3 1391/2/3
f 1393/2/3 1388/2/3 1387/2/3
f 1394/2/3 1388/2/3 1393/2/3
f 1395/2/3 1390/2/3 1389/2/3
f 1396/2/3 1390/2/3 1395/2/3
f 1403/2/3 1398/2/3 1397/2/3
f 1404/2/3 1398/2/3 1403/2/3
f 1405/2/3 1400/2/3 1399/2/3
f 1406/2/3 1400/2/3 1405/2/3
f 1407/2/3 1402/2/3 1401/2/3
f 1408/2/3 1402/2/3 1407/2/3
f 1415/2/3 1410/2/3 1409/2/3
f 1416/2/3 1410/2/3 1415/2/3
f 1417/2/3 1412/2/3 1411/2/3
f 1418/2/3 1412/2/3 1417/2/3
f 1419/2/3 1414/2/3 1413/2/3
f 1420/2/3 1414/2/3 1419/2/3
f 1427/2/3 1422/2/3 1421/2/3
f 1428/2/3 1422/2/3 1427/2/3
f 1429/2/3 1424/2/3 1423/2/3
f 1430/2/3 1424/2/3 1429/2/3
f 1431/2/3 1426/2/3 1425/2/3
f 1432/2/3 1426/2/3 1431/2/3
f 1439/2/3 1434/2/3 1433/2/3
f 1440/2/3 1434/2/3 1439/2/3
f 1441/2/3 1436/2/3 1435/2/3
f 1442/2/3 1436/2/3 1441/2/3
f 1443/2/3 1438/2/3 1437/2/3
f 1444/2/3 1438/2/3 1443/2/3
f 1451/2/3 1446/2/3 1445/2/3
f 1452/2/3 1446/2/3 1451/2/3
f 1453/2/3 1448/2/3 1447/2/3
f 1454/2/3 1448/2/3 1453/2/3
f 1455/2/3 1450/2/3 1449/2/3
f 1456/2/3 1450/2/3 1455/2/3
f 1465/1/3 1458/1/3 1457/1/3
f 1465/1/3 1464/1/3 1463/1/3
f 1465/1/3 1463/1/3 1462/1/3
f 1465/1/3 1462/1/3 1461/1/3
f 1465/1/3 1461/1/3 1460/1/3
f 1465/1/3 1460/1/3 1459/1/3
f 1465/1/3 1459/1/3 1458/1/3
f 1466/1/3 1464/1/3 1465/1/3
f 1475/1/3 1468/1/3 1467/1/3
f 1475/1/3 1474/1/3 1473/1/3
f 1475/1/3 1473/1/3 1472/1/3
f 1475/1/3 1472/1/3 1471/1/3
f 1475/1/3 1471/1/3 1470/1/3
f 1475/1/3 1470/1/3 1469/1/3
f 1475/1/3 1469/1/3 1468/1/3
f 1476/1/3 1474/1/3 1475/1/3
f 1485/1/3 1478/1/3 1477/1/3
f 1485/1/3 1484/1/3 1483/1/3
f 1485/1/3 1483/1/3 1482/1/3
f 1485/1/3 1482/1/3 1481/1/3
f 1485/1/3 1481/1/3 1480/1/3
f 1485/1/3 1480/1/3 1479/1/3
f 1485/1/3 1479/1/3 1478/1/3
f 1486/1/3 1484/1/3 1485/1/3
f 1495/1/3 1488/1/3 1487/1/3
f 1495/1/3 1494/1/3 1493/1/3
f 1495/1/3 1493/1/3 1492/1/3
f 1495/1/3 1492/1/3 1491/1/3
f 1495/1/3 1491/1/3 1490/1/3
f 1495/1/3 1490/1/3 1489/1/3
f 1495/1/3 1489/1/3 1488/1/3
f 1496/1/3 1494/1/3 1495/1/3
f 1505/1/3 1498/1/3 1497/1/3
f 1505/1/3 1504/1/3 1503/1/3
f 1505/1/3 1503/1/3 1502/1/3
f 1505/1/3 1502/1/3 1501/1/3
f 1505/1/3 1501/1/3 1500/1/3
f 1505/1/3 1500/1/3 1499/1/3
f 1505/1/3 1499/1/3 1498/1/3
f 1506/1/3 1504/1/3 1505/1/3
f 1515/1/3 1508/1/3 1507/1/3
f 1515/1/3 1514/1/3 1513/1/3
f 1515/1/3 1513/1/3 1512/1/3
f 1515/1/3 1512/1/3 1511/1/3
f 1515/1/3 1511/1/3 1510/1/3
f 1515/1/3 1510/1/3 1509/1/3
f 1515/1/3 1509/1/3 1508/1/3
f 1516/1/3 1514/1/3 1515/1/3
f 1525/1/3 1518/1/3 1517/1/3
f 1525/1/3 1524/1/3 1523/1/3
f 1525/1/3 1523/1/3 1522/1/3
f 1525/1/3 1522/1/3 1521/1/3
f 1525/1/3 1521/1/3 1520/1/3
f 1525/1/3 1520/1/3 1519/1/3
f 1525/1/3 1519/1/3 1518/1/3
f 1526/1/3 1524/1/3 1525/1/3
f 1535/1/3 1528/1/3 1527/1/3
f 1535/1/3 1534/1/3 1533/1/3
f 1535/1/3 1533/1/3 1532/1/3
f 1535/1/3 1532/1/3 1531/1/3
f 1535/1/3 1531/1/3 1530/1/3
f 1535/1/3 1530/1/3 1529/1/3
f 1535/1/3 1529/1/3 1528/1/3
f 1536/1/3 1534/1/3 1535/1/3
f 1545/1/3 1538/1/3 1537/1/3
f 1545/1/3 1544/1/3 1543/1/3
f 1545/1/3 1543/1/3 1542/1/3
f 1545/1/3 1542/1/3 1541/1/3
f 1545/1/3 1541/1/3 1540/1/3
f 1545/1/3 1540/1/3 1539/1/3
f 1545/1/3 1539/1/3 1538/1/3
f 1546/1/3 1544/1/3 1545/1/3
f 1555/1/3 1548/1/3 1547/1/3
f 1555/1/3 1554/1/3 1553/1/3
f 1555/1/3 1553/1/3 1552/1/3
f 1555/1/3 1552/1/3 1551/1/3
f 1555/1/3 1551/1/3 1550/1/3
f 1555/1/3 1550/1/3 1549/1/3
f 1555/1/3 1549/1/3 1548/1/3
f 1556/1/3 1554/1/3 1555/1/3
f 1565/1/3 1558/1/3 1557/1/3
f 1565/1/3 1564/1/3 1563/1/3
f 1565/1/3 1563/1/3 1562/1/3
f 1565/1/3 1562/1/3 1561/1/3
f 1565/1/3 1561/1/3 1560/1/3
f 1565/1/3 1560/1/3 1559/1/3
f 1565/1/3 1559/1/3 1558/1/3
f 1566/1/3 1564/1/3 1565/1/3
f 1573/2/3 1568/2/3 1567/2/3
f 1574/2/3 1568/2/3 1573/2/3
f 1575/2/3 1570/2/3 1569/2/3
f 1576/2/3 1570/2/3 1575/2/3
f 1577/2/3 1572/2/3 1571/2/3
f 1578/2/3 1572/2/3 1577/2/3
f 1587/1/3 1580/1/3 1579/1/3
f 1588/1/3 1580/1/3 1587/1/3
f 1589/1/3 1582/1/3 1581/1/3
f 1590/1/3 1582/1/3 1589/1/3
f 1591/1/3 1584/1/3 1583/1/3
f 1592/1/3 1584/1/3 1591/1/3
f 1593/1/3 1586/1/3 1585/1/3
f 1594/1/3 1586/1/3 1593/1/3
f 1603/1/3 1596/1/3 1595/1/3
f 1604/1/3 1596/1/3 1603/1/3
f 1605/1/3 1598/1/3 1597/1/3
f 1606/1/3 1598/1/3 1605/1/3
f 1607/1/3 1600/1/3 1599/1/3
f 1608/1/3 1600/1/3 1607/1/3
f 1609/1/3 1602/1/3 1601/1/3
f 1610/1/3 1602/1/3 1609/1/3
f 1619/1/3 1612/1/3 1611/1/3
f 1620/1/3 1612/1/3 1619/1/3
f 1621/1/3 1614/1/3 1613/1/3
f 1622/1/3 1614/1/3 1621/1/3
f 1623/1/3 1616/1/3 1615/1/3
f 1624/1/3 1616/1/3 1623/1/3
f 1625/1/3 1618/1/3 1617/1/3
f 1626/1/3 1618/1/3 1625/1/3
f 1635/1/3 1628/1/3 1627/1/3
f 1636/1/3 1628/1/3 1635/1/3
f 1637/1/3 1630/1/3 1629/1/3
f 1638/1/3 1630/1/3 1637/1/3
f 1639/1/3 1632/1/3 1631/1/3
f 1640/1/3 1632/1/3 1639/1/3
f 1641/1/3 1634/1/3 1633/1/3
f 1642/1/3 1634/1/3 1641/1/3
f 1651/1/3 1644/1/3 1643/1/3
f 1652/1/3 1644/1/3 1651/1/3
f 1653/1/3 1646/1/3 1645/1/3
f 1654/1/3 1646/1/3 1653/1/3
f 1655/1/3 1648/1/3 1647/1/3
f 1656/1/3 1648/1/3 1655/1/3
f 1657/1/3 1650/1/3 1649/1/3
f 1658/1/3 1650/1/3 1657/1/3
f 1667/1/3 1660/1/3 1659/1/3
f 1668/1/3 1660/1/3 1667/1/3
f 1669/1/3 1662/1/3 1661/1/3
f 1670/1/3 1662/1/3 1669/1/3
f 1671/1/3 1664/1/3 1663/1/3
f 1672/1/3 1664/1/3 1671/1/3
f 1673/1/3 1666/1/3 1665/1/3
f 1674/1/3 1666/1/3 1673/1/3
f 1683/1/3 1676/1/3 1675/1/3
f 1684/1/3 1676/1/3 1683/1/3
f 1685/1/3 1678/1/3 1677/1/3
f 1686/1/3 1678/1/3 1685/1/3
f 1687/1/3 1680/1/3 1679/1/3
f 1688/1/3 1680/1/3 1687/1/3
f 1689/1/3 1682/1/3 1681/1/3
f 1690/1/3 1682/1/3 1689/1/3
f 1699/1/3 1692/1/3 1691/1/3
f 1700/1/3 1692/1/3 1699/1/3
f 1701/1/3 1694/1/3 1693/1/3
f 1702/1/3 1694/1/3 1701/1/3
f 1703/1/3 1696/1/3 1695/1/3
f 1704/1/3 1696/1/3 1703/1/3
f 1705/1/3 1698/1/3 1697/1/3
f 1706/1/3 1698/1/3 1705/1/3
f 1715/1/3 1708/1/3 1707/1/3
f 1716/1/3 1708/1/3 1715/1/3
f 1717/1/3 1710/1/3 1709/1/3
f 1718/1/3 1710/1/3 1717/1/3
f 1719/1/3 1712/1/3 1711/1/3
f 1720/1/3 1712/1/3 1719/1/3
f 1721/1/3 1714/1/3 1713/1/3
f 1722/1/3 1714/1/3 1721/1/3
f 1731/1/3 1724/1/3 1723/1/3
f 1732/1/3 1724/1/3 1731/1/3
f 1733/1/3 1726/1/3 1725/1/3
f 1734/1/3 1726/1/3 1733/1/3
f 1735/1/3 1728/1/3 1727/1/3
f 1736/1/3 1728/1/3 1735/1/3
f 1737/1/3 1730/1/3 1729/1/3
f 1738/1/3 1730/1/3 1737/1/3
f 1747/1/3 1740/1/3 1739/1/3
f 1748/1/3 1740/1/3 1747/1/3
f 1749/1/3 1742/1/3 1741/1/3
f 1750/1/3 1742/1/3 1749/1/3
f 1751/1/3 1744/1/3 1743/1/3
f 1752/1/3 1744/1/3 1751/1/3
f 1753/1/3 1746/1/3 1745/1/3
f 1754/1/3 1746/1/3 1753/1/3
f 1763/1/3 1756/1/3 1755/1/3
f 1764/1/3 1756/1/3 1763/1/3
f 1765/1/3 1758/1/3 1757/1/3
f 1766/1/3 1758/1/3 1765/1/3
f 1767/1/3 1760/1/3 1759/1/3
f 1768/1/3 1760/1/3 1767/1/3
f 1769/1/3 1762/1/3 1761/1/3
f 1770/1/3 1762/1/3 1769/1/3
f 1779/1/3 1772/1/3 1771/1/3
f 1780/1/3 1772/1/3 1779/1/3
f 1781/1/3 1774/1/3 1773/1/3
f 1782/1/3 1774/1/3 1781/1/3
f 1783/1/3 1776/1/3 1775/1/3
f 1784/1/3 1776/1/3 1783/1/3
f 1785/1/3 1778/1/3 1777/1/3
f 1786/1/3 1778/1/3 1785/1/3
f 1795/1/3 1788/1/3 1787/1/3
f 1796/1/3 1788/1/3 1795/1/3
f 1797/1/3 1790/1/3 1789/1/3
f 1798/1/3 1790/1/3 1797/1/3
f 1799/1/3 1792/1/3 1791/1/3
f 1800/1/3 1792/1/3 1799/1/3
f 1801/1/3 1794/1/3 1793/1/3
f 1802/1/3 1794/1/3 1801/1/3
f 1811/1/3 1804/1/3 1803/1/3
f 1812/1/3 1804/1/3 1811/1/3
f 1813/1/3 1806/1/3 1805/1/3
f 1814/1/3 1806/1/3 1813/1/3
f 1815/1/3 1808/1/3 1807/1/3
f 1816/1/3 1808/1/3 1815/1/3
f 1817/1/3 1810/1/3 1809/1/3
f 1818/1/3 1810/1/3 1817/1/3
f 1827/1/3 1820/1/3 1819/1/3
f 1828/1/3 1820/1/3 1827/1/3
f 1829/1/3 1822/1/3 1821/1/3
f 1830/1/3 1822/1/3 1829/1/3
f 1831/1/3 1824/1/3 1823/1/3
f 1832/1/3 1824/1/3 1831/1/3
f 1833/1/3 1826/1/3 1825/1/3
f 1834/1/3 1826/1/3 1833/1/3
f 1843/1/3 1836/1/3 1835/1/3
f 1844/1/3 1836/1/3 1843/1/3
f 1845/1/3 1838/1/3 1837/1/3
f 1846/1/3 1838/1/3 1845/1/3
f 1847/1/3 1840/1/3 1839/1/3
f 1848/1/3 1840/1/3 1847/1/3
f 1849/1/3 1842/1/3 1841/1/3
f 1850/1/3 1842/1/3 1849/1/3
f 1859/1/3 1852/1/3 1851/1/3
f 1860/1/3 1852/1/3 1859/1/3
f 1861/1/3 1854/1/3 1853/1/3
f 1862/1/3 1854/1/3 1861/1/3
f 1863/1/3 1856/1/3 1855/1/3
f 1864/1/3 1856/1/3 1863/1/3
f 1865/1/3 1858/1/3 1857/1/3
f 1866/1/3 1858/1/3 1865/1/3
f 1867/1/4 1868/1/4 1875/1/4
f 1875/1/4 1868/1/4 1876/1/4
f 1869/1/4 1870/1/4 1877/1/4
f 1877/1/4 1870/1/4 1878/1/4
f 1871/1/4 1872/1/4 1879/1/4
f 1879/1/4 1872/1/4 1880/1/4
f 1873/1/4 1874/1/4 1881/1/4
f 1881/1/4 1874/1/4 1882/1/4
f 1883/1/4 1884/1/4 1891/1/4
f 1891/1/4 1884/1/4 1892/1/4
f 1885/1/4 1886/1/4 1893/1/4
f 1893/1/4 1886/1/4 1894/1/4
f 1887/1/4 1888/1/4 1895/1/4
f 1895/1/4 1888/1/4 1896/1/4
f 1889/1/4 1890/1/4 1897/1/4
f 1897/1/4 1890/1/4 1898/1/4
f 1899/1/4 1900/1/4 1907/1/4
f 1907/1/4 1900/1/4 1908/1/4
f 1901/1/4 1902/1/4 1909/1/4
f 1909/1/4 1902/1/4 1910/1/4
f 1903/1/4 1904/1/4 1911/1/4
f 1911/1/4 1904/1/4 1912/1/4
f 1905/1/4 1906/1/4 1913/1/4
f 1913/1/4 1906/1/4 1914/1/4
f 1915/1/4 1916/1/4 1923/1/4
f 1923/1/4 1916/1/4 1924/1/4
f 1917/1/4 1918/1/4 1925/1/4
f 1925/1/4 1918/1/4 1926/1/4
f 1919/1/4 1920/1/4 1927/1/4
f 1927/1/4 1920/1/4 1928/1/4
f 1921/1/4 1922/1/4 1929/1/4
f 1929/1/4 1922/1/4 1930/1/4
f 1931/1/4 1932/1/4 1939/1/4
f 1939/1/4 1932/1/4 1940/1/4
f 1933/1/4 1934/1/4 1941/1/4
f 1941/1/4 1934/1/4 1942/1/4
f 1935/1/4 1936/1/4 1943/1/4
f 1943/1/4 1936/1/4 1944/1/4
f 1937/1/4 1938/1/4 1945/1/4
f 1945/1/4 1938/1/4 1946/1/4
f 1947/1/4 1948/1/4 1955/1/4
f 1955/1/4 1948/1/4 1956/1/4
f 1949/1/4 1950/1/4 1957/1/4
f 1957/1/4 1950/1/4 1958/1/4
f 1951/1/4 1952/1/4 1959/1/4
f 1959/1/4 1952/1/4 1960/1/4
f 1953/1/4 1954/1/4 1961/1/4
f 1961/1/4 1954/1/4 1962/1/4
f 1963/1/4 1964/1/4 1971/1/4
f 1971/1/4 1964/1/4 1972/1/4
f 1965/1/4 1966/1/4 1973/1/4
f 1973/1/4 1966/1/4 1974/1/4
f 1967/1/4 1968/1/4 1975/1/4
f 1975/1/4 1968/1/4 1976/1/4
f 1969/1/4 1970/1/4 1977/1/4
f 1977/1/4 1970/1/4 1978/1/4
f 1979/1/4 1980/1/4 1987/1/4
f 1987/1/4 1980/1/4 1988/1/4
f 1981/1/4 1982/1/4 1989/1/4
f 1989/1/4 1982/1/4 1990/1/4
f 1983/1/4 1984/1/4 1991/1/4
f 1991/1/4 1984/1/4 1992/1/4
f 1985/1/4 1986/1/4 1993/1/4
f 1993/1/4 1986/1/4 1994/1/4
f 1995/1/4 1996/1/4 2003/1/4
f 2003/1/4 1996/1/4 2004/1/4
f 1997/1/4 1998/1/4 2005/1/4
f 2005/1/4 1998/1/4 2006/1/4
f 1999/1/4 2000/1/4 2007/1/4
f 2007/1/4 2000/1/4 2008/1/4
f 2001/1/4 2002/1/4 2009/1/4
f 2009/1/4 2002/1/4 2010/1/4
f 2011/1/4 2012/1/4 2019/1/4
f 2019/1/4 2012/1/4 2020/1/4
f 2013/1/4 2014/1/4 2021/1/4
f 2021/1/4 2014/1/4 2022/1/4
f 2015/1/4 2016/1/4 2023/1/4
f 2023/1/4 2016/1/4 2024/1/4
f 2017/1/4 2018/1/4 2025/1/4
f 2025/1/4 2018/1/4 2026/1/4
f 2027/1/4 2028/1/4 2035/1/4
f 2035/1/4 2028/1/4 2036/1/4
f 2029/1/4 2030/1/4 2037/1/4
f 2037/1/4 2030/1/4 2038/1/4
f 2031/1/4 2032/1/4 2039/1/4
f 2039/1/4 2032/1/4 2040/1/4
f 2033/1/4 2034/1/4 2041/1/4
f 2041/1/4 2034/1/4 2042/1/4
f 2043/1/4 2044/1/4 2051/1/4
f 2051/1/4 2044/1/4 2052/1/4
f 2045/1/4 2046/1/4 2053/1/4
f 2053/1/4 2046/1/4 2054/1/4
f 2047/1/4 2048/1/4 2055/1/4
f 2055/1/4 2048/1/4 2056/1/4
f 2049/1/4 2050/1/4 2057/1/4
f 2057/1/4 2050/1/4 2058/1/4
f 2059/1/4 2060/1/4 2067/1/4
f 2067/1/4 2060/1/4 2068/1/4
f 2061/1/4 2062/1/4 2069/1/4
f 2069/1/4 2062/1/4 2070/1/4
f 2063/1/4 2064/1/4 2071/1/4
f 2071/1/4 2064/1/4 2072/1/4
f 2065/1/4 2066/1/4 2073/1/4
f 2073/1/4 2066/1/4 2074/1/4
f 2075/1/4 2076/1/4 2083/1/4
f 2083/1/4 2076/1/4 2084/1/4
f 2077/1/4 2078/1/4 2085/1/4
f 2085/1/4 2078/1/4 2086/1/4
f 2079/1/4 2080/1/4 2087/1/4
f 2087/1/4 2080/1/4 2088/1/4
f 2081/1/4 2082/1/4 2089/1/4
f 2089/1/4 2082/1/4 2090/1/4
f 2091/1/4 2092/1/4 2099/1/4
f 2099/1/4 2092/1/4 2100/1/4
f 2093/1/4 2094/1/4 2101/1/4
f 2101/1/4 2094/1/4 2102/1/4
f 2095/1/4 2096/1/4 2103/1/4
f 2103/1/4 2096/1/4 2104/1/4
f 2097/1/4 2098/1/4 2105/1/4
f 2105/1/4 2098/1/4 2106/1/4
f 2107/1/4 2108/1/4 2115/1/4
f 2115/1/4 2108/1/4 2116/1/4
f 2109/1/4 2110/1/4 2117/1/4
f 2117/1/4 2110/1/4 2118/1/4
f 2111/1/4 2112/1/4 2119/1/4
f 2119/1/4 2112/1/4 2120/1/4
f 2113/1/4 2114/1/4 2121/1/4
f 2121/1/4 2114/1/4 2122/1/4
f 2123/1/4 2124/1/4 2131/1/4
f 2131/1/4 2124/1/4 2132/1/4
f 2125/1/4 2126/1/4 2133/1/4
f 2133/1/4 2126/1/4 2134/1/4
f 2127/1/4 2128/1/4 2135/1/4
f 2135/1/4 2128/1/4 2136/1/4
f 2129/1/4 2130/1/4 2137/1/4
f 2137/1/4 2130/1/4 2138/1/4
f 2139/1/4 2140/1/4 2147/1/4
f 2147/1/4 2140/1/4 2148/1/4
f 2141/1/4 2142/1/4 2149/1/4
f 2149/1/4 2142/1/4 2150/1/4
f 2143/1/4 2144/1/4 2151/1/4
f 2151/1/4 2144/1/4 2152/1/4
f 2145/1/4 2146/1/4 2153/1/4
f 2153/1/4 2146/1/4 2154/1/4
f 2155/2/4 2156/2/4 2161/2/4
f 2161/2/4 2156/2/4 2162/2/4
f 2157/2/4 2158/2/4 2163/2/4
f 2163/2/4 2158/2/4 2164/2/4
f 2159/2/4 2160/2/4 2165/2/4
f 2165/2/4 2160/2/4 2166/2/4
f 2167/2/4 2168/2/4 2173/2/4
f 2173/2/4 2168/2/4 2174/2/4
f 2169/2/4 2170/2/4 2175/2/4
f 2175/2/4 2170/2/4 2176/2/4
f 2171/2/4 2172/2/4 2177/2/4
f 2177/2/4 2172/2/4 2178/2/4
f 2179/1/4 2180/1/4 2187/1/4
f 2185/1/4 2186/1/4 2187/1/4
f 2184/1/4 2185/1/4 2187/1/4
f 2183/1/4 2184/1/4 2187/1/4
f 2182/1/4 2183/1/4 2187/1/4
f 2181/1/4 2182/1/4 2187/1/4
f 2180/1/4 2181/1/4 2187/1/4
f 2187/1/4 2186/1/4 2188/1/4
f 2189/1/4 2190/1/4 2197/1/4
f 2195/1/4 2196/1/4 2197/1/4
f 2194/1/4 2195/1/4 2197/1/4
f 2193/1/4 2194/1/4 2197/1/4
f 2192/1/4 2193/1/4 2197/1/4
f 2191/1/4 2192/1/4 2197/1/4
f 2190/1/4 2191/1/4 2197/1/4
f 2197/1/4 2196/1/4 2198/1/4
f 2199/1/4 2200/1/4 2207/1/4
f 2205/1/4 2206/1/4 2207/1/4
f 2204/1/4 2205/1/4 2207/1/4
f 2203/1/4 2204/1/4 2207/1/4
f 2202/1/4 2203/1/4 2207/1/4
f 2201/1/4 2202/1/4 2207/1/4
f 2200/1/4 2201/1/4 2207/1/4
f 2207/1/4 2206/1/4 2208/1/4
f 2209/1/4 2210/1/4 2217/1/4
f 2215/1/4 2216/1/4 2217/1/4
f 2214/1/4 2215/1/4 2217/1/4
f 2213/1/4 2214/1/4 2217/1/4
f 2212/1/4 2213/1/4 2217/1/4
f 2211/1/4 2212/1/4 2217/1/4
f 2210/1/4 2211/1/4 2217/1/4
f 2217/1/4 2216/1/4 2218/1/4
f 2219/1/4 2220/1/4 2227/1/4
f 2225/1/4 2226/1/4 2227/1/4
f 2224/1/4 2225/1/4 2227/1/4
f 2223/1/4 2224/1/4 2227/1/4
f 2222/1/4 2223/1/4 2227/1/4
f 2221/1/4 2222/1/4 2227/1/4
f 2220/1/4 2221/1/4 2227/1/4
f 2227/1/4 2226/1/4 2228/1/4
f 2229/1/4 2230/1/4 2237/1/4
f 2235/1/4 2236/1/4 2237/1/4
f 2234/1/4 2235/1/4 2237/1/4
f 2233/1/4 2234/1/4 2237/1/4
f 2232/1/4 2233/1/4 2237/1/4
f 2231/1/4 2232/1/4 2237/1/4
f 2230/1/4 2231/1/4 2237/1/4
f 2237/1/4 2236/1/4 2238/1/4
f 2239/1/4 2240/1/4 2247/1/4
f 2245/1/4 2246/1/4 2247/1/4
f 2244/1/4 2245/1/4 2247/1/4
f 2243/1/4 2244/1/4 2247/1/4
f 2242/1/4 2243/1/4 2247/1/4
f 2241/1/4 2242/1/4 2247/1/4
f 2240/1/4 2241/1/4 2247/1/4
f 2247/1/4 2246/1/4 2248/1/4
f 2249/1/4 2250/1/4 2257/1/4
f 2255/1/4 2256/1/4 2257/1/4
f 2254/1/4 2255/1/4 2257/1/4
f 2253/1/4 2254/1/4 2257/1/4
f 2252/1/4 2253/1/4 2257/1/4
f 2251/1/4 2252/1/4 2257/1/4
f 2250/1/4 2251/1/4 2257/1/4
f 2257/1/4 2256/1/4 2258/1/4
f 2259/1/4 2260/1/4 2267/1/4
f 2265/1/4 2266/1/4 2267/1/4
f 2264/1/4 2265/1/4 2267/1/4
f 2263/1/4 2264/1/4 2267/1/4
f 2262/1/4 2263/1/4 2267/1/4
f 2261/1/4 2262/1/4 2267/1/4
f 2260/1/4 2261/1/4 2267/1/4
f 2267/1/4 2266/1/4 2268/1/4
f 2269/1/4 2270/1/4 2277/1/4
f 2275/1/4 2276/1/4 2277/1/4
f 2274/1/4 2275/1/4 2277/1/4
f 2273/1/4 2274/1/4 2277/1/4
f 2272/1/4 2273/1/4 2277/1/4
f 2271/1/4 2272/1/4 2277/1/4
f 2270/1/4 2271/1/4 2277/1/4
f 2277/1/4 2276/1/4 2278/1/4
f 2279/1/4 2280/1/4 2287/1/4
f 2287/1/4 2280/1/4 2288/1/4
f 2281/1/4 2282/1/4 2289/1/4
f 2289/1/4 2282/1/4 2290/1/4
f 2283/1/4 2284/1/4 2291/1/4
f 2291/1/4 2284/1/4 2292/1/4
f 2285/1/4 2286/1/4 2293/1/4
f 2293/1/4 2286/1/4 2294/1/4
f 2295/2/4 2296/2/4 2301/2/4
f 2301/2/4 2296/2/4 2302/2/4
f 2297/2/4 2298/2/4 2303/2/4
f 2303/2/4 2298/2/4 2304/2/4
f 2299/2/4 2300/2/4 2305/2/4
f 2305/2/4 2300/2/4 2306/2/4
f 2307/2/4 2308/2/4 2313/2/4
f 2313/2/4 2308/2/4 2314/2/4
f 2309/2/4 2310/2/4 2315/2/4
f 2315/2/4 2310/2/4 2316/2/4
f 2311/2/4 2312/2/4 2317/2/4
f 2317/2/4 2312/2/4 2318/2/4
f 2319/2/4 2320/2/4 2325/2/4
f 2325/2/4 2320/2/4 2326/2/4
f 2321/2/4 2322/2/4 2327/2/4
f 2327/2/4 2322/2/4 2328/2/4
f 2323/2/4 2324/2/4 2329/2/4
f 2329/2/4 2324/2/4 2330/2/4
f 2331/2/4 2332/2/4 2337/2/4
f 2337/2/4 2332/2/4 2338/2/4
f 2333/2/4 2334/2/4 2339/2/4
f 2339/2/4 2334/2/4 2340/2/4
f 2335/2/4 2336/2/4 2341/2/4
f 2341/2/4 2336/2/4 2342/2/4
f 2343/2/4 2344/2/4 2349/2/4
f 2349/2/4 2344/2/4 2350/2/4
f 2345/2/4 2346/2/4 2351/2/4
f 2351/2/4 2346/2/4 2352/2/4
f 2347/2/4 2348/2/4 2353/2/4
f 2353/2/4 2348/2/4 2354/2/4
f 2355/2/4 2356/2/4 2361/2/4
f 2361/2/4 2356/2/4 2362/2/4
f 2357/2/4 2358/2/4 2363/2/4
f 2363/2/4 2358/2/4 2364/2/4
f 2359/2/4 2360/2/4 2365/2/4
f 2365/2/4 2360/2/4 2366/2/4
f 2367/2/4 2368/2/4 2373/2/4
f 2373/2/4 2368/2/4 2374/2/4
f 2369/2/4 2370/2/4 2375/2/4
f 2375/2/4 2370/2/4 2376/2/4
f 2371/2/4 2372/2/4 2377/2/4
f 2377/2/4 2372/2/4 2378/2/4
f 2379/2/4 2380/2/4 2385/2/4
f 2385/2/4 2380/2/4 2386/2/4
f 2381/2/4 2382/2/4 2387/2/4
f 2387/2/4 2382/2/4 2388/2/4
f 2383/2/4 2384/2/4 2389/2/4
f 2389/2/4 2384/2/4 2390/2/4
f 2391/2/4 2392/2/4 2397/2/4
f 2397/2/4 2392/2/4 2398/2/4
f 2393/2/4 2394/2/4 2399/2/4
f 2399/2/4 2394/2/4 2400/2/4
f 2395/2/4 2396/2/4 2401/2/4
f 2401/2/4 2396/2/4 2402/2/4
f 2403/2/4 2404/2/4 2409/2/4
f 2409/2/4 2404/2/4 2410/2/4
f 2405/2/4 2406/2/4 2411/2/4
f 2411/2/4 2406/2/4 2412/2/4
f 2407/2/4 2408/2/4 2413/2/4
f 2413/2/4 2408/2/4 2414/2/4
f 2415/2/4 2416/2/4 2421/2/4
f 2421/2/4 2416/2/4 2422/2/4
f 2417/2/4 2418/2/4 2423/2/4
f 2423/2/4 2418/2/4 2424/2/4
f 2419/2/4 2420/2/4 2425/2/4
f 2425/2/4 2420/2/4 2426/2/4
f 2427/2/4 2428/2/4 2433/2/4
f 2433/2/4 2428/2/4 2434/2/4
f 2429/2/4 2430/2/4 2435/2/4
f 2435/2/4 2430/2/4 2436/2/4
f 2431/2/4 2432/2/4 2437/2/4
f 2437/2/4 2432/2/4 2438/2/4
f 2439/2/4 2440/2/4 2445/2/4
f 2445/2/4 2440/2/4 2446/2/4
f 2441/2/4 2442/2/4 2447/2/4
f 2447/2/4 2442/2/4 2448/2/4
f 2443/2/4 2444/2/4 2449/2/4
f 2449/2/4 2444/2/4 2450/2/4
f 2451/2/4 2452/2/4 2457/2/4
f 2457/2/4 2452/2/4 2458/2/4
f 2453/2/4 2454/2/4 2459/2/4
f 2459/2/4 2454/2/4 2460/2/4
f 2455/2/4 2456/2/4 2461/2/4
f 2461/2/4 2456/2/4 2462/2/4
f 2463/2/4 2464/2/4 2469/2/4
f 2469/2/4 2464/2/4 2470/2/4
f 2465/2/4 2466/2/4 2471/2/4
f 2471/2/4 2466/2/4 2472/2/4
f 2467/2/4 2468/2/4 2473/2/4
f 2473/2/4 2468/2/4 2474/2/4
f 2475/2/4 2476/2/4 2481/2/4
f 2481/2/4 2476/2/4 2482/2/4
f 2477/2/4 2478/2/4 2483/2/4
f 2483/2/4 2478/2/4 2484/2/4
f 2479/2/4 2480/2/4 2485/2/4
f 2485/2/4 2480/2/4 2486/2/4
f 2487/2/4 2488/2/4 2493/2/4
f 2493/2/4 2488/2/4 2494/2/4
f 2489/2/4 2490/2/4 2495/2/4
f 2495/2/4 2490/2/4 2496/2/4
f 2491/2/4 2492/2/4 2497/2/4
f 2497/2/4 2492/2/4 2498/2/4
f 2499/2/4 2500/2/4 2505/2/4
f 2505/2/4 2500/2/4 2506/2/4
f 2501/2/4 2502/2/4 2507/2/4
f 2507/2/4 2502/2/4 2508/2/4
f 2503/2/4 2504/2/4 2509/2/4
f 2509/2/4 2504/2/4 2510/2/4
f 2511/1/4 2512/1/4 2513/1/4
f 2513/1/4 2512/1/4 2514/1/4
f 2515/1/4 2516/1/4 2517/1/4
f 2517/1/4 2516/1/4 2518/1/4
f 2519/1/4 2520/1/4 2521/1/4
f 2521/1/4 2520/1/4 2522/1/4
f 2523/1/4 2524/1/4 2525/1/4
f 2525/1/4 2524/1/4 2526/1/4
f 2527/1/4 2528/1/4 2529/1/4
f 2529/1/4 2528/1/4 2530/1/4
f 2531/1/4 2532/1/4 2533/1/4
f 2533/1/4 2532/1/4 2534/1/4
f 2535/1/4 2536/1/4 2537/1/4
f 2537/1/4 2536/1/4 2538/1/4
f 2539/1/4 2540/1/4 2541/1/4
f 2541/1/4 2540/1/4 2542/1/4
f 2543/1/4 2544/1/4 2545/1/4
f 2545/1/4 2544/1/4 2546/1/4
f 2547/1/4 2548/1/4 2549/1/4
f 2549/1/4 2548/1/4 2550/1/4
f 2551/1/4 2552/1/4 2553/1/4
f 2553/1/4 2552/1/4 2554/1/4
f 2555/1/4 2556/1/4 2557/1/4
f 2557/1/4 2556/1/4 2558/1/4
f 2559/1/4 2560/1/4 2561/1/4
f 2561/1/4 2560/1/4 2562/1/4
f 2563/1/4 2564/1/4 2565/1/4
f 2565/1/4 2564/1/4 2566/1/4
f 2567/1/4 2568/1/4 2569/1/4
f 2569/1/4 2568/1/4 2570/1/4
f 2571/1/4 2572/1/4 2573/1/4
f 2573/1/4 2572/1/4 2574/1/4
f 2575/1/4 2576/1/4 2577/1/4
f 2577/1/4 2576/1/4 2578/1/4
f 2579/1/4 2580/1/4 2581/1/4
f 2581/1/4 2580/1/4 2582/1/4
f 2582/1/4 2580/1/4 2583/1/4
f 2583/1/4 2580/1/4 2584/1/4
f 2584/1/4 2580/1/4 2585/1/4
f 2585/1/4 2580/1/4 2586/1/4
f 2586/1/4 2580/1/4 2587/1/4
f 2587/1/4 2580/1/4 2588/1/4
f 2582/2/4 2583/2/4 2589/2/4
f 2589/2/4 2583/2/4 2590/2/4
f 2584/2/4 2585/2/4 2591/2/4
f 2591/2/4 2585/2/4 2592/2/4
f 2586/2/4 2587/2/4 2593/2/4
f 2593/2/4 2587/2/4 2594/2/4
f 2631/1/5 2596/1/5 2595/1/5
f 2632/1/5 2596/1/5 2631/1/5
f 2633/1/5 2598/1/5 2597/1/5
f 2634/1/5 2598/1/5 2633/1/5
f 2635/1/5 2600/1/5 2599/1/5
f 2636/1/5 2600/1/5 2635/1/5
f 2637/1/5 2602/1/5 2601/1/5
f 2638/1/5 2602/1/5 2637/1/5
f 2639/1/5 2604/1/5 2603/1/5
f 2640/1/5 2604/1/5 2639/1/5
f 2641/1/5 2606/1/5 2605/1/5
f 2642/1/5 2606/1/5 2641/1/5
f 2643/1/5 2608/1/5 2607/1/5
f 2644/1/5 2608/1/5 2643/1/5
f 2645/1/5 2610/1/5 2609/1/5
f 2646/1/5 2610/1/5 2645/1/5
f 2647/1/5 2612/1/5 2611/1/5
f 2648/1/5 2612/1/5 2647/1/5
f 2649/1/5 2614/1/5 2613/1/5
f 2650/1/5 2614/1/5 2649/1/5
f 2651/1/5 2616/1/5 2615/1/5
f 2652/1/5 2616/1/5 2651/1/5
f 2653/1/5 2618/1/5 2617/1/5
f 2654/1/5 2618/1/5 2653/1/5
f 2655/1/5 2620/1/5 2619/1/5
f 2656/1/5 2620/1/5 2655/1/5
f 2657/1/5 2622/1/5 2621/1/5
f 2658/1/5 2622/1/5 2657/1/5
f 2659/1/5 2624/1/5 2623/1/5
f 2660/1/5 2624/1/5 2659/1/5
f 2661/1/5 2626/1/5 2625/1/5
f 2662/1/5 2626/1/5 2661/1/5
f 2663/1/5 2628/1/5 2627/1/5
f 2664/1/5 2628/1/5 2663/1/5
f 2665/1/5 2630/1/5 2629/1/5
f 2666/1/5 2630/1/5 2665/1/5
f 2669/1/5 2668/1/5 2667/1/5
f 2670/1/5 2668/1/5 2669/1/5
f 2673/1/5 2672/1/5 2671/1/5
f 2674/1/5 2672/1/5 2673/1/5
f 2677/1/5 2676/1/5 2675/1/5
f 2678/1/5 2676/1/5 2677/1/5
f 2681/1/5 2680/1/5 2679/1/5
f 2682/1/5 2680/1/5 2681/1/5
f 2685/1/5 2684/1/5 2683/1/5
f 2686/1/5 2684/1/5 2685/1/5
f 2689/1/5 2688/1/5 2687/1/5
f 2690/1/5 2688/1/5 2689/1/5
f 2693/1/5 2692/1/5 2691/1/5
f 2694/1/5 2692/1/5 2693/1/5
f 2697/1/5 2696/1/5 2695/1/5
f 2698/1/5 2696/1/5 2697/1/5
f 2701/1/5 2700/1/5 2699/1/5
f 2702/1/5 2700/1/5 2701/1/5
f 2705/1/5 2704/1/5 2703/1/5
f 2706/1/5 2704/1/5 2705/1/5
f 2709/1/5 2708/1/5 2707/1/5
f 2710/1/5 2708/1/5 2709/1/5
f 2747/1/5 2712/1/5 2711/1/5
f 2748/1/5 2712/1/5 2747/1/5
f 2749/1/5 2714/1/5 2713/1/5
f 2750/1/5 2714/1/5 2749/1/5
f 2751/1/5 2716/1/5 2715/1/5
f 2752/1/5 2716/1/5 2751/1/5
f 2753/1/5 2718/1/5 2717/1/5
f 2754/1/5 2718/1/5 2753/1/5
f 2755/1/5 2720/1/5 2719/1/5
f 2756/1/5 2720/1/5 2755/1/5
f 2757/1/5 2722/1/5 2721/1/5
f 2758/1/5 2722/1/5 2757/1/5
f 2759/1/5 2724/1/5 2723/1/5
f 2760/1/5 2724/1/5 2759/1/5
f 2761/1/5 2726/1/5 2725/1/5
f 2762/1/5 2726/1/5 2761/1/5
f 2763/1/5 2728/1/5 2727/1/5
f 2764/1/5 2728/1/5 2763/1/5
f 2765/1/5 2730/1/5 2729/1/5
f 2766/1/5 2730/1/5 2765/1/5
f 2767/1/5 2732/1/5 2731/1/5
f 2768/1/5 2732/1/5 2767/1/5
f 2769/1/5 2734/1/5 2733/1/5
f 2770/1/5 2734/1/5 2769/1/5
f 2771/1/5 2736/1/5 2735/1/5
f 2772/1/5 2736/1/5 2771/1/5
f 2773/1/5 2738/1/5 2737/1/5
f 2774/1/5 2738/1/5 2773/1/5
f 2775/1/5 2740/1/5 2739/1/5
f 2776/1/5 2740/1/5 2775/1/5
f 2777/1/5 2742/1/5 2741/1/5
f 2778/1/5 2742/1/5 2777/1/5
f 2779/1/5 2744/1/5 2743/1/5
f 2780/1/5 2744/1/5 2779/1/5
f 2781/1/5 2746/1/5 2745/1/5
f 2782/1/5 2746/1/5 2781/1/5
f 2820/2/5 2784/2/5 2783/2/5
f 2821/2/5 2784/2/5 2820/2/5
f 2823/2/5 2819/2/5 2818/2/5
f 2823/2/5 2822/2/5 2821/2/5
f 2823/2/5 2821/2/5 2820/2/5
f 2823/2/5 2820/2/5 2819/2/5
f 2823/2/5 2786/2/5 2785/2/5
f 2823/2/5 2818/2/5 2817/2/5
f 2823/2/5 2817/2/5 2816/2/5
f 2823/2/5 2816/2/5 2815/2/5
f 2823/2/5 2815/2/5 2814/2/5
f 2823/2/5 2814/2/5 2813/2/5
f 2823/2/5 2813/2/5 2812/2/5
f 2823/2/5 2812/2/5 2811/2/5
f 2823/2/5 2811/2/5 2810/2/5
f 2823/2/5 2810/2/5 2809/2/5
f 2823/2/5 2809/2/5 2808/2/5
f 2823/2/5 2808/2/5 2807/2/5
f 2823/2/5 2807/2/5 2806/2/5
f 2823/2/5 2806/2/5 2805/2/5
f 2823/2/5 2805/2/5 2804/2/5
f 2823/2/5 2804/2/5 2803/2/5
f 2823/2/5 2803/2/5 2802/2/5
f 2823/2/5 2802/2/5 2801/2/5
f 2823/2/5 2801/2/5 2800/2/5
f 2823/2/5 2800/2/5 2799/2/5
f 2823/2/5 2799/2/5 2798/2/5
f 2823/2/5 2798/2/5 2797/2/5
f 2823/2/5 2797/2/5 2796/2/5
f 2823/2/5 2796/2/5 2795/2/5
f 2823/2/5 2795/2/5 2794/2/5
f 2823/2/5 2794/2/5 2793/2/5
f 2823/2/5 2793/2/5 2792/2/5
f 2823/2/5 2792/2/5 2791/2/5
f 2823/2/5 2791/2/5 2790/2/5
f 2823/2/5 2790/2/5 2789/2/5
f 2823/2/5 2789/2/5 2788/2/5
f 2823/2/5 2788/2/5 2787/2/5
f 2823/2/5 2787/2/5 2786/2/5
f 2824/2/5 2822/2/5 2823/2/5
f 2825/2/5 2822/2/5 2824/2/5
f 2826/2/5 2822/2/5 2825/2/5
f 2827/2/5 2825/2/5 2824/2/5
f 2828/2/5 2827/2/5 2824/2/5
f 2829/2/5 2828/2/5 2824/2/5
f 2830/2/5 2829/2/5 2824/2/5
f 2831/2/5 2830/2/5 2824/2/5
f 2832/2/5 2831/2/5 2824/2/5
f 2833/2/5 2832/2/5 2824/2/5
f 2834/2/5 2833/2/5 2824/2/5
f 2835/2/5 2834/2/5 2824/2/5
f 2836/2/5 2835/2/5 2824/2/5
f 2837/2/5 2836/2/5 2824/2/5
f 2838/2/5 2837/2/5 2824/2/5
f 2839/2/5 2838/2/5 2824/2/5
f 2840/2/5 2839/2/5 2824/2/5
f 2841/2/5 2840/2/5 2824/2/5
f 2842/2/5 2841/2/5 2824/2/5
f 2843/2/5 2842/2/5 2824/2/5
f 2844/2/5 2843/2/5 2824/2/5
f 2845/2/5 2844/2/5 2824/2/5
f 2846/2/5 2845/2/5 2824/2/5
f 2847/2/5 2846/2/5 2824/2/5
f 2849/2/5 2847/2/5 2824/2/5
f 2850/2/5 2847/2/5 2849/2/5
f 2852/2/5 2850/2/5 2849/2/5
f 2852/2/5 2851/2/5 2850/2/5
f 2852/2/5 2849/2/5 2848/2/5
f 2853/2/5 2851/2/5 2852/2/5
f 2854/2/5 2851/2/5 2853/2/5
f 2855/2/5 2851/2/5 2854/2/5
f 2856/2/5 2851/2/5 2855/2/5
f 2857/2/5 2851/2/5 2856/2/5
f 2858/2/5 2851/2/5 2857/2/5
f 2859/2/5 2851/2/5 2858/2/5
f 2860/2/5 2851/2/5 2859/2/5
f 2861/2/5 2851/2/5 2860/2/5
f 2862/2/5 2851/2/5 2861/2/5
f 2863/2/5 2851/2/5 2862/2/5
f 2864/2/5 2851/2/5 2863/2/5
f 2865/2/5 2851/2/5 2864/2/5
f 2866/2/5 2851/2/5 2865/2/5
f 2867/2/5 2851/2/5 2866/2/5
f 2868/2/5 2851/2/5 2867/2/5
f 2869/2/5 2851/2/5 2868/2/5
f 2870/2/5 2851/2/5 2869/2/5
f 2871/2/5 2851/2/5 2870/2/5
f 2872/2/5 2851/2/5 2871/2/5
f 2873/2/5 2851/2/5 2872/2/5
f 2874/2/5 2851/2/5 2873/2/5
f 2875/2/5 2851/2/5 2874/2/5
f 2876/2/5 2851/2/5 2875/2/5
f 2877/2/5 2851/2/5 2876/2/5
f 2878/2/5 2851/2/5 2877/2/5
f 2879/2/5 2851/2/5 2878/2/5
f 2880/2/5 2851/2/5 2879/2/5
f 2881/2/5 2851/2/5 2880/2/5
f 2882/2/5 2851/2/5 2881/2/5
f 2883/2/5 2851/2/5 2882/2/5
f 2884/2/5 2851/2/5 2883/2/5
f 2885/2/5 2851/2/5 2884/2/5
f 2886/2/5 2851/2/5 2885/2/5
f 2887/2/5 2851/2/5 2886/2/5
f 2888/2/5 2851/2/5 2887/2/5
f 2889/2/5 2851/2/5 2888/2/5
f 2890/2/5 2888/2/5 2887/2/5
f 2891/2/5 2888/2/5 2890/2/5
f 2929/2/5 2893/2/5 2892/2/5
f 2930/2/5 2893/2/5 2929/2/5
f 2932/2/5 2928/2/5 2927/2/5
f 2932/2/5 2931/2/5 2930/2/5
f 2932/2/5 2930/2/5 2929/2/5
f 2932/2/5 2929/2/5 2928/2/5
f 2932/2/5 2895/2/5 2894/2/5
f 2932/2/5 2927/2/5 2926/2/5
f 2932/2/5 2926/2/5 2925/2/5
f 2932/2/5 2925/2/5 2924/2/5
f 2932/2/5 2924/2/5 2923/2/5
f 2932/2/5 2923/2/5 2922/2/5
f 2932/2/5 2922/2/5 2921/2/5
f 2932/2/5 2921/2/5 2920/2/5
f 2932/2/5 2920/2/5 2919/2/5
f 2932/2/5 2919/2/5 2918/2/5
f 2932/2/5 2918/2/5 2917/2/5
f 2932/2/5 2917/2/5 2916/2/5
f 2932/2/5 2916/2/5 2915/2/5
f 2932/2/5 2915/2/5 2914/2/5
f 2932/2/5 2914/2/5 2913/2/5
f 2932/2/5 2913/2/5 2912/2/5
f 2932/2/5 2912/2/5 2911/2/5
f 2932/2/5 2911/2/5 2910/2/5
f 2932/2/5 2910/2/5 2909/2/5
f 2932/2/5 2909/2/5 2908/2/5
f 2932/2/5 2908/2/5 2907/2/5
f 2932/2/5 2907/2/5 2906/2/5
f 2932/2/5 2906/2/5 2905/2/5
f 2932/2/5 2905/2/5 2904/2/5
f 2932/2/5 2904/2/5 2903/2/5
f 2932/2/5 2903/2/5 2902/2/5
f 2932/2/5 2902/2/5 2901/2/5
f 2932/2/5 2901/2/5 2900/2/5
f 2932/2/5 2900/2/5 2899/2/5
f 2932/2/5 2899/2/5 2898/2/5
f 2932/2/5 2898/2/5 2897/2/5
f 2932/2/5 2897/2/5 2896/2/5
f 2932/2/5 2896/2/5 2895/2/5
f 2933/2/5 2931/2/5 2932/2/5
f 2934/2/5 2931/2/5 2933/2/5
f 2935/2/5 2931/2/5 2934/2/5
f 2936/2/5 2934/2/5 2933/2/5
f 2937/2/5 2936/2/5 2933/2/5
f 2938/2/5 2937/2/5 2933/2/5
f 2939/2/5 2938/2/5 2933/2/5
f 2940/2/5 2939/2/5 2933/2/5
f 2941/2/5 2940/2/5 2933/2/5
f 2942/2/5 2941/2/5 2933/2/5
f 2943/2/5 2942/2/5 2933/2/5
f 2944/2/5 2943/2/5 2933/2/5
f 2945/2/5 2944/2/5 2933/2/5
f 2946/2/5 2945/2/5 2933/2/5
f 2947/2/5 2946/2/5 2933/2/5
f 2948/2/5 2947/2/5 2933/2/5
f 2949/2/5 2948/2/5 2933/2/5
f 2950/2/5 2949/2/5 2933/2/5
f 2951/2/5 2950/2/5 2933/2/5
f 2952/2/5 2951/2/5 2933/2/5
f 2953/2/5 2952/2/5 2933/2/5
f 2954/2/5 2953/2/5 2933/2/5
f 2955/2/5 2954/2/5 2933/2/5
f 2956/2/5 2955/2/5 2933/2/5
f 2958/2/5 2956/2/5 2933/2/5
f 2959/2/5 2956/2/5 2958/2/5
f 2961/2/5 2959/2/5 2958/2/5
f 2961/2/5 2960/2/5 2959/2/5
f 2961/2/5 2958/2/5 2957/2/5
f 2962/2/5 2960/2/5 2961/2/5
f 2963/2/5 2960/2/5 2962/2/5
f 2964/2/5 2960/2/5 2963/2/5
f 2965/2/5 2960/2/5 2964/2/5
f 2966/2/5 2960/2/5 2965/2/5
f 2967/2/5 2960/2/5 2966/2/5
f 2968/2/5 2960/2/5 2967/2/5
f 2969/2/5 2960/2/5 2968/2/5
f 2970/2/5 2960/2/5 2969/2/5
f 2971/2/5 2960/2/5 2970/2/5
f 2972/2/5 2960/2/5 2971/2/5
f 2973/2/5 2960/2/5 2972/2/5
f 2974/2/5 2960/2/5 2973/2/5
f 2975/2/5 2960/2/5 2974/2/5
f 2976/2/5 2960/2/5 2975/2/5
f 2977/2/5 2960/2/5 2976/2/5
f 2978/2/5 2960/2/5 2977/2/5
f 2979/2/5 2960/2/5 2978/2/5
f 2980/2/5 2960/2/5 2979/2/5
f 2981/2/5 2960/2/5 2980/2/5
f 2982/2/5 2960/2/5 2981/2/5
f 2983/2/5 2960/2/5 2982/2/5
f 2984/2/5 2960/2/5 2983/2/5
f 2985/2/5 2960/2/5 2984/2/5
f 2986/2/5 2960/2/5 2985/2/5
f 2987/2/5 2960/2/5 2986/2/5
f 2988/2/5 2960/2/5 2987/2/5
f 2989/2/5 2960/2/5 2988/2/5
f 2990/2/5 2960/2/5 2989/2/5
f 2991/2/5 2960/2/5 2990/2/5
f 2992/2/5 2960/2/5 2991/2/5
f 2993/2/5 2960/2/5 2992/2/5
f 2994/2/5 2960/2/5 2993/2/5
f 2995/2/5 2960/2/5 2994/2/5
f 2996/2/5 2960/2/5 2995/2/5
f 2997/2/5 2960/2/5 2996/2/5
f 2998/2/5 2960/2/5 2997/2/5
f 2999/2/5 2997/2/5 2996/2/5
f 3000/2/5 2997/2/5 2999/2/5
f 3038/2/5 3002/2/5 3001/2/5
f 3039/2/5 3002/2/5 3038/2/5
f 3041/2/5 3037/2/5 3036/2/5
f 3041/2/5 3040/2/5 3039/2/5
f 3041/2/5 3039/2/5 3038/2/5
f 3041/2/5 3038/2/5 3037/2/5
f 3041/2/5 3004/2/5 3003/2/5
f 3041/2/5 3036/2/5 3035/2/5
f 3041/2/5 3035/2/5 3034/2/5
f 3041/2/5 3034/2/5 3033/2/5
f 3041/2/5 3033/2/5 3032/2/5
f 3041/2/5 3032/2/5 3031/2/5
f 3041/2/5 3031/2/5 3030/2/5
f 3041/2/5 3030/2/5 3029/2/5
f 3041/2/5 3029/2/5 3028/2/5
f 3041/2/5 3028/2/5 3027/2/5
f 3041/2/5 3027/2/5 3026/2/5
f 3041/2/5 3026/2/5 3025/2/5
f 3041/2/5 3025/2/5 3024/2/5
f 3041/2/5 3024/2/5 3023/2/5
f 3041/2/5 3023/2/5 3022/2/5
f 3041/2/5 3022/2/5 3021/2/5
f 3041/2/5 3021/2/5 3020/2/5
f 3041/2/5 3020/2/5 3019/2/5
f 3041/2/5 3019/2/5 3018/2/5
f 3041/2/5 3018/2/5 3017/2/5
f 3041/2/5 3017/2/5 3016/2/5
f 3041/2/5 3016/2/5 3015/2/5
f 3041/2/5 3015/2/5 3014/2/5
f 3041/2/5 3014/2/5 3013/2/5
f 3041/2/5 3013/2/5 3012/2/5
f 3041/2/5 3012/2/5 3011/2/5
f 3041/2/5 3011/2/5 3010/2/5
f 3041/2/5 3010/2/5 3009/2/5
f 3041/2/5 3009/2/5 3008/2/5
f 3041/2/5 3008/2/5 3007/2/5
f 3041/2/5 3007/2/5 3006/2/5
f 3041/2/5 3006/2/5 3005/2/5
f 3041/2/5 3005/2/5 3004/2/5
f 3042/2/5 3040/2/5 3041/2/5
f 3043/2/5 3040/2/5 3042/2/5
f 3044/2/5 3040/2/5 3043/2/5
f 3045/2/5 3043/2/5 3042/2/5
f 3046/2/5 3045/2/5 3042/2/5
f 3047/2/5 3046/2/5 3042/2/5
f 3048/2/5 3047/2/5 3042/2/5
f 3049/2/5 3048/2/5 3042/2/5
f 3050/2/5 3049/2/5 3042/2/5
f 3051/2/5 3050/2/5 3042/2/5
f 3052/2/5 3051/2/5 3042/2/5
f 3053/2/5 3052/2/5 3042/2/5
f 3054/2/5 3053/2/5 3042/2/5
f 3055/2/5 3054/2/5 3042/2/5
f 3056/2/5 3055/2/5 3042/2/5
f 3057/2/5 3056/2/5 3042/2/5
f 3058/2/5 3057/2/5 3042/2/5
f 3059/2/5 3058/2/5 3042/2/5
f 3060/2/5 3059/2/5 3042/2/5
f 3061/2/5 3060/2/5 3042/2/5
f 3062/2/5 3061/2/5 3042/2/5
f 3063/2/5 3062/2/5 3042/2/5
f 3064/2/5 3063/2/5 3042/2/5
f 3065/2/5 3064/2/5 3042/2/5
f 3067/2/5 3065/2/5 3042/2/5
f 3068/2/5 3065/2/5 3067/2/5
f 3070/2/5 3068/2/5 3067/2/5
f 3070/2/5 3069/2/5 3068/2/5
f 3070/2/5 3067/2/5 3066/2/5
f 3071/2/5 3069/2/5 3070/2/5
f 3072/2/5 3069/2/5 3071/2/5
f 3073/2/5 3069/2/5 3072/2/5
f 3074/2/5 3069/2/5 3073/2/5
f 3075/2/5 3069/2/5 3074/2/5
f 3076/2/5 3069/2/5 3075/2/5
f 3077/2/5 3069/2/5 3076/2/5
f 3078/2/5 3069/2/5 3077/2/5
f 3079/2/5 3069/2/5 3078/2/5
f 3080/2/5 3069/2/5 3079/2/5
f 3081/2/5 3069/2/5 3080/2/5
f 3082/2/5 3069/2/5 3081/2/5
f 3083/2/5 3069/2/5 3082/2/5
f 3084/2/5 3069/2/5 3083/2/5
f 3085/2/5 3069/2/5 3084/2/5
f 3086/2/5 3069/2/5 3085/2/5
f 3087/2/5 3069/2/5 3086/2/5
f 3088/2/5 3069/2/5 3087/2/5
f 3089/2/5 3069/2/5 3088/2/5
f 3090/2/5 3069/2/5 3089/2/5
f 3091/2/5 3069/2/5 3090/2/5
f 3092/2/5 3069/2/5 3091/2/5
f 3093/2/5 3069/2/5 3092/2/5
f 3094/2/5 3069/2/5 3093/2/5
f 3095/2/5 3069/2/5 3094/2/5
f 3096/2/5 3069/2/5 3095/2/5
f 3097/2/5 3069/2/5 3096/2/5
f 3098/2/5 3069/2/5 3097/2/5
f 3099/2/5 3069/2/5 3098/2/5
f 3100/2/5 3069/2/5 3099/2/5
f 3101/2/5 3069/2/5 3100/2/5
f 3102/2/5 3069/2/5 3101/2/5
f 3103/2/5 3069/2/5 3102/2/5
f 3104/2/5 3069/2/5 3103/2/5
f 3105/2/5 3069/2/5 3104/2/5
f 3106/2/5 3069/2/5 3105/2/5
f 3107/2/5 3069/2/5 3106/2/5
f 3108/2/5 3106/2/5 3105/2/5
f 3109/2/5 3106/2/5 3108/2/5
f 3110/2/6 3111/2/6 3147/2/6
f 3147/2/6 3111/2/6 3148/2/6
f 3145/2/6 3146/2/6 3150/2/6
f 3148/2/6 3149/2/6 3150/2/6
f 3147/2/6 3148/2/6 3150/2/6
f 3146/2/6 3147/2/6 3150/2/6
f 3112/2/6 3113/2/6 3150/2/6
f 3144/2/6 3145/2/6 3150/2/6
f 3143/2/6 3144/2/6 3150/2/6
f 3142/2/6 3143/2/6 3150/2/6
f 3141/2/6 3142/2/6 3150/2/6
f 3140/2/6 3141/2/6 3150/2/6
f 3139/2/6 3140/2/6 3150/2/6
f 3138/2/6 3139/2/6 3150/2/6
f 3137/2/6 3138/2/6 3150/2/6
f 3136/2/6 3137/2/6 3150/2/6
f 3135/2/6 3136/2/6 3150/2/6
f 3134/2/6 3135/2/6 3150/2/6
f 3133/2/6 3134/2/6 3150/2/6
f 3132/2/6 3133/2/6 3150/2/6
f 3131/2/6 3132/2/6 3150/2/6
f 3130/2/6 3131/2/6 3150/2/6
f 3129/2/6 3130/2/6 3150/2/6
f 3128/2/6 3129/2/6 3150/2/6
f 3127/2/6 3128/2/6 3150/2/6
f 3126/2/6 3127/2/6 3150/2/6
f 3125/2/6 3126/2/6 3150/2/6
f 3124/2/6 3125/2/6 3150/2/6
f 3123/2/6 3124/2/6 3150/2/6
f 3122/2/6 3123/2/6 3150/2/6
f 3121/2/6 3122/2/6 3150/2/6
f 3120/2/6 3121/2/6 3150/2/6
f 3119/2/6 3120/2/6 3150/2/6
f 3118/2/6 3119/2/6 3150/2/6
f 3117/2/6 3118/2/6 3150/2/6
f 3116/2/6 3117/2/6 3150/2/6
f 3115/2/6 3116/2/6 3150/2/6
f 3114/2/6 3115/2/6 3150/2/6
f 3113/2/6 3114/2/6 3150/2/6
f 3150/2/6 3149/2/6 3151/2/6
f 3151/2/6 3149/2/6 3152/2/6
f 3152/2/6 3149/2/6 3153/2/6
f 3151/2/6 3152/2/6 3154/2/6
f 3151/2/6 3154/2/6 3155/2/6
f 3151/2/6 3155/2/6 3156/2/6
f 3151/2/6 3156/2/6 3157/2/6
f 3151/2/6 3157/2/6 3158/2/6
f 3151/2/6 3158/2/6 3159/2/6
f 3151/2/6 3159/2/6 3160/2/6
f 3151/2/6 3160/2/6 3161/2/6
f 3151/2/6 3161/2/6 3162/2/6
f 3151/2/6 3162/2/6 3163/2/6
f 3151/2/6 3163/2/6 3164/2/6
f 3151/2/6 3164/2/6 3165/2/6
f 3151/2/6 3165/2/6 3166/2/6
f 3151/2/6 3166/2/6 3167/2/6
f 3151/2/6 3167/2/6 3168/2/6
f 3151/2/6 3168/2/6 3169/2/6
f 3151/2/6 3169/2/6 3170/2/6
f 3151/2/6 3170/2/6 3171/2/6
f 3151/2/6 3171/2/6 3172/2/6
f 3151/2/6 3172/2/6 3173/2/6
f 3151/2/6 3173/2/6 3174/2/6
f 3151/2/6 3174/2/6 3176/2/6
f 3176/2/6 3174/2/6 3177/2/6
f 3176/2/6 3177/2/6 3179/2/6
f 3177/2/6 3178/2/6 3179/2/6
f 3175/2/6 3176/2/6 3179/2/6
f 3179/2/6 3178/2/6 3180/2/6
f 3180/2/6 3178/2/6 3181/2/6
f 3181/2/6 3178/2/6 3182/2/6
f 3182/2/6 3178/2/6 3183/2/6
f 3183/2/6 3178/2/6 3184/2/6
f 3184/2/6 3178/2/6 3185/2/6
f 3185/2/6 3178/2/6 3186/2/6
f 3186/2/6 3178/2/6 3187/2/6
f 3187/2/6 3178/2/6 3188/2/6
f 3188/2/6 3178/2/6 3189/2/6
f 3189/2/6 3178/2/6 3190/2/6
f 3190/2/6 3178/2/6 3191/2/6
f 3191/2/6 3178/2/6 3192/2/6
f 3192/2/6 3178/2/6 3193/2/6
f 3193/2/6 3178/2/6 3194/2/6
f 3194/2/6 3178/2/6 3195/2/6
f 3195/2/6 3178/2/6 3196/2/6
f 3196/2/6 3178/2/6 3197/2/6
f 3197/2/6 3178/2/6 3198/2/6
f 3198/2/6 3178/2/6 3199/2/6
f 3199/2/6 3178/2/6 3200/2/6
f 3200/2/6 3178/2/6 3201/2/6
f 3201/2/6 3178/2/6 3202/2/6
f 3202/2/6 3178/2/6 3203/2/6
f 3203/2/6 3178/2/6 3204/2/6
f 3204/2/6 3178/2/6 3205/2/6
f 3205/2/6 3178/2/6 3206/2/6
f 3206/2/6 3178/2/6 3207/2/6
f 3207/2/6 3178/2/6 3208/2/6
f 3208/2/6 3178/2/6 3209/2/6
f 3209/2/6 3178/2/6 3210/2/6
f 3210/2/6 3178/2/6 3211/2/6
f 3211/2/6 3178/2/6 3212/2/6
f 3212/2/6 3178/2/6 3213/2/6
f 3213/2/6 3178/2/6 3214/2/6
f 3214/2/6 3178/2/6 3215/2/6
f 3215/2/6 3178/2/6 3216/2/6
f 3214/2/6 3215/2/6 3217/2/6
f 3217/2/6 3215/2/6 3218/2/6
f 3219/2/6 3220/2/6 3256/2/6
f 3256/2/6 3220/2/6 3257/2/6
f 3254/2/6 3255/2/6 3259/2/6
f 3257/2/6 3258/2/6 3259/2/6
f 3256/2/6 3257/2/6 3259/2/6
f 3255/2/6 3256/2/6 3259/2/6
f 3221/2/6 3222/2/6 3259/2/6
f 3253/2/6 3254/2/6 3259/2/6
f 3252/2/6 3253/2/6 3259/2/6
f 3251/2/6 3252/2/6 3259/2/6
f 3250/2/6 3251/2/6 3259/2/6
f 3249/2/6 3250/2/6 3259/2/6
f 3248/2/6 3249/2/6 3259/2/6
f 3247/2/6 3248/2/6 3259/2/6
f 3246/2/6 3247/2/6 3259/2/6
f 3245/2/6 3246/2/6 3259/2/6
f 3244/2/6 3245/2/6 3259/2/6
f 3243/2/6 3244/2/6 3259/2/6
f 3242/2/6 3243/2/6 3259/2/6
f 3241/2/6 3242/2/6 3259/2/6
f 3240/2/6 3241/2/6 3259/2/6
f 3239/2/6 3240/2/6 3259/2/6
f 3238/2/6 3239/2/6 3259/2/6
f 3237/2/6 3238/2/6 3259/2/6
f 3236/2/6 3237/2/6 3259/2/6
f 3235/2/6 3236/2/6 3259/2/6
f 3234/2/6 3235/2/6 3259/2/6
f 3233/2/6 3234/2/6 3259/2/6
f 3232/2/6 3233/2/6 3259/2/6
f 3231/2/6 3232/2/6 3259/2/6
f 3230/2/6 3231/2/6 3259/2/6
f 3229/2/6 3230/2/6 3259/2/6
f 3228/2/6 3229/2/6 3259/2/6
f 3227/2/6 3228/2/6 3259/2/6
f 3226/2/6 3227/2/6 3259/2/6
f 3225/2/6 3226/2/6 3259/2/6
f 3224/2/6 3225/2/6 3259/2/6
f 3223/2/6 3224/2/6 3259/2/6
f 3222/2/6 3223/2/6 3259/2/6
f 3259/2/6 3258/2/6 3260/2/6
f 3260/2/6 3258/2/6 3261/2/6
f 3261/2/6 3258/2/6 3262/2/6
f 3260/2/6 3261/2/6 3263/2/6
f 3260/2/6 3263/2/6 3264/2/6
f 3260/2/6 3264/2/6 3265/2/6
f 3260/2/6 3265/2/6 3266/2/6
f 3260/2/6 3266/2/6 3267/2/6
f 3260/2/6 3267/2/6 3268/2/6
f 3260/2/6 3268/2/6 3269/2/6
f 3260/2/6 3269/2/6 3270/2/6
f 3260/2/6 3270/2/6 3271/2/6
f 3260/2/6 3271/2/6 3272/2/6
f 3260/2/6 3272/2/6 3273/2/6
f 3260/2/6 3273/2/6 3274/2/6
f 3260/2/6 3274/2/6 3275/2/6
f 3260/2/6 3275/2/6 3276/2/6
f 3260/2/6 3276/2/6 3277/2/6
f 3260/2/6 3277/2/6 3278/2/6
f 3260/2/6 3278/2/6 3279/2/6
f 3260/2/6 3279/2/6 3280/2/6
f 3260/2/6 3280/2/6 3281/2/6
f 3260/2/6 3281/2/6 3282/2/6
f 3260/2/6 3282/2/6 3283/2/6
f 3260/2/6 3283/2/6 3285/2/6
f 3285/2/6 3283/2/6 3286/2/6
f 3285/2/6 3286/2/6 3288/2/6
f 3286/2/6 3287/2/6 3288/2/6
f 3284/2/6 3285/2/6 3288/2/6
f 3288/2/6 3287/2/6 3289/2/6
f 3289/2/6 3287/2/6 3290/2/6
f 3290/2/6 3287/2/6 3291/2/6
f 3291/2/6 3287/2/6 3292/2/6
f 3292/2/6 3287/2/6 3293/2/6
f 3293/2/6 3287/2/6 3294/2/6
f 3294/2/6 3287/2/6 3295/2/6
f 3295/2/6 3287/2/6 3296/2/6
f 3296/2/6 3287/2/6 3297/2/6
f 3297/2/6 3287/2/6 3298/2/6
f 3298/2/6 3287/2/6 3299/2/6
f 3299/2/6 3287/2/6 3300/2/6
f 3300/2/6 3287/2/6 3301/2/6
f 3301/2/6 3287/2/6 3302/2/6
f 3302/2/6 3287/2/6 3303/2/6
f 3303/2/6 3287/2/6 3304/2/6
f 3304/2/6 3287/2/6 3305/2/6
f 3305/2/6 3287/2/6 3306/2/6
f 3306/2/6 3287/2/6 3307/2/6
f 3307/2/6 3287/2/6 3308/2/6
f 3308/2/6 3287/2/6 3309/2/6
f 3309/2/6 3287/2/6 3310/2/6
f 3310/2/6 3287/2/6 3311/2/6
f 3311/2/6 3287/2/6 3312/2/6
f 3312/2/6 3287/2/6 3313/2/6
f 3313/2/6 3287/2/6 3314/2/6
f 3314/2/6 3287/2/6 3315/2/6
f 3315/2/6 3287/2/6 3316/2/6
f 3316/2/6 3287/2/6 3317/2/6
f 3317/2/6 3287/2/6 3318/2/6
f 3318/2/6 3287/2/6 3319/2/6
f 3319/2/6 3287/2/6 3320/2/6
f 3320/2/6 3287/2/6 3321/2/6
f 3321/2/6 3287/2/6 3322/2/6
f 3322/2/6 3287/2/6 3323/2/6
f 3323/2/6 3287/2/6 3324/2/6
f 3324/2/6 3287/2/6 3325/2/6
f 3323/2/6 3324/2/6 3326/2/6
f 3326/2/6 3324/2/6 3327/2/6
f 3328/2/6 3329/2/6 3365/2/6
f 3365/2/6 3329/2/6 3366/2/6
f 3363/2/6 3364/2/6 3368/2/6
f 3366/2/6 3367/2/6 3368/2/6
f 3365/2/6 3366/2/6 3368/2/6
f 3364/2/6 3365/2/6 3368/2/6
f 3330/2/6 3331/2/6 3368/2/6
f 3362/2/6 3363/2/6 3368/2/6
f 3361/2/6 3362/2/6 3368/2/6
f 3360/2/6 3361/2/6 3368/2/6
f 3359/2/6 3360/2/6 3368/2/6
f 3358/2/6 3359/2/6 3368/2/6
f 3357/2/6 3358/2/6 3368/2/6
f 3356/2/6 3357/2/6 3368/2/6
f 3355/2/6 3356/2/6 3368/2/6
f 3354/2/6 3355/2/6 3368/2/6
f 3353/2/6 3354/2/6 3368/2/6
f 3352/2/6 3353/2/6 3368/2/6
f 3351/2/6 3352/2/6 3368/2/6
f 3350/2/6 3351/2/6 3368/2/6
f 3349/2/6 3350/2/6 3368/2/6
f 3348/2/6 3349/2/6 3368/2/6
f 3347/2/6 3348/2/6 3368/2/6
f 3346/2/6 3347/2/6 3368/2/6
f 3345/2/6 3346/2/6 3368/2/6
f 3344/2/6 3345/2/6 3368/2/6
f 3343/2/6 3344/2/6 3368/2/6
f 3342/2/6 3343/2/6 3368/2/6
f 3341/2/6 3342/2/6 3368/2/6
f 3340/2/6 3341/2/6 3368/2/6
f 3339/2/6 3340/2/6 3368/2/6
f 3338/2/6 3339/2/6 3368/2/6
f 3337/2/6 3338/2/6 3368/2/6
f 3336/2/6 3337/2/6 3368/2/6
f 3335/2/6 3336/2/6 3368/2/6
f 3334/2/6 3335/2/6 3368/2/6
f 3333/2/6 3334/2/6 3368/2/6
f 3332/2/6 3333/2/6 3368/2/6
f 3331/2/6 3332/2/6 3368/2/6
f 3368/2/6 3367/2/6 3369/2/6
f 3369/2/6 3367/2/6 3370/2/6
f 3370/2/6 3367/2/6 3371/2/6
f 3369/2/6 3370/2/6 3372/2/6
f 3369/2/6 3372/2/6 3373/2/6
f 3369/2/6 3373/2/6 3374/2/6
f 3369/2/6 3374/2/6 3375/2/6
f 3369/2/6 3375/2/6 3376/2/6
f 3369/2/6 3376/2/6 3377/2/6
f 3369/2/6 3377/2/6 3378/2/6
f 3369/2/6 3378/2/6 3379/2/6
f 3369/2/6 3379/2/6 3380/2/6
f 3369/2/6 3380/2/6 3381/2/6
f 3369/2/6 3381/2/6 3382/2/6
f 3369/2/6 3382/2/6 3383/2/6
f 3369/2/6 3383/2/6 3384/2/6
f 3369/2/6 3384/2/6 3385/2/6
f 3369/2/6 3385/2/6 3386/2/6
f 3369/2/6 3386/2/6 3387/2/6
f 3369/2/6 3387/2/6 3388/2/6
f 3369/2/6 3388/2/6 3389/2/6
f 3369/2/6 3389/2/6 3390/2/6
f 3369/2/6 3390/2/6 3391/2/6
f 3369/2/6 3391/2/6 3392/2/6
f 3369/2/6 3392/2/6 3394/2/6
f 3394/2/6 3392/2/6 3395/2/6
f 3394/2/6 3395/2/6 3397/2/6
f 3395/2/6 3396/2/6 3397/2/6
f 3393/2/6 3394/2/6 3397/2/6
f 3397/2/6 3396/2/6 3398/2/6
f 3398/2/6 3396/2/6 3399/2/6
f 3399/2/6 3396/2/6 3400/2/6
f 3400/2/6 3396/2/6 3401/2/6
f 3401/2/6 3396/2/6 3402/2/6
f 3402/2/6 3396/2/6 3403/2/6
f 3403/2/6 3396/2/6 3404/2/6
f 3404/2/6 3396/2/6 3405/2/6
f 3405/2/6 3396/2/6 3406/2/6
f 3406/2/6 3396/2/6 3407/2/6
f 3407/2/6 3396/2/6 3408/2/6
f 3408/2/6 3396/2/6 3409/2/6
f 3409/2/6 3396/2/6 3410/2/6
f 3410/2/6 3396/2/6 3411/2/6
f 3411/2/6 3396/2/6 3412/2/6
f 3412/2/6 3396/2/6 3413/2/6
f 3413/2/6 3396/2/6 3414/2/6
f 3414/2/6 3396/2/6 3415/2/6
f 3415/2/6 3396/2/6 3416/2/6
f 3416/2/6 3396/2/6 3417/2/6
f 3417/2/6 3396/2/6 3418/2/6
f 3418/2/6 3396/2/6 3419/2/6
f 3419/2/6 3396/2/6 3420/2/6
f 3420/2/6 3396/2/6 3421/2/6
f 3421/2/6 3396/2/6 3422/2/6
f 3422/2/6 3396/2/6 3423/2/6
f 3423/2/6 3396/2/6 3424/2/6
f 3424/2/6 3396/2/6 3425/2/6
f 3425/2/6 3396/2/6 3426/2/6
f 3426/2/6 3396/2/6 3427/2/6
f 3427/2/6 3396/2/6 3428/2/6
f 3428/2/6 3396/2/6 3429/2/6
f 3429/2/6 3396/2/6 3430/2/6
f 3430/2/6 3396/2/6 3431/2/6
f 3431/2/6 3396/2/6 3432/2/6
f 3432/2/6 3396/2/6 3433/2/6
f 3433/2/6 3396/2/6 3434/2/6
f 3432/2/6 3433/2/6 3435/2/6
f 3435/2/6 3433/2/6 3436/2/6
f 3437/1/6 3438/1/6 3473/1/6
f 3473/1/6 3438/1/6 3474/1/6
f 3439/1/6 3440/1/6 3475/1/6
f 3475/1/6 3440/1/6 3476/1/6
f 3441/1/6 3442/1/6 3477/1/6
f 3477/1/6 3442/1/6 3478/1/6
f 3443/1/6 3444/1/6 3479/1/6
f 3479/1/6 3444/1/6 3480/1/6
f 3445/1/6 3446/1/6 3481/1/6
f 3481/1/6 3446/1/6 3482/1/6
f 3447/1/6 3448/1/6 3483/1/6
f 3483/1/6 3448/1/6 3484/1/6
f 3449/1/6 3450/1/6 3485/1/6
f 3485/1/6 3450/1/6 3486/1/6
f 3451/1/6 3452/1/6 3487/1/6
f 3487/1/6 3452/1/6 3488/1/6
f 3453/1/6 3454/1/6 3489/1/6
f 3489/1/6 3454/1/6 3490/1/6
f 3455/1/6 3456/1/6 3491/1/6
f 3491/1/6 3456/1/6 3492/1/6
f 3457/1/6 3458/1/6 3493/1/6
f 3493/1/6 3458/1/6 3494/1/6
f 3459/1/6 3460/1/6 3495/1/6
f 3495/1/6 3460/1/6 3496/1/6
f 3461/1/6 3462/1/6 3497/1/6
f 3497/1/6 3462/1/6 3498/1/6
f 3463/1/6 3464/1/6 3499/1/6
f 3499/1/6 3464/1/6 3500/1/6
f 3465/1/6 3466/1/6 3501/1/6
f 3501/1/6 3466/1/6 3502/1/6
f 3467/1/6 3468/1/6 3503/1/6
f 3503/1/6 3468/1/6 3504/1/6
f 3469/1/6 3470/1/6 3505/1/6
f 3505/1/6 3470/1/6 3506/1/6
f 3471/1/6 3472/1/6 3507/1/6
f 3507/1/6 3472/1/6 3508/1/6
f 3509/1/6 3510/1/6 3511/1/6
f 3511/1/6 3510/1/6 3512/1/6
f 3513/1/6 3514/1/6 3515/1/6
f 3515/1/6 3514/1/6 3516/1/6
f 3517/1/6 3518/1/6 3519/1/6
f 3519/1/6 3518/1/6 3520/1/6
f 3521/1/6 3522/1/6 3523/1/6
f 3523/1/6 3522/1/6 3524/1/6
f 3525/1/6 3526/1/6 3527/1/6
f 3527/1/6 3526/1/6 3528/1/6
f 3529/1/6 3530/1/6 3531/1/6
f 3531/1/6 3530/1/6 3532/1/6
f 3533/1/6 3534/1/6 3535/1/6
f 3535/1/6 3534/1/6 3536/1/6
f 3537/1/6 3538/1/6 3539/1/6
f 3539/1/6 3538/1/6 3540/1/6
f 3541/1/6 3542/1/6 3543/1/6
f 3543/1/6 3542/1/6 3544/1/6
f 3545/1/6 3546/1/6 3547/1/6
f 3547/1/6 3546/1/6 3548/1/6
f 3549/1/6 3550/1/6 3551/1/6
f 3551/1/6 3550/1/6 3552/1/6
f 3553/1/6 3554/1/6 3589/1/6
f 3589/1/6 3554/1/6 3590/1/6
f 3555/1/6 3556/1/6 3591/1/6
f 3591/1/6 3556/1/6 3592/1/6
f 3557/1/6 3558/1/6 3593/1/6
f 3593/1/6 3558/1/6 3594/1/6
f 3559/1/6 3560/1/6 3595/1/6
f 3595/1/6 3560/1/6 3596/1/6
f 3561/1/6 3562/1/6 3597/1/6
f 3597/1/6 3562/1/6 3598/1/6
f 3563/1/6 3564/1/6 3599/1/6
f 3599/1/6 3564/1/6 3600/1/6
f 3565/1/6 3566/1/6 3601/1/6
f 3601/1/6 3566/1/6 3602/1/6
f 3567/1/6 3568/1/6 3603/1/6
f 3603/1/6 3568/1/6 3604/1/6
f 3569/1/6 3570/1/6 3605/1/6
f 3605/1/6 3570/1/6 3606/1/6
f 3571/1/6 3572/1/6 3607/1/6
f 3607/1/6 3572/1/6 3608/1/6
f 3573/1/6 3574/1/6 3609/1/6
f 3609/1/6 3574/1/6 3610/1/6
f 3575/1/6 3576/1/6 3611/1/6
f 3611/1/6 3576/1/6 3612/1/6
f 3577/1/6 3578/1/6 3613/1/6
f 3613/1/6 3578/1/6 3614/1/6
f 3579/1/6 3580/1/6 3615/1/6
f 3615/1/6 3580/1/6 3616/1/6
f 3581/1/6 3582/1/6 3617/1/6
f 3617/1/6 3582/1/6 3618/1/6
f 3583/1/6 3584/1/6 3619/1/6
f 3619/1/6 3584/1/6 3620/1/6
f 3585/1/6 3586/1/6 3621/1/6
f 3621/1/6 3586/1/6 3622/1/6
f 3587/1/6 3588/1/6 3623/1/6
f 3623/1/6 3588/1/6 3624/1/6
